customer_id,customer_name,email,country,signup_date,customer_segment,lifetime_value
1,Danielle Johnson,danielle.johnson@outlook.com,India,2022-07-11,Standard,434.67
2,Joshua Walker,joshua.walker@hotmail.com,Netherlands,2023-07-06,Standard,334.67
3,Jill Rhodes,jill.rhodes@outlook.com,USA,2024-03-07,Standard,423.27
4,Patricia Miller,patricia.miller@gmail.com,UK,2025-05-27,Standard,331.9
5,Robert Johnson,robert.johnson@gmail.com,France,2023-11-05,Basic,53.15
6,Jeffery Wagner,jeffery.wagner@gmail.com,UK,2021-04-11,Standard,206.16
7,Anthony Gonzalez,anthony.gonzalez@protonmail.com,Canada,2023-07-26,Standard,216.48
8,Debra Gardner,debra.gardner@outlook.com,UK,2024-05-03,Premium,1556.62
9,Jeffrey Lawrence,jeffrey.lawrence@icloud.com,USA,2024-06-12,Basic,51.95
10,Lisa Smith,lisa.smith@gmail.com,Canada,2025-07-11,Standard,337.14
11,Linda Wolfe,linda.wolfe@gmail.com,USA,2025-08-03,Standard,246.9
12,Matthew Moore,matthew.moore@hotmail.com,USA,2024-11-25,Basic,56.05
13,Susan Rogers,susan.rogers@yahoo.com,Germany,2025-10-31,Standard,322.95
14,Christopher Davis,christopher.davis@yahoo.com,Canada,2022-05-16,Premium,3823.92
15,Melanie Munoz,melanie.munoz@protonmail.com,Mexico,2024-03-05,Standard,487.87
16,Lindsay Blair,lindsay.blair@gmail.com,USA,2024-07-28,Standard,141.67
17,Amanda Dudley,amanda.dudley@icloud.com,USA,2024-06-03,Basic,74.13
18,Nicholas Arnold,nicholas.arnold@gmail.com,Netherlands,2024-01-25,Standard,204.55
19,Maria Montgomery,maria.montgomery@yahoo.com,USA,2022-12-04,Standard,242.48
20,Michelle Ray,michelle.ray@hotmail.com,USA,2025-02-28,Standard,139.35
21,Janet Williams,janet.williams@outlook.com,USA,2025-08-14,Standard,323.25
22,Jeremy Roberts,jeremy.roberts@gmail.com,UK,2025-08-25,Premium,4811.17
23,Christopher Hall,christopher.hall@yahoo.com,Mexico,2023-01-22,Basic,27.79
24,Craig Ramirez,craig.ramirez@yahoo.com,Canada,2025-03-27,Premium,2421.9
25,Cynthia Diaz,cynthia.diaz@protonmail.com,India,2025-02-14,Basic,46.89
26,Mitchell Clark,mitchell.clark@hotmail.com,USA,2024-10-25,Basic,24.73
27,Joseph Zuniga,joseph.zuniga@yahoo.com,USA,2023-12-01,Premium,4600.64
28,Deborah Lynch,deborah.lynch@icloud.com,UK,2025-07-07,Basic,87.41
29,George Daniel,george.daniel@gmail.com,USA,2024-09-17,Basic,42.11
30,Frank Gray,frank.gray@gmail.com,USA,2024-07-24,Standard,146.65
31,Veronica Bowman,veronica.bowman@yahoo.com,USA,2025-06-30,Standard,431.99
32,Angela Cohen,angela.cohen@outlook.com,USA,2022-08-02,Premium,2219.14
33,Megan Parsons,megan.parsons@icloud.com,Germany,2024-08-30,Premium,4895.85
34,Jeremy Johnson,jeremy.johnson@outlook.com,India,2023-01-25,Basic,39.73
35,Leslie Adams,leslie.adams@gmail.com,USA,2023-02-26,Premium,4806.26
36,Jason Hahn,jason.hahn@outlook.com,UK,2023-07-19,Standard,151.87
37,Nancy Edwards,nancy.edwards@icloud.com,Australia,2023-08-12,Standard,300.17
38,Diana Foster,diana.foster@hotmail.com,Canada,2023-01-22,Premium,4390.32
39,Robin Ellis,robin.ellis@outlook.com,France,2020-09-16,Basic,10.47
40,Joseph Wright,joseph.wright@protonmail.com,UK,2020-12-17,Basic,24.33
41,Anna Baker,anna.baker@protonmail.com,France,2024-01-01,Basic,48.45
42,Brenda Hurst,brenda.hurst@icloud.com,USA,2022-02-21,Premium,3065.67
43,Reginald Robinson,reginald.robinson@yahoo.com,USA,2020-04-23,Standard,174.07
44,Whitney Hicks,whitney.hicks@yahoo.com,USA,2021-12-26,Basic,39.95
45,Christopher Williams,christopher.williams@hotmail.com,UK,2022-06-01,Standard,217.7
46,Daniel Burton,daniel.burton@gmail.com,USA,2020-11-02,Standard,178.71
47,Laura Henderson,laura.henderson@hotmail.com,USA,2025-02-16,Standard,452.58
48,Bryan James,bryan.james@outlook.com,Canada,2024-03-08,Standard,443.18
49,Wendy Rice,wendy.rice@outlook.com,USA,2023-07-31,Standard,429.35
50,Tasha Valencia,tasha.valencia@hotmail.com,USA,2024-01-26,Standard,485.45
51,Alexander Le,alexander.le@gmail.com,USA,2021-04-20,Premium,763.82
52,Erin Herrera,erin.herrera@icloud.com,UK,2024-10-06,Basic,26.06
53,Joseph Davidson,joseph.davidson@yahoo.com,USA,2025-05-09,Standard,337.86
54,Daniel Graham,daniel.graham@outlook.com,USA,2021-01-26,Premium,1408.7
55,Shawn Mckay,shawn.mckay@yahoo.com,USA,2021-06-28,Basic,47.97
56,Nancy Baker,nancy.baker@yahoo.com,Canada,2024-07-23,Standard,391.45
57,Vincent White,vincent.white@gmail.com,Italy,2021-05-09,Standard,261.76
58,Rita Harrell,rita.harrell@icloud.com,UK,2021-04-10,Basic,40.57
59,Kenneth Fowler,kenneth.fowler@yahoo.com,India,2024-01-19,Basic,62.21
60,Chelsea Hernandez,chelsea.hernandez@gmail.com,Brazil,2024-03-04,Standard,386.51
61,Kathryn Ryan,kathryn.ryan@hotmail.com,UAE,2022-01-16,Basic,15.39
62,Kimberly Moreno,kimberly.moreno@yahoo.com,Germany,2025-04-14,Standard,275.36
63,Aaron Nguyen,aaron.nguyen@hotmail.com,Mexico,2021-09-11,Standard,376.87
64,Andrew Hickman,andrew.hickman@protonmail.com,Spain,2023-12-22,Premium,2082.4
65,Natasha Decker,natasha.decker@gmail.com,Australia,2024-01-22,Premium,4375.69
66,Kyle Brown,kyle.brown@yahoo.com,UK,2024-09-24,Standard,127.25
67,Natalie Arroyo,natalie.arroyo@hotmail.com,USA,2024-01-31,Standard,290.65
68,Christopher Tucker,christopher.tucker@gmail.com,USA,2024-05-05,Basic,63.67
69,Chad Hodges,chad.hodges@gmail.com,UK,2024-03-21,Standard,483.74
70,Katie Anderson,katie.anderson@protonmail.com,UK,2025-07-06,Standard,400.29
71,Thomas Pierce,thomas.pierce@protonmail.com,UK,2024-02-16,Basic,65.52
72,Joseph Brennan,joseph.brennan@gmail.com,Germany,2023-11-12,Basic,12.07
73,Rodney Lewis,rodney.lewis@outlook.com,Germany,2024-07-16,Standard,198.7
74,Amber Blair,amber.blair@hotmail.com,Japan,2022-06-24,Basic,83.44
75,James Collins,james.collins@yahoo.com,USA,2024-09-09,Basic,77.9
76,Wanda Santos,wanda.santos@yahoo.com,USA,2022-03-19,Premium,4246.34
77,Samuel Holmes,samuel.holmes@icloud.com,Australia,2023-08-13,Standard,127.72
78,David Walker,david.walker@outlook.com,Japan,2024-11-11,Standard,122.3
79,Matthew Chapman,matthew.chapman@protonmail.com,UAE,2024-01-11,Standard,433.5
80,Jerry Robinson,jerry.robinson@icloud.com,Brazil,2021-01-05,Standard,135.37
81,Chad Welch,chad.welch@protonmail.com,Mexico,2023-01-07,Standard,452.11
82,Jeremy Whitehead,jeremy.whitehead@yahoo.com,USA,2025-01-17,Basic,43.54
83,Michele Jones,michele.jones@outlook.com,UK,2025-03-21,Standard,236.66
84,John Caldwell,john.caldwell@hotmail.com,USA,2023-04-17,Standard,455.15
85,Jason Anderson,jason.anderson@icloud.com,Germany,2021-10-08,Basic,89.65
86,Selena Duncan,selena.duncan@outlook.com,Italy,2023-09-20,Basic,39.73
87,Thomas Mueller,thomas.mueller@hotmail.com,USA,2023-03-09,Basic,57.68
88,Lindsey Lee,lindsey.lee@hotmail.com,Germany,2020-05-10,Standard,357.37
89,Collin Jordan,collin.jordan@protonmail.com,USA,2025-01-15,Premium,3708.42
90,Rodney Owens,rodney.owens@outlook.com,USA,2024-04-19,Standard,284.9
91,Jessica Nunez,jessica.nunez@outlook.com,USA,2023-12-24,Standard,186.23
92,Tracey Garcia,tracey.garcia@gmail.com,USA,2023-02-12,Standard,183.93
93,Richard Morgan,richard.morgan@gmail.com,Netherlands,2020-05-08,Basic,58.26
94,Michelle Wright,michelle.wright@gmail.com,UK,2024-12-24,Standard,447.95
95,James West,james.west@yahoo.com,Japan,2023-09-18,Standard,388.21
96,Robert Ramirez,robert.ramirez@icloud.com,India,2023-04-14,Standard,471.19
97,John Leblanc,john.leblanc@yahoo.com,USA,2024-07-16,Standard,165.01
98,Scott Callahan,scott.callahan@icloud.com,USA,2023-12-13,Standard,302.61
99,Andrea Williams,andrea.williams@hotmail.com,France,2024-02-26,Basic,76.17
100,Yvette Huff,yvette.huff@hotmail.com,USA,2025-03-27,Premium,1344.5
101,Tanya House,tanya.house@hotmail.com,Spain,2023-04-08,Basic,62.04
102,Melinda Martin,melinda.martin@gmail.com,USA,2023-04-17,Premium,683.66
103,Todd Lewis,todd.lewis@icloud.com,India,2025-05-22,Standard,193.76
104,Richard Brown,richard.brown@yahoo.com,France,2023-07-06,Basic,51.36
105,Nicholas Galloway,nicholas.galloway@gmail.com,USA,2023-01-29,Premium,1603.91
106,Joseph Bowers,joseph.bowers@gmail.com,USA,2025-04-13,Premium,2681.31
107,Spencer Henderson,spencer.henderson@icloud.com,Singapore,2024-10-27,Standard,187.44
108,Susan Cowan,susan.cowan@gmail.com,USA,2025-02-27,Standard,100.41
109,Angela Higgins,angela.higgins@outlook.com,UK,2023-08-10,Premium,1965.38
110,Eric Phillips,eric.phillips@yahoo.com,UK,2023-09-02,Premium,3605.64
111,Tanya Riley,tanya.riley@yahoo.com,USA,2020-01-17,Premium,2382.85
112,Amy Adkins,amy.adkins@yahoo.com,Australia,2022-12-20,Standard,210.06
113,Brian Silva,brian.silva@icloud.com,Canada,2024-07-12,Standard,315.13
114,Wesley Farrell,wesley.farrell@outlook.com,USA,2022-04-06,Basic,80.13
115,Eric Yu,eric.yu@gmail.com,Japan,2023-01-02,Basic,30.41
116,Christopher Lopez,christopher.lopez@gmail.com,USA,2022-08-05,Premium,4627.82
117,Brooke Leonard,brooke.leonard@protonmail.com,USA,2020-01-04,Standard,340.35
118,Joe Wilson,joe.wilson@outlook.com,Germany,2023-01-02,Premium,3302.68
119,Pamela Sanchez,pamela.sanchez@protonmail.com,UAE,2024-05-30,Standard,273.78
120,Brooke Harvey,brooke.harvey@icloud.com,USA,2023-12-20,Standard,372.9
121,Robert Silva,robert.silva@icloud.com,USA,2024-03-12,Basic,99.76
122,Alexandra Donovan,alexandra.donovan@protonmail.com,UK,2021-04-04,Standard,374.36
123,James Moran,james.moran@gmail.com,France,2021-09-06,Standard,439.89
124,John Foster,john.foster@hotmail.com,USA,2025-05-26,Standard,378.39
125,Emily Evans,emily.evans@hotmail.com,UK,2025-08-17,Basic,49.28
126,Leslie Walton,leslie.walton@icloud.com,Canada,2023-12-01,Standard,200.77
127,Charles Ellis,charles.ellis@icloud.com,USA,2023-03-23,Standard,352.16
128,Yolanda Ferrell,yolanda.ferrell@protonmail.com,USA,2025-03-11,Basic,84.7
129,Charles Lewis,charles.lewis@yahoo.com,USA,2024-05-04,Standard,268.44
130,Joseph Mahoney,joseph.mahoney@protonmail.com,UK,2021-09-07,Standard,454.04
131,Nicole Suarez,nicole.suarez@outlook.com,UK,2021-09-09,Standard,137.68
132,Mike Moore,mike.moore@outlook.com,Japan,2021-05-04,Standard,400.03
133,Martha Warner,martha.warner@protonmail.com,India,2025-11-28,Standard,353.53
134,Cheryl Archer,cheryl.archer@hotmail.com,India,2024-08-06,Premium,2206.49
135,Destiny Smith,destiny.smith@yahoo.com,UAE,2022-06-24,Standard,272.89
136,Lisa Evans,lisa.evans@yahoo.com,UK,2021-01-21,Standard,108.74
137,Elizabeth Mcmillan,elizabeth.mcmillan@outlook.com,UK,2021-08-14,Basic,55.89
138,Dennis Wilson,dennis.wilson@yahoo.com,Italy,2024-03-30,Basic,90.35
139,Daniel Tran,daniel.tran@gmail.com,USA,2025-03-17,Basic,73.04
140,Joseph Jacobs,joseph.jacobs@gmail.com,India,2024-10-15,Basic,85.62
141,Jennifer Harris,jennifer.harris@gmail.com,Canada,2024-11-03,Basic,81.48
142,Cynthia Baker,cynthia.baker@protonmail.com,USA,2022-06-17,Premium,3307.6
143,Tracy Whitehead,tracy.whitehead@gmail.com,UK,2024-11-09,Standard,268.12
144,Meghan Davis,meghan.davis@yahoo.com,USA,2023-09-02,Standard,163.81
145,Rodney Hill,rodney.hill@protonmail.com,USA,2021-07-26,Standard,156.42
146,Adam Wise,adam.wise@gmail.com,UK,2023-08-30,Premium,2195.74
147,Dana Green,dana.green@hotmail.com,USA,2025-03-25,Standard,244.3
148,Joyce Arnold,joyce.arnold@outlook.com,Australia,2020-09-13,Standard,463.21
149,Ronald Smith,ronald.smith@icloud.com,Spain,2023-01-05,Standard,167.14
150,Charles Ware,charles.ware@gmail.com,Australia,2025-09-15,Basic,61.19
151,Rebecca Gardner,rebecca.gardner@yahoo.com,USA,2025-04-27,Standard,360.71
152,Mary Aguilar,mary.aguilar@gmail.com,USA,2023-11-13,Standard,203.19
153,Earl Anderson,earl.anderson@gmail.com,USA,2021-06-27,Standard,108.31
154,Kyle Nolan,kyle.nolan@yahoo.com,USA,2025-12-12,Standard,420.66
155,Laura Valencia,laura.valencia@yahoo.com,Netherlands,2021-07-04,Standard,496.8
156,Rachel Clark,rachel.clark@hotmail.com,UK,2022-03-22,Standard,397.59
157,John Garcia,john.garcia@hotmail.com,USA,2021-10-08,Standard,432.34
158,Kimberly Henson,kimberly.henson@hotmail.com,Japan,2023-09-08,Standard,176.24
159,Richard Oliver,richard.oliver@yahoo.com,UK,2024-02-03,Premium,1311.61
160,Eric Spears,eric.spears@protonmail.com,USA,2025-11-10,Basic,46.18
161,Michelle Cherry,michelle.cherry@gmail.com,USA,2023-07-19,Basic,12.28
162,Lisa Keith,lisa.keith@gmail.com,India,2025-06-29,Standard,263.71
163,Angel Doyle,angel.doyle@icloud.com,Australia,2024-07-14,Standard,250.11
164,Martin Galvan,martin.galvan@yahoo.com,USA,2024-01-28,Standard,117.58
165,Leah Shields,leah.shields@yahoo.com,Spain,2021-12-13,Basic,64.34
166,Lisa Adams,lisa.adams@outlook.com,Japan,2022-08-23,Standard,466.17
167,Kristin Rodriguez,kristin.rodriguez@icloud.com,Japan,2024-07-20,Basic,65.4
168,Monica Garrison,monica.garrison@protonmail.com,USA,2024-07-10,Basic,25.84
169,Jeffrey Velasquez,jeffrey.velasquez@yahoo.com,USA,2022-04-24,Standard,453.74
170,Steven Torres,steven.torres@outlook.com,Brazil,2023-06-12,Standard,181.66
171,Laura Perez,laura.perez@hotmail.com,USA,2023-10-30,Standard,134.92
172,Andrew Lee,andrew.lee@outlook.com,Germany,2023-08-22,Standard,380.05
173,Mark Lin,mark.lin@icloud.com,Canada,2022-04-21,Standard,166.75
174,Tammy Ramirez,tammy.ramirez@icloud.com,USA,2021-06-13,Basic,77.95
175,Darlene Ross,darlene.ross@protonmail.com,Australia,2023-11-20,Premium,4169.02
176,Tina Herrera,tina.herrera@hotmail.com,Italy,2025-02-09,Standard,189.11
177,Sheila Wilson,sheila.wilson@yahoo.com,India,2025-08-14,Standard,383.96
178,Tara White,tara.white@icloud.com,UK,2021-01-04,Basic,22.83
179,Sydney Baker,sydney.baker@gmail.com,Brazil,2021-02-04,Standard,236.44
180,Daniel Hamilton,daniel.hamilton@protonmail.com,UK,2023-09-06,Standard,477.28
181,Jessica Edwards,jessica.edwards@outlook.com,Canada,2022-02-02,Standard,302.44
182,Catherine Dixon,catherine.dixon@yahoo.com,France,2025-05-16,Standard,259.33
183,Paul Ray,paul.ray@protonmail.com,Canada,2023-01-25,Basic,35.95
184,Jonathan Fletcher,jonathan.fletcher@icloud.com,USA,2025-04-03,Basic,74.65
185,Aaron Frost,aaron.frost@hotmail.com,USA,2021-08-23,Basic,67.27
186,Amanda Ball,amanda.ball@hotmail.com,USA,2025-07-09,Basic,40.79
187,Judy Lambert,judy.lambert@yahoo.com,UK,2024-03-30,Premium,550.78
188,Michael Jones,michael.jones@yahoo.com,UK,2024-02-24,Standard,187.95
189,Elizabeth Rivera,elizabeth.rivera@hotmail.com,Germany,2025-12-23,Standard,488.18
190,Lee Charles,lee.charles@yahoo.com,UK,2023-10-08,Standard,344.13
191,Jennifer Evans,jennifer.evans@icloud.com,Australia,2021-09-02,Standard,340.22
192,Kyle Ortiz,kyle.ortiz@hotmail.com,Spain,2023-08-25,Basic,29.73
193,Richard Phillips,richard.phillips@protonmail.com,USA,2025-12-23,Premium,3904.87
194,David Fisher,david.fisher@yahoo.com,Canada,2025-03-27,Standard,305.46
195,Shelby Byrd,shelby.byrd@yahoo.com,India,2023-10-16,Standard,464.46
196,Raven Gilbert,raven.gilbert@outlook.com,UK,2024-05-20,Basic,53.54
197,Kevin Kelley,kevin.kelley@hotmail.com,USA,2022-04-24,Basic,43.89
198,Aaron Mitchell,aaron.mitchell@gmail.com,Australia,2022-03-25,Standard,111.96
199,Russell Carpenter,russell.carpenter@outlook.com,Netherlands,2024-06-01,Basic,52.35
200,Diana Marshall,diana.marshall@hotmail.com,India,2023-10-12,Basic,57.04
201,Scott Lewis,scott.lewis@gmail.com,Spain,2021-04-30,Standard,285.3
202,Thomas Santana,thomas.santana@protonmail.com,UAE,2024-10-18,Basic,53.29
203,Laura Jackson,laura.jackson@gmail.com,USA,2024-07-22,Standard,169.2
204,Christopher Robertson,christopher.robertson@protonmail.com,India,2024-01-03,Standard,471.87
205,Cynthia Rogers,cynthia.rogers@yahoo.com,UK,2022-04-08,Premium,2064.09
206,Loretta Potter,loretta.potter@hotmail.com,UAE,2022-02-11,Standard,305.2
207,Emily Walker,emily.walker@hotmail.com,USA,2024-09-26,Standard,374.43
208,James Johnson,james.johnson@outlook.com,UK,2025-11-09,Premium,1789.57
209,John Alvarez,john.alvarez@protonmail.com,Brazil,2021-04-25,Standard,486.23
210,Melissa Jones,melissa.jones@hotmail.com,USA,2025-06-16,Standard,433.81
211,Robert Soto,robert.soto@yahoo.com,Australia,2025-08-12,Standard,172.35
212,James Horton,james.horton@yahoo.com,USA,2025-12-16,Premium,1959.99
213,Troy Sanchez,troy.sanchez@yahoo.com,Singapore,2024-08-22,Premium,1645.32
214,Diana Smith,diana.smith@yahoo.com,Mexico,2023-07-30,Standard,316.45
215,Karen Carrillo,karen.carrillo@icloud.com,USA,2024-04-05,Basic,98.99
216,Daniel Coleman,daniel.coleman@hotmail.com,Canada,2023-02-21,Basic,49.87
217,Gregory Rubio,gregory.rubio@icloud.com,USA,2022-01-12,Standard,373.09
218,April Williams,april.williams@gmail.com,Germany,2023-06-18,Basic,60.41
219,John Charles,john.charles@hotmail.com,India,2023-09-12,Standard,405.6
220,Stephen Solis,stephen.solis@yahoo.com,France,2024-12-19,Basic,87.76
221,Elizabeth Travis,elizabeth.travis@outlook.com,USA,2025-04-29,Premium,3772.69
222,Caitlin Dodson,caitlin.dodson@gmail.com,USA,2023-01-28,Standard,154.48
223,Patricia Salazar,patricia.salazar@outlook.com,India,2022-06-17,Standard,283.85
224,Jennifer Wagner,jennifer.wagner@protonmail.com,Germany,2025-07-04,Standard,290.08
225,Maria Kelley,maria.kelley@outlook.com,UK,2022-08-23,Premium,4794.55
226,Phyllis Manning,phyllis.manning@protonmail.com,USA,2020-03-04,Premium,2108.58
227,Thomas Green,thomas.green@yahoo.com,USA,2025-01-28,Standard,179.99
228,John Walsh,john.walsh@outlook.com,Brazil,2025-12-27,Standard,115.82
229,Katie Boyd,katie.boyd@yahoo.com,USA,2024-03-19,Basic,48.39
230,Courtney Hill,courtney.hill@gmail.com,UK,2023-04-17,Premium,2953.5
231,Chris Mitchell,chris.mitchell@outlook.com,Netherlands,2024-12-28,Basic,73.35
232,Joseph Flores,joseph.flores@hotmail.com,USA,2025-05-29,Standard,373.17
233,Amber Taylor,amber.taylor@protonmail.com,Canada,2025-11-15,Basic,30.61
234,Jesse Benson,jesse.benson@outlook.com,USA,2021-09-19,Premium,3262.78
235,Jasmine Brown,jasmine.brown@gmail.com,Brazil,2025-09-25,Basic,17.57
236,Rick Daniels,rick.daniels@hotmail.com,Canada,2024-09-25,Basic,80.92
237,Robert Clark,robert.clark@yahoo.com,Mexico,2020-09-08,Basic,27.75
238,Robert Stein,robert.stein@icloud.com,USA,2021-02-28,Basic,76.45
239,Brandy Dominguez,brandy.dominguez@protonmail.com,UK,2020-08-25,Standard,493.45
240,Melissa Cannon,melissa.cannon@outlook.com,Australia,2025-06-15,Basic,30.64
241,Omar Smith,omar.smith@hotmail.com,USA,2023-10-08,Standard,399.41
242,Michael Molina,michael.molina@icloud.com,USA,2024-07-10,Standard,398.42
243,Melissa Ashley,melissa.ashley@icloud.com,USA,2020-04-23,Basic,29.41
244,Robert Adkins,robert.adkins@yahoo.com,Netherlands,2025-02-16,Standard,216.19
245,Amy Morrison,amy.morrison@icloud.com,India,2023-08-27,Standard,203.37
246,Jeffrey Robinson,jeffrey.robinson@protonmail.com,Germany,2025-11-19,Basic,32.48
247,Ryan Johnson,ryan.johnson@icloud.com,Canada,2024-09-07,Standard,311.03
248,Matthew Shelton,matthew.shelton@icloud.com,UK,2025-03-19,Premium,3002.89
249,Richard Martin,richard.martin@gmail.com,UK,2024-12-15,Standard,477.67
250,Tanner Anderson,tanner.anderson@icloud.com,UK,2024-04-16,Basic,58.28
251,Cindy Johnson,cindy.johnson@hotmail.com,India,2025-02-25,Basic,52.21
252,Phillip Elliott,phillip.elliott@hotmail.com,USA,2023-04-28,Premium,4682.67
253,Anthony Day,anthony.day@outlook.com,Mexico,2025-08-19,Standard,173.97
254,Derek Murray,derek.murray@gmail.com,France,2020-12-29,Standard,377.67
255,Brent Gray,brent.gray@hotmail.com,USA,2024-02-19,Standard,419.82
256,Jason Murphy,jason.murphy@icloud.com,Germany,2025-07-23,Standard,260.1
257,Kathleen Gray,kathleen.gray@icloud.com,USA,2025-03-13,Basic,35.01
258,Karen Decker,karen.decker@yahoo.com,Singapore,2023-03-03,Standard,421.34
259,Johnny Miller,johnny.miller@icloud.com,Spain,2023-04-10,Standard,287.98
260,Andrew Ryan,andrew.ryan@outlook.com,Italy,2025-12-20,Standard,497.82
261,Zoe Bell,zoe.bell@outlook.com,USA,2023-10-16,Standard,419.56
262,Debra Harrington,debra.harrington@gmail.com,USA,2025-12-11,Standard,418.73
263,Denise Webster,denise.webster@hotmail.com,USA,2022-06-14,Premium,771.4
264,Stefanie Gonzalez,stefanie.gonzalez@protonmail.com,USA,2020-03-17,Premium,2500.47
265,Andrew Hernandez,andrew.hernandez@icloud.com,USA,2024-04-07,Basic,39.63
266,David Caldwell,david.caldwell@yahoo.com,USA,2023-01-22,Premium,2984.58
267,Anne Robinson,anne.robinson@outlook.com,UAE,2023-05-09,Standard,203.54
268,Holly Wang,holly.wang@protonmail.com,USA,2023-08-11,Basic,34.91
269,Gary Lawson,gary.lawson@protonmail.com,USA,2025-06-23,Premium,1608.81
270,Julie Wilson,julie.wilson@outlook.com,France,2024-09-06,Standard,441.66
271,Lori Oconnell,lori.oconnell@gmail.com,Germany,2025-01-30,Standard,427.94
272,Daniel Johnson,daniel.johnson@gmail.com,Canada,2023-11-07,Standard,485.97
273,Larry Byrd,larry.byrd@gmail.com,Germany,2023-10-30,Standard,320.96
274,Susan Sanders,susan.sanders@yahoo.com,Brazil,2022-01-26,Standard,129.78
275,Jennifer Jones,jennifer.jones@outlook.com,India,2023-03-13,Standard,278.84
276,Hannah Burton,hannah.burton@yahoo.com,UK,2020-12-15,Premium,1289.09
277,Curtis Barton,curtis.barton@outlook.com,India,2020-07-16,Premium,4991.32
278,Melissa Burke,melissa.burke@protonmail.com,UK,2023-01-06,Standard,118.79
279,David Riggs,david.riggs@yahoo.com,USA,2024-04-08,Standard,190.06
280,Kimberly Reed,kimberly.reed@outlook.com,UK,2023-07-01,Basic,47.84
281,Ross Wood,ross.wood@gmail.com,USA,2024-08-01,Premium,1161.85
282,William Peterson,william.peterson@icloud.com,Australia,2023-09-08,Standard,185.88
283,Melissa Short,melissa.short@outlook.com,USA,2024-06-14,Standard,113.34
284,Daniel Yu,daniel.yu@yahoo.com,USA,2024-10-19,Standard,350.84
285,Cynthia Poole,cynthia.poole@yahoo.com,USA,2025-03-18,Standard,340.7
286,Jasmine Graham,jasmine.graham@outlook.com,Japan,2025-06-09,Premium,4218.2
287,Jessica Sheppard,jessica.sheppard@gmail.com,USA,2022-12-26,Standard,149.81
288,Joseph Morton,joseph.morton@gmail.com,India,2023-06-28,Standard,203.21
289,Amanda Webb,amanda.webb@icloud.com,Japan,2025-10-01,Basic,13.1
290,Ryan Simon,ryan.simon@gmail.com,USA,2025-07-18,Premium,4356.93
291,Joseph Christian,joseph.christian@outlook.com,Canada,2024-05-22,Basic,85.41
292,Mariah Miller,mariah.miller@icloud.com,USA,2023-02-23,Standard,467.33
293,Nicole Sanchez,nicole.sanchez@icloud.com,USA,2024-10-16,Standard,256.44
294,Steven Bishop,steven.bishop@icloud.com,India,2025-02-17,Premium,2841.9
295,Nicholas Johnson,nicholas.johnson@icloud.com,Spain,2023-09-02,Standard,151.57
296,Melissa White,melissa.white@outlook.com,USA,2021-12-07,Basic,78.64
297,Jason Salinas,jason.salinas@yahoo.com,Germany,2025-12-14,Standard,219.7
298,Matthew Beard,matthew.beard@icloud.com,USA,2024-06-07,Standard,196.04
299,Jacqueline Hill,jacqueline.hill@hotmail.com,Germany,2021-04-10,Premium,1153.79
300,Alejandro Vaughan,alejandro.vaughan@yahoo.com,Germany,2023-02-15,Standard,368.31
301,Christopher Cortez,christopher.cortez@protonmail.com,Germany,2024-02-27,Basic,22.01
302,Tracy Chang,tracy.chang@icloud.com,Germany,2024-07-14,Standard,381.6
303,Hannah Brewer,hannah.brewer@gmail.com,USA,2025-10-11,Basic,62.22
304,Travis Mcguire,travis.mcguire@gmail.com,India,2021-03-15,Basic,61.59
305,Christopher Walker,christopher.walker@outlook.com,India,2022-08-17,Standard,203.24
306,Heather Torres,heather.torres@protonmail.com,India,2024-02-22,Standard,470.26
307,Bonnie Kennedy,bonnie.kennedy@outlook.com,USA,2021-02-05,Standard,210.87
308,Alyssa Coleman,alyssa.coleman@hotmail.com,UK,2023-03-26,Standard,456.79
309,Julie Rivera,julie.rivera@protonmail.com,UK,2024-07-02,Premium,4804.61
310,Jacqueline Nelson,jacqueline.nelson@protonmail.com,USA,2023-10-30,Basic,77.94
311,John Martinez,john.martinez@protonmail.com,USA,2025-03-06,Basic,40.99
312,James Wilson,james.wilson@icloud.com,UK,2020-10-27,Standard,493.41
313,Amanda Gill,amanda.gill@gmail.com,Canada,2024-11-17,Basic,95.36
314,Jacob Robinson,jacob.robinson@yahoo.com,USA,2024-08-22,Basic,53.45
315,Todd Hardy,todd.hardy@protonmail.com,France,2024-07-07,Standard,283.4
316,Tiffany Warren,tiffany.warren@gmail.com,Germany,2025-02-26,Basic,37.52
317,Justin Garcia,justin.garcia@yahoo.com,Canada,2022-02-02,Standard,135.42
318,James Perez,james.perez@hotmail.com,UK,2025-04-24,Standard,366.45
319,Harry Smith,harry.smith@gmail.com,UK,2022-08-13,Premium,3017.58
320,Amanda Hill,amanda.hill@yahoo.com,Germany,2025-10-01,Standard,269.08
321,Terri Tran,terri.tran@protonmail.com,Italy,2020-06-10,Basic,56.62
322,Heidi Martinez,heidi.martinez@icloud.com,UK,2024-01-25,Standard,332.68
323,Miranda Henry,miranda.henry@yahoo.com,UK,2021-10-01,Basic,33.73
324,Monique Andrews,monique.andrews@hotmail.com,Germany,2023-11-09,Standard,206.49
325,Taylor Alexander,taylor.alexander@protonmail.com,Canada,2021-07-07,Standard,449.79
326,Jack Williams,jack.williams@gmail.com,USA,2022-09-27,Standard,330.45
327,Shelley Woods,shelley.woods@protonmail.com,UK,2020-08-15,Standard,143.55
328,Lynn Morales,lynn.morales@yahoo.com,UK,2020-09-12,Premium,3253.67
329,Charles Soto,charles.soto@yahoo.com,Italy,2024-01-31,Standard,149.72
330,Brian Hernandez,brian.hernandez@yahoo.com,UK,2023-12-21,Premium,1301.5
331,Anna Torres,anna.torres@yahoo.com,UK,2020-11-23,Premium,1741.25
332,Victoria Wilson,victoria.wilson@yahoo.com,Singapore,2025-05-25,Standard,322.2
333,Kathy Obrien,kathy.obrien@hotmail.com,UK,2024-08-17,Standard,299.11
334,Krystal Perez,krystal.perez@icloud.com,USA,2022-05-08,Standard,299.47
335,Alexandra Hayes,alexandra.hayes@outlook.com,USA,2023-09-13,Standard,258.59
336,Scott Dalton,scott.dalton@outlook.com,USA,2023-07-19,Basic,44.13
337,Veronica Torres,veronica.torres@icloud.com,USA,2024-04-30,Standard,219.53
338,Christine Lynch,christine.lynch@protonmail.com,UK,2025-03-23,Basic,78.47
339,Jody Meza,jody.meza@outlook.com,Canada,2024-12-26,Standard,111.6
340,Jared Clark,jared.clark@hotmail.com,India,2025-03-13,Premium,4839.12
341,Donna Moore,donna.moore@outlook.com,USA,2024-05-05,Basic,45.01
342,Glenn Jones,glenn.jones@icloud.com,Germany,2025-08-30,Basic,41.74
343,Aaron Hayes,aaron.hayes@protonmail.com,USA,2024-06-29,Standard,460.29
344,Brittney Carter,brittney.carter@hotmail.com,Italy,2024-07-25,Standard,366.75
345,Jesse Mann,jesse.mann@gmail.com,USA,2024-03-20,Standard,204.58
346,Jacqueline Gibson,jacqueline.gibson@protonmail.com,Germany,2024-11-22,Standard,467.03
347,Grace Bradshaw,grace.bradshaw@icloud.com,USA,2020-10-22,Basic,20.99
348,Kristin Weber,kristin.weber@hotmail.com,India,2021-10-26,Standard,107.69
349,Donna Peck,donna.peck@icloud.com,UK,2022-08-06,Premium,3538.68
350,Ronald Stephens,ronald.stephens@icloud.com,Canada,2022-06-05,Premium,2656.46
351,Deborah Kerr,deborah.kerr@yahoo.com,USA,2025-09-28,Premium,4526.94
352,Margaret Jones,margaret.jones@outlook.com,Spain,2024-03-10,Standard,155.39
353,Gabriel Parker,gabriel.parker@protonmail.com,UK,2021-08-18,Standard,192.3
354,Kaitlyn Carroll,kaitlyn.carroll@yahoo.com,Canada,2023-03-12,Basic,28.31
355,Keith Martinez,keith.martinez@gmail.com,Japan,2022-03-13,Standard,290.85
356,Haley Lyons,haley.lyons@outlook.com,UAE,2025-12-19,Standard,431.23
357,Sherri Mason,sherri.mason@gmail.com,USA,2025-07-18,Standard,132.47
358,Troy Miller,troy.miller@icloud.com,USA,2021-09-03,Standard,280.46
359,Bill Reynolds,bill.reynolds@yahoo.com,USA,2023-10-12,Standard,297.58
360,Marcus Wright,marcus.wright@protonmail.com,USA,2025-09-01,Standard,180.02
361,Christopher Hayden,christopher.hayden@gmail.com,Germany,2024-10-31,Basic,80.15
362,Mary Johnston,mary.johnston@protonmail.com,UAE,2025-05-17,Basic,96.73
363,Stephanie Key,stephanie.key@yahoo.com,UAE,2023-02-28,Basic,11.8
364,Emily Adams,emily.adams@gmail.com,UK,2022-10-06,Basic,64.05
365,Billy Avila,billy.avila@outlook.com,India,2024-02-10,Standard,163.8
366,Thomas Pearson,thomas.pearson@hotmail.com,Japan,2021-02-17,Standard,166.74
367,Sabrina White,sabrina.white@protonmail.com,Italy,2025-06-18,Standard,120.38
368,Brenda Walters,brenda.walters@hotmail.com,USA,2024-07-09,Basic,64.48
369,Travis Davis,travis.davis@icloud.com,UK,2022-09-23,Premium,4757.15
370,Michael Cook,michael.cook@yahoo.com,France,2023-01-31,Standard,114.06
371,Elizabeth Hodge,elizabeth.hodge@yahoo.com,USA,2025-02-20,Premium,2017.92
372,Mark Steele,mark.steele@yahoo.com,UK,2025-07-11,Standard,101.71
373,Keith Landry,keith.landry@protonmail.com,UAE,2023-09-10,Standard,482.75
374,Lisa Pierce,lisa.pierce@protonmail.com,UAE,2025-04-02,Premium,539.59
375,Shawn Edwards,shawn.edwards@outlook.com,Spain,2022-10-02,Standard,408.02
376,Marcus Cordova,marcus.cordova@icloud.com,Australia,2025-01-16,Standard,346.93
377,Richard Robertson,richard.robertson@gmail.com,USA,2024-03-29,Basic,66.96
378,Vanessa Sandoval,vanessa.sandoval@protonmail.com,USA,2021-09-23,Premium,1502.34
379,Amy Gutierrez,amy.gutierrez@outlook.com,Germany,2024-04-05,Premium,3252.08
380,Jacob Cox,jacob.cox@hotmail.com,Germany,2024-08-01,Standard,454.47
381,Katherine Garrett,katherine.garrett@hotmail.com,UK,2024-07-05,Standard,419.91
382,Kathleen Harris,kathleen.harris@outlook.com,Germany,2023-09-25,Basic,69.91
383,Andrea Pennington,andrea.pennington@gmail.com,UK,2024-03-11,Standard,210.54
384,Samuel Wolfe,samuel.wolfe@gmail.com,Canada,2025-07-26,Basic,15.93
385,David Dudley,david.dudley@yahoo.com,USA,2023-01-17,Standard,119.93
386,Chelsea Allen,chelsea.allen@hotmail.com,USA,2022-12-03,Standard,375.55
387,Eric Pierce,eric.pierce@gmail.com,USA,2025-11-02,Basic,96.71
388,Andrea Davis,andrea.davis@outlook.com,USA,2024-09-13,Premium,2818.95
389,Victoria Durham,victoria.durham@gmail.com,Japan,2023-06-24,Basic,77.14
390,Steven Wilson,steven.wilson@icloud.com,UK,2025-11-13,Premium,4233.27
391,Marilyn Jimenez,marilyn.jimenez@protonmail.com,USA,2021-06-29,Standard,409.4
392,Jennifer Hicks,jennifer.hicks@yahoo.com,Canada,2025-06-23,Premium,2229.74
393,Joshua Davenport,joshua.davenport@outlook.com,Germany,2023-04-19,Standard,121.82
394,Tina Sanchez,tina.sanchez@outlook.com,USA,2020-03-14,Basic,75.7
395,Andrea Reyes,andrea.reyes@protonmail.com,USA,2025-03-04,Premium,4555.3
396,Sandra Romero,sandra.romero@hotmail.com,USA,2024-01-29,Premium,730.07
397,Natasha Shields,natasha.shields@hotmail.com,India,2022-06-25,Standard,189.07
398,Joshua Tyler,joshua.tyler@protonmail.com,USA,2025-02-07,Standard,123.95
399,Robert Villa,robert.villa@yahoo.com,USA,2025-07-12,Standard,203.79
400,William Hoover,william.hoover@yahoo.com,USA,2025-07-22,Basic,23.35
401,Justin Evans,justin.evans@outlook.com,Germany,2021-01-09,Premium,622.67
402,Brenda Duarte,brenda.duarte@icloud.com,USA,2022-02-11,Standard,418.42
403,Tracy Hernandez,tracy.hernandez@outlook.com,Japan,2024-06-13,Standard,349.54
404,Amanda Reed,amanda.reed@outlook.com,USA,2025-11-16,Standard,185.04
405,Andrea Daniels,andrea.daniels@hotmail.com,Germany,2022-11-15,Standard,398.25
406,Stanley Morris,stanley.morris@gmail.com,UK,2023-09-24,Basic,88.37
407,Jacob Terry,jacob.terry@gmail.com,UK,2021-02-15,Standard,316.2
408,Ashley Hall,ashley.hall@outlook.com,USA,2023-06-26,Basic,69.76
409,Kimberly Williams,kimberly.williams@icloud.com,Australia,2024-03-28,Standard,150.93
410,Julie Thornton,julie.thornton@yahoo.com,Mexico,2020-12-22,Standard,286.27
411,Lisa Hughes,lisa.hughes@outlook.com,USA,2024-03-25,Basic,21.58
412,Elizabeth Hoover,elizabeth.hoover@icloud.com,USA,2024-08-05,Basic,23.3
413,Tina Simpson,tina.simpson@hotmail.com,Spain,2023-03-08,Basic,95.69
414,Benjamin Shaw,benjamin.shaw@outlook.com,Germany,2025-01-11,Standard,174.73
415,Brittany Kane,brittany.kane@gmail.com,USA,2021-09-02,Basic,29.52
416,Morgan Alexander,morgan.alexander@icloud.com,USA,2020-03-07,Basic,60.09
417,Alicia Bryant,alicia.bryant@gmail.com,India,2023-09-12,Basic,48.76
418,Jennifer Ortiz,jennifer.ortiz@icloud.com,India,2024-10-12,Standard,426.08
419,Diana Moore,diana.moore@gmail.com,Germany,2022-08-16,Basic,62.0
420,Terrance Costa,terrance.costa@hotmail.com,Netherlands,2025-10-25,Standard,106.01
421,Matthew Schwartz,matthew.schwartz@protonmail.com,UK,2022-07-06,Basic,21.59
422,Debra Christian,debra.christian@gmail.com,USA,2022-03-22,Standard,479.6
423,Melissa Villarreal,melissa.villarreal@icloud.com,UK,2025-01-02,Basic,37.63
424,Norman Stewart,norman.stewart@outlook.com,USA,2025-02-26,Basic,61.34
425,Jennifer Malone,jennifer.malone@hotmail.com,USA,2024-11-04,Premium,2259.0
426,Monique Johnson,monique.johnson@icloud.com,USA,2020-11-02,Standard,276.09
427,Casey Welch,casey.welch@hotmail.com,USA,2023-11-28,Standard,438.78
428,Samantha Bright,samantha.bright@icloud.com,India,2022-03-07,Basic,89.66
429,Julie Hamilton,julie.hamilton@outlook.com,USA,2024-03-11,Basic,54.14
430,Corey Schultz,corey.schultz@hotmail.com,UK,2024-03-12,Basic,44.78
431,Monique Wallace,monique.wallace@yahoo.com,India,2023-12-26,Basic,78.86
432,Heather Berger,heather.berger@yahoo.com,Germany,2024-07-21,Standard,474.19
433,Brandon Flynn,brandon.flynn@protonmail.com,Australia,2024-05-11,Premium,1279.43
434,Kelly Brooks,kelly.brooks@icloud.com,France,2022-10-30,Standard,104.87
435,Dustin Schmidt,dustin.schmidt@outlook.com,India,2022-10-21,Basic,11.97
436,Ashlee Sparks,ashlee.sparks@protonmail.com,USA,2025-04-14,Standard,242.2
437,George Miller,george.miller@icloud.com,UK,2020-04-26,Basic,31.91
438,Monica Harvey,monica.harvey@gmail.com,Germany,2021-02-09,Basic,10.29
439,John Durham,john.durham@hotmail.com,USA,2020-10-10,Standard,282.77
440,Douglas Murray,douglas.murray@yahoo.com,USA,2024-02-29,Basic,17.4
441,Jonathan Scott,jonathan.scott@hotmail.com,USA,2024-04-11,Standard,241.75
442,Albert Ballard,albert.ballard@yahoo.com,UK,2024-06-17,Standard,140.42
443,Rachel Byrd,rachel.byrd@gmail.com,UK,2023-12-24,Standard,207.5
444,Eric Alexander,eric.alexander@outlook.com,USA,2024-06-10,Standard,383.61
445,Michael Matthews,michael.matthews@hotmail.com,France,2022-04-24,Premium,871.24
446,Danielle Coleman,danielle.coleman@yahoo.com,Italy,2025-05-18,Standard,321.15
447,John Bruce,john.bruce@gmail.com,USA,2025-11-04,Premium,2155.67
448,James Cruz,james.cruz@hotmail.com,Italy,2024-11-21,Standard,318.43
449,Timothy Young,timothy.young@yahoo.com,USA,2023-09-19,Standard,112.07
450,Ashley Andrews,ashley.andrews@outlook.com,Italy,2025-11-23,Standard,185.38
451,Victoria Phillips,victoria.phillips@icloud.com,Netherlands,2022-04-29,Basic,57.13
452,Tiffany Barrett,tiffany.barrett@yahoo.com,USA,2023-12-17,Standard,238.27
453,Joshua Knight,joshua.knight@protonmail.com,Canada,2025-03-22,Premium,4823.27
454,Gina Garner,gina.garner@outlook.com,Singapore,2022-10-23,Basic,69.71
455,Brandon Obrien,brandon.obrien@gmail.com,Spain,2021-05-30,Basic,47.84
456,Tyler Strong,tyler.strong@outlook.com,Singapore,2024-12-13,Standard,127.58
457,Justin Lindsey,justin.lindsey@outlook.com,Germany,2024-10-04,Basic,64.1
458,Catherine Gomez,catherine.gomez@hotmail.com,USA,2024-12-20,Premium,3012.82
459,Dana Oliver,dana.oliver@protonmail.com,Japan,2021-04-13,Basic,80.19
460,Erica Le,erica.le@outlook.com,Germany,2024-12-26,Standard,462.98
461,Donna Massey,donna.massey@gmail.com,Germany,2022-04-18,Standard,238.54
462,Courtney Berger,courtney.berger@outlook.com,UK,2025-10-03,Premium,3191.86
463,Debbie Parker,debbie.parker@gmail.com,Germany,2022-01-05,Basic,22.77
464,Scott Riley,scott.riley@gmail.com,USA,2020-02-01,Standard,171.49
465,Jessica Davis,jessica.davis@gmail.com,Canada,2024-04-21,Standard,486.88
466,Kenneth Burgess,kenneth.burgess@hotmail.com,USA,2022-09-04,Premium,746.43
467,Gregory Anderson,gregory.anderson@outlook.com,India,2024-08-10,Basic,49.3
468,Amber Mata,amber.mata@yahoo.com,Japan,2022-10-03,Standard,453.57
469,Alyssa Mcintyre,alyssa.mcintyre@outlook.com,UK,2023-01-24,Standard,491.97
470,Maria Scott,maria.scott@outlook.com,UK,2021-01-22,Standard,392.95
471,Makayla Olson,makayla.olson@gmail.com,USA,2023-11-26,Basic,77.65
472,Lindsay Francis,lindsay.francis@icloud.com,Singapore,2021-02-25,Standard,183.2
473,Matthew Wilson,matthew.wilson@gmail.com,India,2023-01-16,Basic,21.8
474,Sydney Taylor,sydney.taylor@protonmail.com,USA,2022-01-23,Standard,121.46
475,Tammy Dalton,tammy.dalton@protonmail.com,USA,2025-07-25,Premium,845.15
476,Jennifer Whitney,jennifer.whitney@protonmail.com,USA,2024-06-04,Standard,383.87
477,Tammy Ballard,tammy.ballard@protonmail.com,UK,2021-01-06,Premium,3374.95
478,Michael Gibbs,michael.gibbs@gmail.com,Netherlands,2021-10-04,Standard,314.67
479,Alexander Herrera,alexander.herrera@yahoo.com,India,2020-06-23,Standard,392.34
480,Shawn Chambers,shawn.chambers@hotmail.com,USA,2022-07-13,Basic,55.84
481,Emily Richards,emily.richards@outlook.com,Japan,2023-10-20,Standard,435.02
482,Lynn Bentley,lynn.bentley@hotmail.com,USA,2023-05-15,Standard,266.19
483,Daniel Hall,daniel.hall@icloud.com,Japan,2025-10-20,Standard,317.95
484,Angel Henson,angel.henson@icloud.com,USA,2025-09-08,Premium,838.29
485,Anna Herman,anna.herman@outlook.com,Germany,2020-02-04,Premium,2893.11
486,Jeffrey Brown,jeffrey.brown@outlook.com,Italy,2021-10-27,Standard,226.62
487,Madison Blankenship,madison.blankenship@icloud.com,USA,2020-12-17,Premium,3921.46
488,Kevin Ortiz,kevin.ortiz@gmail.com,India,2021-10-13,Premium,4253.15
489,Donald Shah,donald.shah@hotmail.com,UAE,2024-04-03,Basic,39.73
490,Kevin Vasquez,kevin.vasquez@gmail.com,USA,2020-02-13,Standard,252.14
491,Colton Clay,colton.clay@gmail.com,USA,2020-01-14,Basic,77.63
492,Derek Chavez,derek.chavez@gmail.com,India,2021-10-20,Standard,185.45
493,Ellen Paul,ellen.paul@protonmail.com,USA,2024-06-28,Basic,70.48
494,Sonya Barnes,sonya.barnes@hotmail.com,USA,2020-09-28,Standard,487.78
495,Julia Moore,julia.moore@outlook.com,UK,2025-03-15,Premium,1610.26
496,Robert Garcia,robert.garcia@icloud.com,Canada,2023-11-08,Basic,18.75
497,Tracy Russell,tracy.russell@icloud.com,USA,2023-10-14,Premium,1100.03
498,Stephanie Johnson,stephanie.johnson@outlook.com,USA,2023-06-19,Standard,336.9
499,Mitchell Ramos,mitchell.ramos@outlook.com,Japan,2024-10-08,Basic,20.31
500,Stephanie Foley,stephanie.foley@outlook.com,UK,2023-10-28,Standard,440.22
501,Cory Jennings,cory.jennings@outlook.com,Japan,2023-10-17,Standard,474.92
502,Amy Levine,amy.levine@gmail.com,UK,2023-11-15,Standard,407.19
503,Michael Sanders,michael.sanders@icloud.com,Netherlands,2023-07-31,Premium,4138.81
504,James Martinez,james.martinez@hotmail.com,India,2020-12-22,Basic,67.36
505,Melanie Gibson,melanie.gibson@hotmail.com,USA,2024-03-29,Premium,1615.31
506,Elizabeth May,elizabeth.may@hotmail.com,Mexico,2024-10-18,Standard,495.78
507,Carla Smith,carla.smith@gmail.com,UK,2024-03-17,Standard,488.03
508,Kristin Sanchez,kristin.sanchez@hotmail.com,USA,2025-04-08,Basic,47.15
509,David Cunningham,david.cunningham@yahoo.com,USA,2023-11-28,Basic,96.56
510,Casey Hubbard,casey.hubbard@gmail.com,India,2025-07-26,Standard,480.04
511,Jamie Robinson,jamie.robinson@protonmail.com,USA,2023-11-04,Basic,87.98
512,Molly Murphy,molly.murphy@hotmail.com,USA,2023-11-13,Premium,2238.12
513,Dylan Lester,dylan.lester@protonmail.com,USA,2024-01-12,Basic,24.82
514,Aaron Garrison,aaron.garrison@hotmail.com,UK,2022-01-28,Premium,1590.79
515,Duane Anderson,duane.anderson@yahoo.com,UK,2022-01-21,Standard,210.78
516,John Thompson,john.thompson@icloud.com,UK,2024-08-03,Premium,1134.77
517,Donna Johnson,donna.johnson@hotmail.com,USA,2020-04-25,Basic,30.17
518,Alexis Tyler,alexis.tyler@protonmail.com,USA,2022-02-04,Basic,70.85
519,John Morris,john.morris@icloud.com,Germany,2025-11-22,Standard,386.4
520,Grant Williams,grant.williams@hotmail.com,USA,2023-09-07,Standard,493.21
521,Judy Fox,judy.fox@yahoo.com,India,2020-09-24,Standard,118.84
522,Julie Alvarez,julie.alvarez@icloud.com,USA,2020-03-20,Standard,354.98
523,Kimberly Palmer,kimberly.palmer@hotmail.com,USA,2025-08-22,Standard,433.04
524,Daniel Gordon,daniel.gordon@gmail.com,USA,2025-02-27,Premium,4915.48
525,Sonia Williams,sonia.williams@icloud.com,UK,2024-07-07,Standard,468.16
526,Krista Camacho,krista.camacho@gmail.com,UK,2022-07-13,Standard,174.77
527,Adrienne Ellis,adrienne.ellis@gmail.com,France,2023-05-09,Basic,29.9
528,Tamara Brown,tamara.brown@hotmail.com,USA,2022-04-07,Standard,456.14
529,Timothy Morales,timothy.morales@gmail.com,UK,2025-05-18,Standard,173.07
530,Gina Henry,gina.henry@hotmail.com,Germany,2024-05-13,Standard,346.9
531,Renee Jones,renee.jones@gmail.com,USA,2024-03-14,Premium,729.41
532,Christopher Franklin,christopher.franklin@outlook.com,UK,2023-11-15,Standard,195.69
533,Cameron Hill,cameron.hill@icloud.com,USA,2025-12-08,Basic,14.24
534,Cynthia Kelley,cynthia.kelley@icloud.com,UK,2023-08-26,Premium,3493.59
535,Mark Vang,mark.vang@protonmail.com,USA,2023-02-26,Standard,366.09
536,Alyssa Chavez,alyssa.chavez@icloud.com,Australia,2023-05-22,Basic,44.36
537,Catherine Garcia,catherine.garcia@gmail.com,Netherlands,2024-11-17,Standard,480.97
538,Jacqueline Farrell,jacqueline.farrell@hotmail.com,USA,2025-03-04,Standard,373.64
539,Debra Mack,debra.mack@yahoo.com,Germany,2023-02-26,Basic,13.15
540,Jennifer Lewis,jennifer.lewis@hotmail.com,Canada,2025-02-24,Standard,353.86
541,Shannon Perez,shannon.perez@yahoo.com,USA,2023-09-23,Premium,2781.66
542,Matthew Chavez,matthew.chavez@yahoo.com,Australia,2023-12-14,Basic,78.78
543,Robert Davis,robert.davis@yahoo.com,Germany,2022-02-28,Basic,28.71
544,Ronald Ortega,ronald.ortega@hotmail.com,Italy,2020-08-06,Premium,1999.85
545,Nicholas Hernandez,nicholas.hernandez@yahoo.com,UAE,2025-01-01,Premium,609.32
546,Sandra Jones,sandra.jones@icloud.com,USA,2020-05-29,Basic,57.13
547,Marie Davis,marie.davis@protonmail.com,UK,2023-08-27,Standard,405.26
548,Colin Rodgers,colin.rodgers@icloud.com,Germany,2022-12-20,Standard,435.55
549,Lisa Hawkins,lisa.hawkins@outlook.com,USA,2024-05-10,Standard,313.88
550,Brenda Hoffman,brenda.hoffman@yahoo.com,USA,2025-03-20,Basic,97.19
551,Mark Martinez,mark.martinez@yahoo.com,UAE,2025-07-15,Standard,199.87
552,Michael Ortega,michael.ortega@icloud.com,USA,2022-09-22,Premium,2695.51
553,Karen Parrish,karen.parrish@outlook.com,UK,2023-12-30,Premium,836.2
554,Jennifer Schmitt,jennifer.schmitt@icloud.com,Japan,2022-05-03,Standard,476.74
555,Caroline Bell,caroline.bell@outlook.com,USA,2025-06-18,Basic,38.06
556,Becky Lewis,becky.lewis@yahoo.com,UK,2021-08-09,Standard,365.8
557,Diane Walker,diane.walker@yahoo.com,Singapore,2025-02-03,Standard,203.75
558,Daniel Bruce,daniel.bruce@gmail.com,UK,2025-04-23,Basic,32.12
559,Michael Farmer,michael.farmer@hotmail.com,USA,2024-05-20,Standard,233.88
560,Audrey Aguirre,audrey.aguirre@gmail.com,USA,2024-09-24,Standard,339.57
561,Megan Villegas,megan.villegas@gmail.com,Netherlands,2023-06-06,Premium,1400.02
562,Loretta Austin,loretta.austin@protonmail.com,USA,2022-06-03,Basic,26.24
563,Dawn Johnson,dawn.johnson@outlook.com,UK,2023-12-14,Basic,25.64
564,Sarah Gallegos,sarah.gallegos@outlook.com,USA,2022-11-10,Basic,65.4
565,Joseph White,joseph.white@protonmail.com,UK,2024-10-23,Standard,455.42
566,Jacqueline Parker,jacqueline.parker@gmail.com,Italy,2023-10-21,Standard,335.72
567,Matthew Smith,matthew.smith@protonmail.com,UK,2025-04-08,Premium,3470.03
568,Molly Knight,molly.knight@icloud.com,Singapore,2025-01-02,Basic,43.97
569,Richard Thomas,richard.thomas@icloud.com,USA,2021-11-10,Premium,3112.41
570,Cynthia Johnson,cynthia.johnson@icloud.com,UK,2022-04-06,Standard,456.87
571,Julie Lewis,julie.lewis@yahoo.com,Japan,2023-01-06,Basic,89.46
572,Robert Peterson,robert.peterson@icloud.com,UK,2021-10-05,Premium,1158.69
573,Mitchell Griffith,mitchell.griffith@gmail.com,USA,2024-01-24,Standard,480.49
574,Kimberly Bradley,kimberly.bradley@protonmail.com,Japan,2024-01-25,Premium,4881.93
575,Christopher Williams,christopher.williams@icloud.com,USA,2024-06-02,Standard,241.4
576,Eric Williamson,eric.williamson@yahoo.com,UK,2023-08-26,Basic,54.64
577,Emily Nelson,emily.nelson@gmail.com,Singapore,2025-05-23,Standard,356.06
578,Ebony Tucker,ebony.tucker@gmail.com,USA,2024-05-08,Basic,13.09
579,Scott Nelson,scott.nelson@outlook.com,USA,2025-10-28,Premium,2815.88
580,Kari Wilson,kari.wilson@hotmail.com,USA,2025-09-08,Standard,330.07
581,Russell Campbell,russell.campbell@icloud.com,USA,2024-08-12,Basic,29.7
582,Erika Tucker,erika.tucker@gmail.com,USA,2021-12-08,Basic,50.3
583,Elizabeth Williams,elizabeth.williams@hotmail.com,India,2025-12-02,Standard,422.77
584,Randall Greene,randall.greene@hotmail.com,USA,2022-09-20,Standard,284.05
585,Adrian Turner,adrian.turner@icloud.com,India,2023-01-09,Basic,38.37
586,Jason Taylor,jason.taylor@hotmail.com,USA,2023-08-31,Basic,39.76
587,Jonathan Murphy,jonathan.murphy@yahoo.com,USA,2023-02-06,Standard,307.1
588,Adrian Burgess,adrian.burgess@icloud.com,USA,2021-02-26,Premium,1877.99
589,Gregory James,gregory.james@outlook.com,India,2022-07-03,Premium,1023.26
590,Jane Mason,jane.mason@protonmail.com,UK,2025-02-11,Standard,184.04
591,Martha Drake,martha.drake@protonmail.com,USA,2024-08-04,Standard,473.28
592,Charles Hensley,charles.hensley@yahoo.com,Japan,2025-03-29,Standard,387.93
593,Bobby Smith,bobby.smith@gmail.com,Germany,2025-03-11,Standard,354.21
594,Samantha Atkins,samantha.atkins@outlook.com,USA,2023-02-20,Standard,438.15
595,Barbara Berry,barbara.berry@gmail.com,Mexico,2025-09-29,Standard,372.29
596,Jenna Butler,jenna.butler@yahoo.com,USA,2024-01-06,Standard,434.56
597,Darius Smith,darius.smith@icloud.com,USA,2022-02-25,Standard,313.4
598,Mark Solis,mark.solis@icloud.com,UK,2025-10-11,Premium,3342.52
599,Christine Collier,christine.collier@protonmail.com,USA,2025-10-26,Basic,73.8
600,Samantha Davis,samantha.davis@gmail.com,USA,2021-10-03,Standard,219.51
601,Megan Sanchez,megan.sanchez@hotmail.com,Canada,2025-05-19,Premium,2756.54
602,Brianna Warren,brianna.warren@hotmail.com,USA,2020-08-02,Standard,376.67
603,Randy Collins,randy.collins@protonmail.com,France,2025-07-22,Standard,384.18
604,Matthew Cook,matthew.cook@gmail.com,Italy,2024-02-25,Standard,257.86
605,Gary Dixon,gary.dixon@icloud.com,Germany,2021-11-30,Standard,186.78
606,Daniel Hicks,daniel.hicks@yahoo.com,India,2025-02-22,Standard,397.92
607,Rebecca Bailey,rebecca.bailey@icloud.com,India,2024-03-12,Standard,283.04
608,Jessica Fuentes,jessica.fuentes@protonmail.com,UAE,2020-09-17,Premium,2681.83
609,Lisa Young,lisa.young@yahoo.com,USA,2025-11-26,Standard,451.26
610,Dwayne Gonzalez,dwayne.gonzalez@hotmail.com,USA,2025-07-03,Premium,4823.82
611,Carrie Wolf,carrie.wolf@icloud.com,UK,2023-04-17,Standard,193.56
612,Diana Thompson,diana.thompson@gmail.com,UK,2024-09-02,Standard,329.11
613,Kendra Snyder,kendra.snyder@icloud.com,USA,2020-04-01,Basic,43.4
614,Karen Wolf,karen.wolf@yahoo.com,Germany,2022-03-27,Premium,1566.4
615,Shane Glass,shane.glass@hotmail.com,USA,2024-05-14,Standard,469.69
616,Anne Reid,anne.reid@gmail.com,Italy,2022-11-01,Standard,304.97
617,Claudia Lin,claudia.lin@gmail.com,USA,2023-06-24,Standard,112.59
618,Courtney Hernandez,courtney.hernandez@hotmail.com,USA,2025-06-18,Basic,66.14
619,Carlos Ramos,carlos.ramos@yahoo.com,USA,2025-10-12,Premium,2101.91
620,Kevin Hill,kevin.hill@outlook.com,USA,2024-12-02,Standard,436.08
621,Brian Romero,brian.romero@gmail.com,USA,2024-01-31,Standard,461.18
622,Lance Hayes,lance.hayes@yahoo.com,USA,2025-03-23,Basic,93.1
623,Brian Decker,brian.decker@gmail.com,USA,2025-08-19,Premium,2353.64
624,Chase Lin,chase.lin@icloud.com,USA,2021-06-09,Basic,60.65
625,Melissa Gilbert,melissa.gilbert@gmail.com,USA,2023-11-05,Basic,85.32
626,William Ford,william.ford@outlook.com,USA,2022-06-01,Basic,86.41
627,Angela Conner,angela.conner@icloud.com,USA,2021-06-22,Standard,267.02
628,Paula Cole,paula.cole@icloud.com,USA,2022-03-30,Standard,431.17
629,Lisa Pearson,lisa.pearson@yahoo.com,USA,2024-08-14,Premium,2440.03
630,Marc Alvarez,marc.alvarez@yahoo.com,USA,2025-08-30,Basic,87.49
631,Edward Brown,edward.brown@outlook.com,USA,2025-03-14,Standard,256.98
632,Dale Nolan,dale.nolan@hotmail.com,Canada,2023-05-19,Premium,842.1
633,Matthew Klein,matthew.klein@gmail.com,UAE,2023-05-02,Standard,404.72
634,William Thompson,william.thompson@outlook.com,Italy,2021-04-03,Basic,82.98
635,John Kim,john.kim@hotmail.com,UK,2022-12-15,Basic,30.16
636,Scott Mills,scott.mills@yahoo.com,UK,2021-05-30,Standard,152.53
637,Erik Watson,erik.watson@icloud.com,USA,2025-09-10,Standard,292.88
638,Justin Ortiz,justin.ortiz@outlook.com,Canada,2021-08-03,Basic,80.08
639,Matthew Harper,matthew.harper@gmail.com,Canada,2024-10-11,Basic,56.44
640,Kristina Holland,kristina.holland@yahoo.com,Japan,2022-11-19,Basic,93.87
641,Cameron Davis,cameron.davis@gmail.com,Mexico,2024-08-18,Standard,115.36
642,Erika Mitchell,erika.mitchell@gmail.com,UK,2025-10-11,Standard,456.77
643,Jennifer Douglas,jennifer.douglas@hotmail.com,Canada,2025-07-23,Basic,73.03
644,Rebecca Marks,rebecca.marks@protonmail.com,France,2022-05-10,Premium,2759.47
645,Mathew Aguilar,mathew.aguilar@hotmail.com,USA,2025-10-19,Standard,450.38
646,Donald Bailey,donald.bailey@protonmail.com,Italy,2022-02-12,Premium,577.34
647,Tammy Hale,tammy.hale@outlook.com,USA,2025-05-17,Standard,256.37
648,Philip Larson,philip.larson@outlook.com,UAE,2020-10-10,Basic,10.77
649,Sharon Collins,sharon.collins@outlook.com,Canada,2024-10-06,Premium,2913.47
650,Nicholas Conner,nicholas.conner@outlook.com,USA,2024-09-12,Standard,303.7
651,Lisa Santiago,lisa.santiago@outlook.com,India,2025-10-16,Premium,2466.81
652,Maria Rodgers,maria.rodgers@outlook.com,USA,2025-05-07,Basic,67.29
653,Gina Fox,gina.fox@protonmail.com,Canada,2022-06-12,Basic,37.31
654,Debbie Henderson,debbie.henderson@protonmail.com,Australia,2025-11-30,Standard,389.31
655,Michael Cox,michael.cox@hotmail.com,Germany,2023-03-13,Basic,76.61
656,Henry Lewis,henry.lewis@outlook.com,Japan,2022-04-03,Premium,2440.73
657,Stacey Tucker,stacey.tucker@icloud.com,USA,2020-03-20,Basic,20.2
658,Jeremy Taylor,jeremy.taylor@icloud.com,USA,2022-05-26,Basic,59.96
659,Chris Richard,chris.richard@hotmail.com,UK,2021-04-21,Premium,837.51
660,Craig Wise,craig.wise@yahoo.com,USA,2024-04-01,Basic,32.11
661,Mary Stephenson,mary.stephenson@yahoo.com,UK,2021-08-04,Premium,1769.67
662,Benjamin Rogers,benjamin.rogers@yahoo.com,USA,2024-07-14,Standard,288.14
663,Katie Anderson,katie.anderson1@protonmail.com,UK,2021-04-08,Premium,3835.48
664,Nicholas Martin,nicholas.martin@gmail.com,UK,2024-09-01,Basic,71.22
665,Marie Wise,marie.wise@yahoo.com,Brazil,2022-06-08,Premium,1924.68
666,Lisa Martin,lisa.martin@outlook.com,USA,2022-08-04,Premium,4815.91
667,Samuel Jenkins,samuel.jenkins@icloud.com,Mexico,2024-06-07,Standard,366.11
668,Erica Young,erica.young@gmail.com,UK,2025-06-11,Basic,93.93
669,Sean Mitchell,sean.mitchell@protonmail.com,USA,2025-04-07,Standard,283.36
670,Kaitlyn Cole,kaitlyn.cole@icloud.com,UK,2023-06-30,Standard,391.46
671,Amanda Collins,amanda.collins@icloud.com,UK,2025-09-21,Standard,395.78
672,Lindsey Harrison,lindsey.harrison@yahoo.com,USA,2024-09-25,Basic,52.28
673,Mary Richardson,mary.richardson@protonmail.com,UK,2025-02-26,Standard,448.18
674,Stacey Joyce,stacey.joyce@icloud.com,USA,2020-04-28,Standard,144.13
675,Steven Campbell,steven.campbell@icloud.com,USA,2020-02-17,Basic,54.53
676,Patrick Rose,patrick.rose@hotmail.com,Germany,2020-06-04,Standard,365.41
677,Tammy Montoya,tammy.montoya@protonmail.com,UK,2025-08-12,Standard,142.96
678,Laurie Taylor,laurie.taylor@yahoo.com,France,2021-04-19,Basic,90.66
679,John Davidson,john.davidson@icloud.com,USA,2021-10-07,Standard,448.22
680,Morgan Spencer,morgan.spencer@yahoo.com,Singapore,2024-01-09,Standard,464.84
681,Curtis Singleton,curtis.singleton@icloud.com,Australia,2025-11-11,Standard,280.91
682,Melissa Mitchell,melissa.mitchell@gmail.com,Singapore,2024-09-03,Basic,34.48
683,Kathryn Nelson,kathryn.nelson@protonmail.com,Japan,2024-08-29,Basic,81.89
684,Rebecca Hernandez,rebecca.hernandez@icloud.com,USA,2022-06-26,Standard,111.31
685,Samuel Potts,samuel.potts@outlook.com,UK,2025-06-01,Standard,389.99
686,Jeffrey Hayes,jeffrey.hayes@gmail.com,USA,2020-09-14,Standard,294.52
687,Michael Johnson,michael.johnson@yahoo.com,France,2022-12-26,Premium,1026.71
688,Brian Shaw,brian.shaw@icloud.com,Germany,2023-02-27,Premium,1662.47
689,Joe Vang,joe.vang@hotmail.com,USA,2022-10-21,Premium,3932.68
690,Nicholas Johnson,nicholas.johnson1@icloud.com,Italy,2024-10-09,Premium,4458.3
691,Sarah Combs,sarah.combs@icloud.com,USA,2024-06-11,Standard,227.43
692,Debra Moody,debra.moody@hotmail.com,Germany,2022-08-08,Premium,2344.42
693,Devin Mitchell,devin.mitchell@icloud.com,India,2020-07-10,Premium,1130.98
694,Maria Horton,maria.horton@yahoo.com,USA,2020-05-25,Standard,289.05
695,Dominic Thornton,dominic.thornton@outlook.com,Germany,2020-02-02,Standard,497.8
696,Shane Smith,shane.smith@protonmail.com,France,2025-01-14,Premium,4637.82
697,Christian Scott,christian.scott@icloud.com,USA,2024-01-30,Premium,4366.84
698,Mary Dunn,mary.dunn@yahoo.com,UK,2021-07-20,Standard,178.53
699,Jessica Rose,jessica.rose@protonmail.com,USA,2021-03-26,Standard,240.64
700,Daniel Roberts,daniel.roberts@hotmail.com,India,2025-10-17,Basic,23.24
701,Kevin Williams,kevin.williams@yahoo.com,USA,2025-03-30,Basic,72.34
702,Robert Bauer,robert.bauer@gmail.com,Italy,2025-08-13,Basic,47.87
703,Stephen Rodriguez,stephen.rodriguez@protonmail.com,Mexico,2021-01-23,Standard,323.4
704,Rebecca Carlson,rebecca.carlson@yahoo.com,USA,2024-03-24,Basic,65.09
705,Allen Robertson,allen.robertson@hotmail.com,USA,2021-04-11,Standard,492.13
706,John Thomas,john.thomas@icloud.com,Germany,2025-08-04,Standard,328.52
707,Ruben Mendez,ruben.mendez@outlook.com,India,2023-11-02,Standard,497.27
708,John Butler,john.butler@protonmail.com,UK,2024-10-12,Standard,337.56
709,Elizabeth Miller,elizabeth.miller@protonmail.com,USA,2020-11-12,Standard,172.48
710,Theresa Jones,theresa.jones@outlook.com,USA,2024-10-06,Premium,3559.54
711,Alicia Romero,alicia.romero@outlook.com,UAE,2022-07-25,Basic,88.01
712,Vanessa Spencer,vanessa.spencer@outlook.com,UK,2025-09-17,Premium,3725.3
713,Peter Harrison,peter.harrison@gmail.com,Brazil,2022-11-29,Standard,379.76
714,Cynthia Zavala,cynthia.zavala@hotmail.com,UK,2025-04-04,Basic,26.53
715,Jon Smith,jon.smith@protonmail.com,Italy,2021-07-07,Standard,193.96
716,Kristina Cooper,kristina.cooper@gmail.com,USA,2024-09-13,Premium,4292.19
717,Jessica Fuller,jessica.fuller@protonmail.com,USA,2024-04-16,Standard,465.39
718,Kelsey Moss,kelsey.moss@hotmail.com,Italy,2023-09-30,Standard,495.26
719,Marvin Williams,marvin.williams@outlook.com,Netherlands,2022-03-14,Basic,51.54
720,Amy Li,amy.li@yahoo.com,USA,2023-08-22,Standard,405.17
721,Gregory Maxwell,gregory.maxwell@outlook.com,USA,2022-11-29,Basic,90.21
722,Steven Dominguez,steven.dominguez@yahoo.com,UK,2024-03-27,Standard,268.99
723,Crystal Cain,crystal.cain@gmail.com,UK,2020-09-19,Basic,21.91
724,Bryan Parsons,bryan.parsons@gmail.com,USA,2020-12-17,Basic,77.23
725,Stephen Carter,stephen.carter@hotmail.com,Mexico,2022-10-30,Premium,4583.5
726,Bradley Gonzalez,bradley.gonzalez@outlook.com,USA,2022-03-06,Standard,268.85
727,Bobby Mahoney,bobby.mahoney@gmail.com,India,2021-08-26,Premium,4201.08
728,Zachary Hays,zachary.hays@gmail.com,USA,2024-09-27,Standard,148.61
729,Amy King,amy.king@hotmail.com,USA,2020-08-24,Basic,36.46
730,Karen Lee,karen.lee@outlook.com,India,2025-05-29,Standard,497.69
731,Michael Norman,michael.norman@hotmail.com,USA,2024-02-27,Standard,141.75
732,Michelle Rivera,michelle.rivera@protonmail.com,India,2023-05-30,Basic,87.77
733,David Richardson,david.richardson@protonmail.com,USA,2025-03-01,Premium,859.79
734,Pamela Paul,pamela.paul@hotmail.com,Netherlands,2024-06-02,Premium,3345.34
735,Patricia Hughes,patricia.hughes@outlook.com,Canada,2024-02-26,Basic,82.41
736,Terri Crawford,terri.crawford@gmail.com,Brazil,2022-11-05,Basic,57.03
737,Tyler Glass,tyler.glass@outlook.com,USA,2024-01-12,Standard,306.44
738,April Owen,april.owen@outlook.com,USA,2021-03-20,Standard,278.44
739,Jessica Miller,jessica.miller@outlook.com,USA,2024-10-05,Basic,14.9
740,Carrie Short,carrie.short@yahoo.com,UK,2021-01-01,Basic,22.01
741,Amy Morris,amy.morris@hotmail.com,USA,2023-01-17,Standard,204.17
742,Christopher Guerrero,christopher.guerrero@hotmail.com,USA,2024-05-27,Standard,411.88
743,Kirk Morrison,kirk.morrison@outlook.com,USA,2021-01-12,Standard,240.4
744,Ronald Norris,ronald.norris@hotmail.com,USA,2022-12-06,Basic,61.87
745,Michael Williams,michael.williams@outlook.com,USA,2025-10-29,Basic,53.52
746,Molly Gomez,molly.gomez@outlook.com,USA,2022-02-05,Standard,174.78
747,Whitney Hill,whitney.hill@gmail.com,USA,2021-10-04,Standard,445.64
748,Tina Gould,tina.gould@gmail.com,Germany,2023-06-20,Standard,296.98
749,Charles Walsh,charles.walsh@gmail.com,USA,2025-06-14,Standard,107.35
750,Michael Owen,michael.owen@icloud.com,USA,2024-02-04,Standard,496.76
751,Erin Cisneros,erin.cisneros@protonmail.com,UK,2024-01-16,Premium,2070.36
752,Douglas Lawson,douglas.lawson@hotmail.com,Canada,2025-09-10,Premium,2411.74
753,Kimberly Johnson,kimberly.johnson@yahoo.com,USA,2024-12-25,Basic,12.95
754,Carlos Osborne,carlos.osborne@hotmail.com,Germany,2025-11-16,Premium,1106.35
755,Michael Reyes,michael.reyes@icloud.com,Singapore,2024-03-15,Premium,2877.37
756,Ashley Jacobs,ashley.jacobs@icloud.com,UK,2025-11-15,Basic,47.27
757,Erika Rush,erika.rush@hotmail.com,Spain,2024-04-17,Basic,46.15
758,Nathan Hines,nathan.hines@yahoo.com,Australia,2022-02-04,Premium,4272.05
759,Audrey Moreno,audrey.moreno@icloud.com,USA,2020-11-30,Standard,370.31
760,Raymond Banks,raymond.banks@yahoo.com,UK,2021-06-12,Basic,65.27
761,John Wilson,john.wilson@outlook.com,India,2024-07-20,Standard,120.62
762,Jill Porter,jill.porter@outlook.com,UAE,2025-05-24,Standard,362.73
763,Paul Hoffman,paul.hoffman@icloud.com,UK,2024-11-06,Standard,243.59
764,Jose Green,jose.green@outlook.com,USA,2024-10-26,Standard,402.77
765,Sean Davies,sean.davies@yahoo.com,Germany,2024-12-06,Basic,99.05
766,Justin Hendricks,justin.hendricks@outlook.com,USA,2025-01-16,Premium,2468.62
767,Travis Martinez,travis.martinez@gmail.com,Canada,2024-10-10,Standard,429.27
768,Melissa Hayes,melissa.hayes@protonmail.com,UK,2022-01-31,Premium,3229.66
769,Rachel Wallace,rachel.wallace@protonmail.com,India,2023-11-24,Premium,1521.77
770,Christopher Fleming,christopher.fleming@yahoo.com,Brazil,2023-05-07,Premium,2276.82
771,Megan Flores,megan.flores@icloud.com,Germany,2021-05-25,Basic,60.55
772,Michael Brown,michael.brown@yahoo.com,Germany,2022-01-23,Premium,4006.35
773,Amber Vance,amber.vance@icloud.com,Canada,2022-02-14,Standard,425.33
774,Melissa Joseph,melissa.joseph@icloud.com,Japan,2021-01-07,Premium,4041.62
775,Sara Little,sara.little@gmail.com,Brazil,2022-05-10,Basic,69.03
776,Laura Hicks,laura.hicks@protonmail.com,USA,2025-03-07,Standard,314.8
777,David Harris,david.harris@gmail.com,Germany,2023-04-20,Basic,10.35
778,Dominic Tyler,dominic.tyler@icloud.com,USA,2025-09-22,Standard,152.47
779,Anthony Spencer,anthony.spencer@gmail.com,Japan,2020-12-09,Standard,317.49
780,Miguel Lara,miguel.lara@gmail.com,India,2025-01-01,Standard,477.97
781,Andrea Salazar,andrea.salazar@hotmail.com,UK,2024-02-18,Premium,4252.74
782,Christopher Parker,christopher.parker@hotmail.com,USA,2025-05-01,Basic,61.13
783,Yvonne Higgins,yvonne.higgins@protonmail.com,USA,2024-11-01,Basic,14.51
784,Alicia Hammond,alicia.hammond@icloud.com,India,2024-09-05,Standard,159.43
785,Madeline Jones,madeline.jones@protonmail.com,USA,2023-09-19,Standard,164.28
786,Teresa Day,teresa.day@protonmail.com,USA,2023-01-09,Standard,162.18
787,Shannon Frazier,shannon.frazier@yahoo.com,Mexico,2024-08-17,Standard,494.29
788,Melvin Humphrey,melvin.humphrey@gmail.com,Canada,2020-12-21,Basic,77.11
789,Kimberly Bowman,kimberly.bowman@yahoo.com,USA,2020-10-28,Basic,88.66
790,Hunter Burch,hunter.burch@hotmail.com,USA,2025-07-12,Standard,191.44
791,Ryan Bartlett,ryan.bartlett@hotmail.com,Singapore,2021-08-30,Standard,156.64
792,Brian Martinez,brian.martinez@outlook.com,India,2024-10-31,Basic,47.09
793,Eric Martin,eric.martin@protonmail.com,Germany,2022-04-08,Standard,437.38
794,Marcus Fletcher,marcus.fletcher@hotmail.com,USA,2023-02-10,Standard,489.93
795,Michael Everett,michael.everett@icloud.com,USA,2022-12-13,Standard,343.52
796,Patty Singleton,patty.singleton@gmail.com,USA,2023-09-17,Basic,13.34
797,John Reid,john.reid@protonmail.com,India,2025-06-09,Basic,89.62
798,Andrea Martinez,andrea.martinez@outlook.com,USA,2025-01-05,Premium,1807.79
799,Kevin Ferguson,kevin.ferguson@yahoo.com,USA,2022-05-10,Standard,370.03
800,Wayne Jackson,wayne.jackson@yahoo.com,India,2023-09-15,Premium,793.35
801,Shelly Moore,shelly.moore@hotmail.com,Netherlands,2025-03-21,Premium,4214.74
802,Donna Le,donna.le@outlook.com,Canada,2021-03-12,Standard,214.61
803,Cassie Kirby,cassie.kirby@hotmail.com,UK,2021-03-01,Basic,77.89
804,Anne Bryan,anne.bryan@protonmail.com,UK,2023-01-10,Standard,220.77
805,Anthony Williams,anthony.williams@protonmail.com,UK,2025-07-14,Standard,102.41
806,Darlene Ray,darlene.ray@gmail.com,USA,2023-12-15,Standard,447.72
807,Debra Wang,debra.wang@gmail.com,UK,2020-08-24,Standard,275.65
808,Robert Fowler,robert.fowler@icloud.com,UK,2025-02-26,Basic,59.83
809,Tyler Burton,tyler.burton@outlook.com,Germany,2025-03-29,Standard,355.21
810,Keith Frye,keith.frye@gmail.com,Mexico,2024-02-23,Standard,386.85
811,Timothy Ballard,timothy.ballard@gmail.com,UAE,2024-04-28,Basic,55.18
812,Gail Evans,gail.evans@yahoo.com,USA,2025-03-01,Standard,202.51
813,Charles Brown,charles.brown@gmail.com,USA,2024-06-13,Premium,2561.82
814,Scott Washington,scott.washington@outlook.com,USA,2025-12-31,Standard,234.17
815,James Lawson,james.lawson@hotmail.com,USA,2023-01-31,Standard,309.69
816,Larry Higgins,larry.higgins@icloud.com,USA,2022-04-28,Standard,451.11
817,Jessica Valencia,jessica.valencia@hotmail.com,USA,2025-03-18,Basic,87.01
818,Theresa Anderson,theresa.anderson@icloud.com,Canada,2024-08-30,Standard,175.2
819,Mitchell Hoffman,mitchell.hoffman@icloud.com,UK,2022-05-28,Standard,296.97
820,Luis Owens,luis.owens@gmail.com,Spain,2024-07-09,Basic,45.74
821,Joseph Wright,joseph.wright@icloud.com,USA,2025-08-02,Standard,386.7
822,Colin Roberts,colin.roberts@gmail.com,USA,2022-07-04,Standard,340.97
823,Patrick Gilbert,patrick.gilbert@gmail.com,UK,2024-11-10,Premium,2739.88
824,John Grimes,john.grimes@hotmail.com,USA,2020-06-01,Standard,199.1
825,Erik Murphy,erik.murphy@protonmail.com,USA,2024-02-18,Standard,216.9
826,Becky Edwards,becky.edwards@gmail.com,UAE,2025-05-29,Premium,3939.16
827,Kathryn Jimenez,kathryn.jimenez@icloud.com,USA,2025-03-21,Standard,380.86
828,Xavier Jimenez,xavier.jimenez@icloud.com,USA,2025-01-29,Premium,1212.76
829,Kyle Johnson,kyle.johnson@icloud.com,Germany,2024-04-29,Standard,287.93
830,Sierra Wagner,sierra.wagner@protonmail.com,UK,2023-03-08,Standard,144.81
831,Tammy Lewis,tammy.lewis@protonmail.com,Germany,2024-07-26,Standard,264.8
832,Michael Williams,michael.williams@icloud.com,USA,2023-06-01,Standard,223.18
833,Troy Khan,troy.khan@protonmail.com,France,2024-05-15,Standard,173.63
834,Destiny Ruiz,destiny.ruiz@gmail.com,USA,2024-04-09,Standard,316.91
835,Amanda Boone,amanda.boone@outlook.com,UK,2024-07-10,Premium,4576.67
836,Ryan Khan,ryan.khan@yahoo.com,India,2023-10-31,Standard,102.84
837,Jessica Gallagher,jessica.gallagher@protonmail.com,Brazil,2023-03-25,Premium,4494.63
838,Michael Morales,michael.morales@hotmail.com,USA,2023-04-25,Standard,291.08
839,Ashley Lee,ashley.lee@icloud.com,Germany,2022-09-04,Basic,58.9
840,Angela Jones,angela.jones@yahoo.com,USA,2023-01-02,Standard,182.63
841,William Duran,william.duran@hotmail.com,USA,2021-02-06,Standard,167.06
842,Joshua Hays,joshua.hays@yahoo.com,USA,2025-02-23,Basic,66.05
843,Erin Wilson,erin.wilson@hotmail.com,India,2020-05-28,Premium,799.48
844,Theresa Long,theresa.long@outlook.com,USA,2025-01-31,Basic,95.53
845,Laura Morgan,laura.morgan@icloud.com,India,2022-02-26,Basic,32.85
846,Sheila Fischer,sheila.fischer@outlook.com,USA,2025-07-29,Standard,174.84
847,James Hicks,james.hicks@hotmail.com,Japan,2024-03-13,Premium,826.64
848,Vincent Williams,vincent.williams@icloud.com,Japan,2025-12-24,Premium,3227.23
849,Derrick Cook,derrick.cook@outlook.com,USA,2025-07-13,Basic,89.98
850,Thomas Bryant,thomas.bryant@gmail.com,USA,2024-08-05,Standard,205.23
851,Catherine Robertson,catherine.robertson@outlook.com,USA,2021-06-22,Basic,52.98
852,Mark Austin,mark.austin@yahoo.com,Japan,2024-05-25,Standard,401.45
853,Francisco Ewing,francisco.ewing@protonmail.com,USA,2023-02-10,Standard,163.69
854,Jodi Evans,jodi.evans@outlook.com,Germany,2025-05-16,Standard,128.47
855,Matthew Clayton,matthew.clayton@protonmail.com,UK,2025-12-27,Standard,298.32
856,Amanda Erickson,amanda.erickson@icloud.com,Australia,2022-01-19,Standard,343.16
857,Kevin Cabrera,kevin.cabrera@icloud.com,UK,2024-10-12,Basic,46.69
858,Micheal Nunez,micheal.nunez@outlook.com,UK,2023-06-25,Standard,380.24
859,Tina Silva,tina.silva@hotmail.com,UAE,2024-03-26,Basic,63.79
860,Laura Swanson,laura.swanson@yahoo.com,USA,2024-08-18,Basic,82.42
861,Hailey Johnson,hailey.johnson@outlook.com,France,2024-11-22,Premium,4734.0
862,Thomas Coffey,thomas.coffey@gmail.com,USA,2025-02-16,Standard,426.51
863,Krista Parsons,krista.parsons@hotmail.com,UK,2022-09-04,Premium,2168.28
864,Becky Griffith,becky.griffith@outlook.com,Mexico,2025-12-03,Standard,444.05
865,Brandy Jackson,brandy.jackson@outlook.com,India,2024-10-10,Basic,15.17
866,Cristina Harvey,cristina.harvey@icloud.com,India,2022-03-06,Basic,92.65
867,Maureen Hernandez,maureen.hernandez@yahoo.com,USA,2023-12-25,Basic,34.96
868,Erin Johnson,erin.johnson@outlook.com,UK,2020-04-11,Standard,344.12
869,Stacy Rodriguez,stacy.rodriguez@icloud.com,USA,2024-01-28,Standard,338.13
870,Andrew Edwards,andrew.edwards@outlook.com,UK,2025-12-20,Standard,218.78
871,Edward Vaughn,edward.vaughn@outlook.com,UK,2021-09-29,Basic,57.24
872,Robert Hampton,robert.hampton@icloud.com,USA,2021-04-15,Premium,2356.15
873,Samantha Salas,samantha.salas@yahoo.com,USA,2023-07-21,Premium,3927.16
874,Jill Brown,jill.brown@icloud.com,USA,2022-07-17,Premium,4663.13
875,Devin Clark,devin.clark@icloud.com,USA,2022-02-12,Premium,4809.64
876,Mark Bates,mark.bates@gmail.com,USA,2024-07-20,Premium,2263.17
877,Alicia Edwards,alicia.edwards@icloud.com,Brazil,2023-01-28,Premium,1833.12
878,Glen Barr,glen.barr@yahoo.com,Germany,2025-06-09,Basic,94.34
879,Matthew Gomez,matthew.gomez@outlook.com,USA,2023-10-04,Basic,15.31
880,Kelsey Le,kelsey.le@outlook.com,India,2024-04-30,Standard,296.57
881,Dawn Steele,dawn.steele@outlook.com,Japan,2023-11-07,Basic,79.88
882,Chelsea Lee,chelsea.lee@outlook.com,USA,2022-03-20,Standard,120.18
883,John Grant,john.grant@icloud.com,USA,2023-02-18,Basic,55.3
884,Jeffrey Dudley,jeffrey.dudley@hotmail.com,USA,2024-02-02,Standard,199.9
885,Kenneth Roberts,kenneth.roberts@outlook.com,USA,2025-10-27,Standard,260.78
886,Jared Bush,jared.bush@gmail.com,Canada,2020-12-30,Standard,402.39
887,Logan Bailey,logan.bailey@outlook.com,UAE,2024-04-06,Premium,534.07
888,Sarah Pope,sarah.pope@protonmail.com,USA,2024-07-11,Standard,382.34
889,Joshua Martinez,joshua.martinez@gmail.com,Canada,2021-06-21,Basic,91.59
890,Erica James,erica.james@icloud.com,USA,2025-10-08,Basic,56.82
891,Tina Cardenas,tina.cardenas@protonmail.com,Germany,2022-01-07,Standard,235.3
892,Stephanie Ballard,stephanie.ballard@icloud.com,Canada,2025-06-30,Standard,200.09
893,Kelly Roberts,kelly.roberts@protonmail.com,USA,2024-11-02,Basic,48.2
894,Jennifer Reed,jennifer.reed@gmail.com,USA,2021-03-16,Premium,4005.95
895,Scott Scott,scott.scott@protonmail.com,Germany,2024-08-10,Premium,1386.85
896,Timothy Harris,timothy.harris@icloud.com,UAE,2021-07-14,Standard,377.81
897,Amanda Fitzpatrick,amanda.fitzpatrick@protonmail.com,USA,2024-06-13,Standard,220.95
898,Heather Taylor,heather.taylor@hotmail.com,USA,2025-09-09,Standard,374.91
899,Christina Matthews,christina.matthews@icloud.com,USA,2024-01-07,Premium,1553.56
900,John Santiago,john.santiago@icloud.com,Germany,2022-08-24,Standard,189.66
901,Amanda Little,amanda.little@outlook.com,Germany,2023-12-18,Standard,165.12
902,Brian Gutierrez,brian.gutierrez@outlook.com,Australia,2024-09-30,Basic,99.85
903,Jennifer Garcia,jennifer.garcia@outlook.com,Canada,2024-05-06,Standard,341.25
904,Kelli Smith,kelli.smith@gmail.com,Mexico,2024-02-08,Standard,348.73
905,Andrea Hickman,andrea.hickman@protonmail.com,France,2023-12-27,Basic,97.56
906,Richard Donovan,richard.donovan@protonmail.com,USA,2024-05-30,Basic,83.86
907,Natalie Woods,natalie.woods@protonmail.com,Germany,2024-10-29,Standard,230.91
908,James Maynard,james.maynard@outlook.com,USA,2024-10-28,Standard,164.96
909,Manuel Brewer,manuel.brewer@icloud.com,USA,2022-12-24,Standard,445.67
910,Rebecca Davis,rebecca.davis@outlook.com,Italy,2023-07-06,Standard,254.13
911,Audrey Nichols,audrey.nichols@protonmail.com,India,2023-12-12,Standard,128.45
912,Jennifer Zuniga,jennifer.zuniga@protonmail.com,Singapore,2025-07-01,Basic,53.83
913,Robin Thompson,robin.thompson@outlook.com,UK,2025-05-20,Basic,20.14
914,Nicole Thompson,nicole.thompson@hotmail.com,UK,2025-04-02,Basic,98.48
915,Samantha Osborn,samantha.osborn@outlook.com,UK,2022-10-22,Standard,435.31
916,Randy Simpson,randy.simpson@hotmail.com,USA,2024-07-05,Basic,69.56
917,Sharon Hayden,sharon.hayden@icloud.com,USA,2025-07-04,Basic,70.96
918,Sara Mcdowell,sara.mcdowell@hotmail.com,UK,2021-11-12,Premium,1591.68
919,Albert Bradley,albert.bradley@yahoo.com,USA,2020-12-14,Standard,465.44
920,Daniel Bird,daniel.bird@gmail.com,Italy,2021-06-03,Premium,4895.66
921,Justin Hays,justin.hays@hotmail.com,USA,2024-11-19,Standard,116.03
922,Amy Snyder,amy.snyder@hotmail.com,USA,2023-01-16,Standard,382.91
923,Sheena Rosales,sheena.rosales@outlook.com,Canada,2022-10-14,Standard,199.47
924,Taylor Lee,taylor.lee@gmail.com,USA,2024-07-01,Premium,2926.62
925,Daniel Martin,daniel.martin@gmail.com,Mexico,2025-06-12,Standard,127.65
926,Stephen Scott,stephen.scott@icloud.com,India,2025-03-21,Premium,4165.3
927,Jacob Doyle,jacob.doyle@outlook.com,USA,2024-01-27,Standard,348.86
928,Krystal Bradley,krystal.bradley@outlook.com,India,2025-08-20,Basic,96.08
929,Katherine Thompson,katherine.thompson@outlook.com,Germany,2024-12-27,Basic,95.05
930,Melissa Prince,melissa.prince@gmail.com,Canada,2025-07-17,Standard,116.71
931,Margaret Robertson,margaret.robertson@outlook.com,France,2023-04-12,Standard,290.2
932,Christopher Caldwell,christopher.caldwell@gmail.com,India,2025-01-15,Basic,13.34
933,Jack Taylor,jack.taylor@outlook.com,Germany,2025-04-29,Premium,2243.05
934,Marcus Wright,marcus.wright@outlook.com,USA,2024-07-31,Basic,93.96
935,Jose Young,jose.young@outlook.com,India,2023-05-23,Basic,14.33
936,Karen Finley,karen.finley@icloud.com,Netherlands,2022-07-17,Standard,243.18
937,Kevin Sharp,kevin.sharp@hotmail.com,Germany,2023-11-25,Premium,2441.74
938,Alexander Valdez,alexander.valdez@gmail.com,India,2021-04-28,Premium,3757.46
939,Heather Brown,heather.brown@icloud.com,UK,2020-06-29,Standard,322.04
940,David Parker,david.parker@gmail.com,Canada,2023-02-25,Standard,250.08
941,Richard Shaw,richard.shaw@gmail.com,UAE,2020-01-17,Basic,77.94
942,Paula Padilla,paula.padilla@yahoo.com,USA,2025-03-31,Standard,148.21
943,Larry Wilson,larry.wilson@protonmail.com,USA,2024-08-03,Standard,331.77
944,Sabrina Phillips,sabrina.phillips@gmail.com,Germany,2025-04-26,Standard,484.94
945,Christina Robinson,christina.robinson@protonmail.com,UK,2023-08-20,Standard,470.56
946,Dennis Hernandez,dennis.hernandez@gmail.com,Germany,2022-04-20,Premium,2983.11
947,Julie Obrien,julie.obrien@icloud.com,USA,2022-05-31,Standard,265.31
948,Robert Dunn,robert.dunn@hotmail.com,UK,2025-01-18,Standard,187.85
949,Thomas Medina,thomas.medina@gmail.com,Germany,2021-11-14,Basic,86.49
950,Elizabeth Robinson,elizabeth.robinson@yahoo.com,Germany,2024-02-08,Standard,107.26
951,John Fischer,john.fischer@yahoo.com,India,2022-02-07,Standard,355.52
952,Morgan Miller,morgan.miller@protonmail.com,India,2023-03-29,Basic,78.64
953,Sean Padilla,sean.padilla@gmail.com,India,2020-01-03,Standard,386.31
954,Christian Elliott,christian.elliott@icloud.com,Australia,2023-11-20,Basic,14.03
955,Bryan Kelley,bryan.kelley@protonmail.com,Germany,2021-11-13,Standard,467.15
956,William Armstrong,william.armstrong@yahoo.com,UK,2025-07-15,Basic,35.61
957,Edward Murphy,edward.murphy@protonmail.com,Germany,2021-07-25,Standard,224.23
958,Abigail Wilson,abigail.wilson@outlook.com,USA,2022-12-07,Standard,317.45
959,Jamie Aguilar,jamie.aguilar@icloud.com,USA,2020-10-19,Basic,64.9
960,Christopher Dixon,christopher.dixon@gmail.com,UK,2025-04-16,Premium,2750.58
961,Lindsey Chavez,lindsey.chavez@outlook.com,Brazil,2024-11-18,Basic,44.46
962,William Bryant,william.bryant@outlook.com,India,2024-05-04,Standard,482.57
963,Brian Ford,brian.ford@protonmail.com,USA,2024-05-02,Premium,4367.75
964,Lindsay Cummings,lindsay.cummings@hotmail.com,Germany,2025-03-07,Premium,4062.76
965,Randy Velasquez,randy.velasquez@outlook.com,USA,2021-08-13,Basic,20.82
966,Julie Lane,julie.lane@protonmail.com,India,2025-01-24,Basic,36.85
967,Brandon Cooper,brandon.cooper@gmail.com,France,2025-08-28,Standard,244.05
968,Bryce Mcknight,bryce.mcknight@protonmail.com,Germany,2020-04-09,Premium,3118.39
969,Sarah Jones,sarah.jones@icloud.com,Germany,2021-12-14,Standard,148.74
970,Sarah Johnson,sarah.johnson@icloud.com,USA,2024-08-23,Standard,464.96
971,Robert Mack,robert.mack@icloud.com,UK,2021-07-17,Basic,96.78
972,Katie Good,katie.good@hotmail.com,Brazil,2022-08-07,Standard,369.04
973,Debbie Fisher,debbie.fisher@protonmail.com,India,2023-10-16,Standard,179.89
974,Victoria Reyes,victoria.reyes@outlook.com,UK,2021-07-24,Premium,3264.19
975,Molly Knox,molly.knox@protonmail.com,USA,2024-02-13,Standard,282.2
976,Nicholas Vega,nicholas.vega@yahoo.com,USA,2023-10-09,Standard,116.28
977,Dorothy Ryan,dorothy.ryan@outlook.com,USA,2024-05-31,Standard,158.29
978,Desiree Bailey,desiree.bailey@icloud.com,USA,2023-03-06,Standard,305.03
979,Gregory Medina,gregory.medina@icloud.com,USA,2023-01-11,Basic,48.25
980,Allison Luna,allison.luna@hotmail.com,Netherlands,2023-01-10,Standard,470.22
981,Jeffrey Smith,jeffrey.smith@protonmail.com,UK,2025-11-19,Basic,29.05
982,Andrew Evans,andrew.evans@outlook.com,USA,2023-01-25,Standard,200.25
983,Emily Stephens,emily.stephens@icloud.com,USA,2024-01-11,Premium,3806.55
984,Amanda Morrow,amanda.morrow@icloud.com,USA,2025-07-29,Basic,58.95
985,John Reed,john.reed@hotmail.com,France,2024-11-07,Standard,423.72
986,Joshua Pineda,joshua.pineda@outlook.com,USA,2022-05-30,Standard,344.13
987,Jessica Rodriguez,jessica.rodriguez@outlook.com,Canada,2021-06-11,Premium,3308.04
988,Lisa Barnes,lisa.barnes@outlook.com,Australia,2024-02-25,Standard,220.03
989,Katie Stephenson,katie.stephenson@gmail.com,USA,2024-04-02,Basic,25.07
990,Alexis Harris,alexis.harris@icloud.com,Germany,2024-05-31,Standard,390.6
991,Craig Johnson,craig.johnson@yahoo.com,Netherlands,2024-05-24,Premium,4921.86
992,Carla Warner,carla.warner@protonmail.com,UK,2020-04-20,Standard,479.25
993,Brandon Yang,brandon.yang@icloud.com,USA,2024-03-11,Standard,228.31
994,Richard Young,richard.young@gmail.com,Italy,2024-03-01,Basic,31.41
995,Jeff Shields,jeff.shields@icloud.com,Mexico,2025-02-27,Standard,349.93
996,Brian Gordon,brian.gordon@outlook.com,UK,2024-03-14,Basic,17.66
997,Keith Cabrera,keith.cabrera@yahoo.com,Germany,2023-04-08,Standard,371.36
998,Jessica Flores,jessica.flores@gmail.com,USA,2024-06-05,Standard,162.46
999,Carla Chambers,carla.chambers@outlook.com,France,2024-01-24,Standard,391.74
1000,Malik Turner,malik.turner@yahoo.com,UK,2023-09-15,Standard,284.61
1001,Douglas Keller,douglas.keller@protonmail.com,USA,2024-07-12,Basic,31.64
1002,Jeffrey Turner,jeffrey.turner@yahoo.com,India,2022-06-27,Premium,3778.73
1003,Bruce Fry,bruce.fry@outlook.com,Netherlands,2021-10-09,Standard,236.2
1004,Nichole Buck,nichole.buck@yahoo.com,France,2024-09-05,Basic,53.78
1005,Connie Simmons,connie.simmons@outlook.com,USA,2023-09-27,Standard,376.31
1006,Tyler Compton,tyler.compton@gmail.com,USA,2024-10-01,Premium,1241.98
1007,Shelly Powers,shelly.powers@gmail.com,Italy,2023-04-28,Basic,33.85
1008,Kristi Flores,kristi.flores@outlook.com,Italy,2025-06-13,Standard,285.96
1009,Robert Hernandez,robert.hernandez@yahoo.com,UK,2024-09-01,Basic,61.26
1010,Nicholas Webster,nicholas.webster@yahoo.com,India,2024-07-31,Standard,353.19
1011,Thomas Atkinson,thomas.atkinson@hotmail.com,UK,2023-04-10,Premium,1517.59
1012,Kevin Zimmerman,kevin.zimmerman@outlook.com,UK,2025-03-20,Standard,411.78
1013,Linda Melendez,linda.melendez@hotmail.com,USA,2023-02-05,Standard,226.44
1014,Anna Faulkner,anna.faulkner@hotmail.com,USA,2025-04-13,Basic,63.27
1015,Angela Anderson,angela.anderson@protonmail.com,USA,2023-12-04,Standard,451.44
1016,John Harris,john.harris@gmail.com,Japan,2022-02-08,Basic,58.62
1017,Deborah Nielsen,deborah.nielsen@hotmail.com,USA,2024-01-14,Standard,416.96
1018,Melanie Davis,melanie.davis@hotmail.com,USA,2023-05-17,Standard,185.95
1019,Jenny Lee,jenny.lee@yahoo.com,Germany,2022-06-26,Premium,2457.96
1020,Joseph Nunez,joseph.nunez@outlook.com,USA,2023-12-11,Standard,113.27
1021,Carrie Russo,carrie.russo@protonmail.com,USA,2021-12-13,Standard,193.75
1022,Jacob Gill,jacob.gill@gmail.com,Germany,2025-02-22,Standard,396.73
1023,Jennifer Hansen,jennifer.hansen@protonmail.com,USA,2024-07-10,Basic,90.61
1024,Timothy Booth,timothy.booth@outlook.com,Germany,2021-07-18,Standard,302.19
1025,Mason Krueger,mason.krueger@yahoo.com,Spain,2024-03-16,Standard,479.91
1026,Alexis Giles,alexis.giles@yahoo.com,USA,2024-08-31,Premium,3207.06
1027,Suzanne Wilson,suzanne.wilson@gmail.com,Spain,2024-10-16,Basic,19.11
1028,Yvonne Mendoza,yvonne.mendoza@outlook.com,Spain,2024-11-13,Premium,2752.17
1029,John Munoz,john.munoz@icloud.com,France,2020-10-20,Standard,385.05
1030,James Herman,james.herman@protonmail.com,Germany,2022-06-14,Premium,3963.69
1031,Andrea Rowe,andrea.rowe@hotmail.com,Germany,2024-09-20,Premium,516.75
1032,Oscar Ferguson,oscar.ferguson@icloud.com,India,2024-09-16,Standard,303.52
1033,Michael Green,michael.green@outlook.com,India,2024-11-03,Standard,423.86
1034,William Crawford,william.crawford@icloud.com,USA,2020-03-03,Standard,108.7
1035,Corey Zavala,corey.zavala@icloud.com,Netherlands,2025-03-13,Standard,396.45
1036,Terrance Franco,terrance.franco@outlook.com,Germany,2023-11-15,Basic,73.05
1037,Robin Wood,robin.wood@hotmail.com,Australia,2024-10-27,Standard,334.9
1038,Robert Hart,robert.hart@outlook.com,USA,2022-07-04,Standard,488.15
1039,Jeffrey Thomas,jeffrey.thomas@yahoo.com,USA,2024-01-30,Basic,47.92
1040,Jose Donovan,jose.donovan@protonmail.com,UK,2025-04-12,Standard,148.82
1041,Beth Butler,beth.butler@protonmail.com,UK,2022-08-10,Standard,205.3
1042,Elijah Rivera,elijah.rivera@gmail.com,UK,2025-06-18,Standard,154.64
1043,Noah Whitaker,noah.whitaker@protonmail.com,USA,2024-05-22,Premium,1401.15
1044,Victor Pena,victor.pena@outlook.com,USA,2022-11-24,Standard,308.96
1045,Gail Scott,gail.scott@hotmail.com,UK,2022-10-19,Standard,294.29
1046,Lorraine Levy,lorraine.levy@outlook.com,USA,2024-01-16,Basic,72.51
1047,Darlene Henry,darlene.henry@hotmail.com,Singapore,2022-01-18,Basic,45.55
1048,Gary Norton,gary.norton@gmail.com,USA,2020-07-19,Premium,4009.23
1049,Gary Cortez,gary.cortez@icloud.com,USA,2025-11-24,Premium,1421.66
1050,Tracy Stark,tracy.stark@hotmail.com,USA,2024-08-30,Standard,288.09
1051,Amber May,amber.may@protonmail.com,Germany,2024-10-07,Standard,475.94
1052,Brian Johnson,brian.johnson@gmail.com,UK,2024-07-14,Standard,214.71
1053,Melanie Landry,melanie.landry@icloud.com,India,2024-10-19,Standard,310.69
1054,Elizabeth Duran,elizabeth.duran@hotmail.com,Netherlands,2024-11-18,Standard,326.43
1055,Robert Kirby,robert.kirby@gmail.com,USA,2020-12-08,Basic,11.58
1056,Jesse Mann,jesse.mann@icloud.com,India,2022-09-27,Standard,238.62
1057,Albert Wagner,albert.wagner@yahoo.com,USA,2024-09-01,Premium,4740.56
1058,Nathaniel Williamson,nathaniel.williamson@outlook.com,USA,2025-08-27,Standard,397.99
1059,Elizabeth Jensen,elizabeth.jensen@hotmail.com,UK,2023-02-27,Standard,168.21
1060,Timothy Freeman,timothy.freeman@outlook.com,USA,2025-07-29,Standard,272.24
1061,Adam Arnold,adam.arnold@yahoo.com,Germany,2024-02-10,Standard,391.33
1062,Alexander Moreno,alexander.moreno@protonmail.com,India,2023-09-13,Standard,136.63
1063,Joshua Madden,joshua.madden@icloud.com,Canada,2023-01-18,Basic,44.09
1064,Andre Li,andre.li@yahoo.com,UK,2021-08-20,Basic,90.42
1065,Emily Drake,emily.drake@outlook.com,Germany,2024-06-08,Standard,133.64
1066,Renee Rodriguez,renee.rodriguez@protonmail.com,UK,2020-11-03,Premium,1062.05
1067,Cole Hernandez,cole.hernandez@outlook.com,USA,2023-08-21,Standard,265.38
1068,James Fox,james.fox@gmail.com,USA,2022-11-28,Standard,381.96
1069,Lisa Adams,lisa.adams1@outlook.com,India,2025-01-01,Basic,43.55
1070,Randy Watson,randy.watson@outlook.com,UAE,2023-03-07,Standard,213.41
1071,Richard Cunningham,richard.cunningham@gmail.com,USA,2023-05-26,Standard,316.55
1072,Veronica Perez,veronica.perez@hotmail.com,Germany,2023-10-19,Basic,17.78
1073,Gabriella Abbott,gabriella.abbott@gmail.com,Canada,2021-06-11,Standard,440.29
1074,Desiree Garrison,desiree.garrison@icloud.com,France,2023-06-07,Standard,307.72
1075,Katherine Davis,katherine.davis@hotmail.com,Germany,2024-10-11,Standard,385.16
1076,Nicholas Tran,nicholas.tran@yahoo.com,Germany,2024-07-05,Standard,486.84
1077,Brian Smith,brian.smith@yahoo.com,India,2023-01-14,Standard,121.8
1078,George Porter,george.porter@icloud.com,Japan,2025-06-05,Basic,24.21
1079,Ryan Mueller,ryan.mueller@gmail.com,USA,2020-03-20,Standard,160.03
1080,Ariel Hodge,ariel.hodge@icloud.com,Italy,2025-09-10,Standard,268.51
1081,Cody Rice,cody.rice@yahoo.com,USA,2020-11-01,Premium,1626.73
1082,Brad Lewis,brad.lewis@protonmail.com,Japan,2025-08-16,Premium,1460.49
1083,Miranda Clay,miranda.clay@hotmail.com,USA,2025-01-06,Standard,375.57
1084,Thomas Williams,thomas.williams@outlook.com,USA,2025-02-23,Basic,72.44
1085,Charles Frost,charles.frost@protonmail.com,USA,2020-09-09,Standard,367.26
1086,Rachel Elliott,rachel.elliott@yahoo.com,UK,2024-08-04,Standard,453.97
1087,Antonio Mcfarland,antonio.mcfarland@icloud.com,USA,2025-01-28,Premium,4693.19
1088,Leonard Ali,leonard.ali@yahoo.com,USA,2024-01-25,Standard,298.13
1089,Brenda Goodwin,brenda.goodwin@protonmail.com,UK,2023-12-03,Standard,207.57
1090,Jennifer Sanders,jennifer.sanders@icloud.com,UK,2023-11-02,Basic,63.39
1091,Chase Martin,chase.martin@outlook.com,Canada,2021-11-11,Standard,119.43
1092,John Davenport,john.davenport@protonmail.com,Mexico,2023-07-22,Basic,26.98
1093,Paul Mosley,paul.mosley@icloud.com,India,2020-01-07,Basic,72.01
1094,Martin Campos,martin.campos@yahoo.com,USA,2024-10-01,Standard,394.52
1095,Donald Hinton,donald.hinton@icloud.com,USA,2023-09-23,Standard,419.98
1096,Jennifer Mason,jennifer.mason@outlook.com,Spain,2022-06-21,Basic,41.28
1097,Terri Brown,terri.brown@outlook.com,USA,2020-10-09,Basic,69.98
1098,Samuel Roberson,samuel.roberson@gmail.com,UK,2025-03-15,Standard,274.12
1099,Matthew Mack,matthew.mack@protonmail.com,Netherlands,2024-03-07,Standard,411.56
1100,Stephanie Sanders,stephanie.sanders@outlook.com,Netherlands,2024-03-31,Standard,349.08
1101,Kim Johnson,kim.johnson@hotmail.com,UK,2024-09-26,Basic,99.24
1102,Joshua Riddle,joshua.riddle@yahoo.com,India,2024-06-07,Basic,88.52
1103,Tracy Kelly,tracy.kelly@gmail.com,UK,2023-08-31,Basic,10.76
1104,Shelley Reynolds,shelley.reynolds@hotmail.com,Canada,2024-05-23,Premium,2273.53
1105,Erin Guerrero,erin.guerrero@yahoo.com,USA,2022-02-13,Standard,274.84
1106,Christopher Montgomery,christopher.montgomery@yahoo.com,USA,2024-02-12,Basic,85.18
1107,Lauren Marquez,lauren.marquez@protonmail.com,Germany,2022-05-13,Standard,173.25
1108,Christopher Moore,christopher.moore@outlook.com,USA,2025-08-08,Basic,87.18
1109,Jennifer Walters,jennifer.walters@protonmail.com,India,2024-12-08,Standard,457.71
1110,Jodi Stewart,jodi.stewart@gmail.com,USA,2022-11-18,Basic,41.32
1111,Daniel Smith,daniel.smith@protonmail.com,Mexico,2024-07-03,Standard,248.52
1112,Kyle Ward,kyle.ward@yahoo.com,France,2021-12-03,Premium,917.72
1113,Joseph Anderson,joseph.anderson@gmail.com,UK,2023-07-22,Premium,1611.08
1114,Jacob Cole,jacob.cole@hotmail.com,Canada,2025-11-07,Basic,40.53
1115,Angela Russell,angela.russell@outlook.com,USA,2024-11-12,Premium,4676.19
1116,Anthony Gomez,anthony.gomez@hotmail.com,UK,2024-03-03,Basic,77.88
1117,Christopher George,christopher.george@hotmail.com,USA,2023-05-08,Standard,261.31
1118,Mark Cruz,mark.cruz@yahoo.com,Japan,2023-04-11,Standard,346.67
1119,Kelly Hughes,kelly.hughes@yahoo.com,France,2020-05-05,Standard,396.25
1120,Christopher Santana,christopher.santana@outlook.com,Spain,2024-10-11,Basic,45.56
1121,Rebecca Spence,rebecca.spence@gmail.com,Brazil,2024-01-02,Basic,15.95
1122,Ashley Jackson,ashley.jackson@protonmail.com,Netherlands,2020-04-10,Basic,95.85
1123,Oscar Taylor,oscar.taylor@outlook.com,USA,2021-05-24,Basic,76.98
1124,Kevin Snyder,kevin.snyder@gmail.com,Italy,2020-12-08,Standard,236.67
1125,Bryan Hamilton,bryan.hamilton@protonmail.com,Germany,2022-07-24,Basic,86.71
1126,Robert Washington,robert.washington@outlook.com,UK,2020-08-13,Standard,144.89
1127,Chase King,chase.king@yahoo.com,Germany,2023-10-08,Standard,461.64
1128,John Weber,john.weber@protonmail.com,USA,2023-10-08,Standard,401.02
1129,Brittney Gonzalez,brittney.gonzalez@protonmail.com,USA,2023-10-03,Standard,345.02
1130,Daniel Torres,daniel.torres@outlook.com,USA,2022-04-01,Basic,91.98
1131,Stacy Cook,stacy.cook@gmail.com,USA,2024-02-17,Standard,430.92
1132,Christine Brock,christine.brock@hotmail.com,UK,2025-05-12,Basic,70.64
1133,Mark Cook,mark.cook@hotmail.com,Mexico,2022-10-21,Basic,81.87
1134,Lisa Villarreal,lisa.villarreal@protonmail.com,Germany,2022-02-28,Standard,344.37
1135,Terri Taylor,terri.taylor@outlook.com,UK,2024-03-19,Premium,1004.47
1136,Malik Valentine,malik.valentine@yahoo.com,UK,2022-07-07,Standard,495.01
1137,James Edwards,james.edwards@icloud.com,UK,2023-12-25,Premium,3080.31
1138,Tamara Novak,tamara.novak@icloud.com,USA,2023-10-09,Basic,32.47
1139,Kelly Neal,kelly.neal@icloud.com,France,2023-03-23,Standard,382.61
1140,Travis Johnston,travis.johnston@hotmail.com,USA,2025-10-14,Standard,396.73
1141,John Bennett,john.bennett@gmail.com,India,2025-02-08,Standard,242.51
1142,Lisa Long,lisa.long@icloud.com,Canada,2023-01-17,Standard,414.46
1143,Daniel Elliott,daniel.elliott@outlook.com,Germany,2023-04-24,Standard,271.89
1144,Brittany Gardner,brittany.gardner@hotmail.com,Brazil,2025-07-31,Standard,100.22
1145,Erin Pierce,erin.pierce@yahoo.com,USA,2024-05-09,Standard,390.91
1146,Stephanie Murray,stephanie.murray@gmail.com,Brazil,2025-04-15,Basic,61.34
1147,Jeanette Gonzales,jeanette.gonzales@protonmail.com,India,2024-12-23,Premium,1031.7
1148,Kelly Schwartz,kelly.schwartz@hotmail.com,Australia,2022-04-08,Standard,373.59
1149,Lori Flynn,lori.flynn@yahoo.com,India,2022-08-07,Premium,4901.02
1150,Robert Porter,robert.porter@gmail.com,Japan,2021-01-13,Standard,451.2
1151,Cynthia Allen,cynthia.allen@hotmail.com,UAE,2025-06-28,Premium,1521.05
1152,Donna Espinoza,donna.espinoza@hotmail.com,UK,2022-07-03,Basic,47.1
1153,Kristina Jones,kristina.jones@yahoo.com,France,2024-03-06,Premium,1487.28
1154,Vicki Mendoza,vicki.mendoza@outlook.com,Canada,2024-04-15,Standard,320.88
1155,Richard Hunter,richard.hunter@yahoo.com,UK,2025-01-31,Standard,135.54
1156,Samantha Holt,samantha.holt@yahoo.com,Italy,2024-05-01,Standard,382.92
1157,Amy Gibbs,amy.gibbs@hotmail.com,UK,2020-12-24,Premium,554.01
1158,Michael Woodard,michael.woodard@icloud.com,Germany,2023-12-21,Basic,71.74
1159,Amanda Little,amanda.little@gmail.com,USA,2024-11-25,Basic,58.27
1160,Christopher Mack,christopher.mack@protonmail.com,USA,2025-06-18,Standard,414.06
1161,Diane Kelly,diane.kelly@icloud.com,Japan,2024-07-20,Basic,90.76
1162,Deborah Williams,deborah.williams@hotmail.com,UK,2024-11-22,Standard,312.18
1163,Tonya Byrd,tonya.byrd@hotmail.com,UK,2025-07-29,Standard,282.51
1164,Reginald Goodwin,reginald.goodwin@gmail.com,USA,2023-09-09,Basic,71.41
1165,Tammy Jordan,tammy.jordan@protonmail.com,UK,2020-08-26,Premium,780.57
1166,Alex Green,alex.green@gmail.com,France,2025-12-18,Standard,234.24
1167,William Stone,william.stone@protonmail.com,Mexico,2024-03-31,Premium,1449.72
1168,Beverly Johnston,beverly.johnston@icloud.com,USA,2025-01-26,Standard,282.82
1169,Sean Myers,sean.myers@hotmail.com,Germany,2023-01-16,Standard,164.36
1170,Kelsey Chapman,kelsey.chapman@hotmail.com,UK,2024-01-02,Basic,25.72
1171,Vincent Cooper,vincent.cooper@hotmail.com,Germany,2023-12-30,Standard,316.58
1172,Angel Garcia,angel.garcia@protonmail.com,UK,2023-01-25,Basic,60.77
1173,Robert Nixon,robert.nixon@icloud.com,UK,2021-08-08,Premium,2964.77
1174,Darren Shepard,darren.shepard@yahoo.com,UK,2024-05-02,Standard,362.9
1175,Donald Collins,donald.collins@icloud.com,Germany,2022-02-22,Standard,187.83
1176,Stanley Clark,stanley.clark@protonmail.com,UK,2022-12-30,Premium,2370.15
1177,Timothy Alvarez,timothy.alvarez@icloud.com,UK,2023-02-23,Premium,1476.61
1178,Samuel Horton,samuel.horton@hotmail.com,France,2023-09-22,Standard,146.5
1179,Luis Evans,luis.evans@yahoo.com,Canada,2024-05-09,Standard,231.36
1180,Lisa Wilson,lisa.wilson@outlook.com,USA,2024-03-24,Standard,290.74
1181,Melinda Wong,melinda.wong@yahoo.com,Australia,2024-02-10,Basic,51.09
1182,Erica Martin,erica.martin@gmail.com,Japan,2023-01-12,Standard,488.14
1183,Tonya Sanchez,tonya.sanchez@hotmail.com,USA,2023-08-09,Premium,837.82
1184,Greg Moore,greg.moore@gmail.com,Germany,2021-03-11,Premium,3814.02
1185,Anita Mullen,anita.mullen@icloud.com,USA,2024-09-24,Premium,2142.43
1186,Jesse Sullivan,jesse.sullivan@outlook.com,Canada,2025-02-24,Standard,314.37
1187,Jack Davidson,jack.davidson@yahoo.com,USA,2023-04-11,Basic,18.71
1188,Ryan Johnson,ryan.johnson@hotmail.com,India,2025-05-07,Standard,400.41
1189,Christina Gonzalez,christina.gonzalez@outlook.com,USA,2021-05-10,Premium,683.51
1190,Brittany Price,brittany.price@yahoo.com,UK,2024-02-14,Standard,338.54
1191,Janet Harris,janet.harris@yahoo.com,Netherlands,2024-07-10,Standard,369.95
1192,Karen Stokes,karen.stokes@hotmail.com,USA,2024-07-28,Standard,298.89
1193,Bryan Garcia,bryan.garcia@icloud.com,Brazil,2024-06-22,Basic,96.54
1194,Monica Lopez,monica.lopez@protonmail.com,UAE,2020-11-11,Standard,253.15
1195,Mark Ellis,mark.ellis@protonmail.com,Brazil,2024-08-27,Standard,108.17
1196,Jose Huffman,jose.huffman@gmail.com,USA,2023-01-08,Basic,38.67
1197,Allison Fowler,allison.fowler@gmail.com,France,2024-10-03,Standard,470.18
1198,Candice Carr,candice.carr@hotmail.com,USA,2020-09-06,Basic,73.58
1199,Brenda Bailey,brenda.bailey@hotmail.com,UK,2022-01-12,Basic,93.71
1200,Megan Williamson,megan.williamson@gmail.com,Brazil,2025-02-01,Standard,478.76
1201,Lisa Mccarthy,lisa.mccarthy@outlook.com,India,2022-02-21,Standard,113.35
1202,Kenneth Mendez,kenneth.mendez@outlook.com,UK,2023-07-25,Basic,20.23
1203,Christopher Anderson,christopher.anderson@hotmail.com,USA,2022-01-11,Standard,367.13
1204,David Torres,david.torres@gmail.com,France,2024-09-27,Standard,217.18
1205,Isaac Steele,isaac.steele@icloud.com,India,2024-07-14,Standard,334.42
1206,William Barnes,william.barnes@icloud.com,UK,2025-02-28,Basic,49.61
1207,Devin Reyes,devin.reyes@protonmail.com,Mexico,2024-08-21,Standard,454.28
1208,Jacob Reid,jacob.reid@hotmail.com,USA,2022-06-02,Premium,3647.0
1209,Heather Brewer,heather.brewer@protonmail.com,USA,2020-07-02,Standard,382.83
1210,Zoe Peters,zoe.peters@gmail.com,India,2022-10-15,Standard,312.22
1211,Tracy Taylor,tracy.taylor@hotmail.com,Singapore,2024-01-23,Standard,450.16
1212,Leonard Hayes,leonard.hayes@protonmail.com,USA,2025-08-08,Standard,340.26
1213,Brian Howard,brian.howard@yahoo.com,USA,2020-07-05,Standard,169.59
1214,Albert Taylor,albert.taylor@outlook.com,USA,2023-06-27,Standard,314.73
1215,Lisa Maynard,lisa.maynard@outlook.com,Japan,2024-05-20,Premium,1170.96
1216,William Simpson,william.simpson@icloud.com,USA,2024-10-05,Standard,282.64
1217,Gail Perry,gail.perry@icloud.com,UK,2024-09-13,Standard,118.79
1218,Mary Burns,mary.burns@gmail.com,UAE,2023-07-04,Basic,16.64
1219,Christopher Johnson,christopher.johnson@icloud.com,USA,2022-09-25,Standard,332.38
1220,Kathleen Carter,kathleen.carter@protonmail.com,Germany,2023-06-14,Standard,489.14
1221,Joshua Medina,joshua.medina@hotmail.com,UK,2023-04-29,Standard,269.16
1222,Gary Ellis,gary.ellis@icloud.com,France,2024-09-26,Premium,2862.73
1223,Julia Cannon,julia.cannon@protonmail.com,USA,2021-08-29,Premium,4893.26
1224,Andrea Wilson,andrea.wilson@outlook.com,UK,2023-09-11,Basic,23.56
1225,Danny Hampton,danny.hampton@icloud.com,USA,2025-03-18,Premium,4414.35
1226,Madeline Richardson,madeline.richardson@protonmail.com,Canada,2024-01-18,Premium,2791.29
1227,Lynn Williams,lynn.williams@gmail.com,Australia,2022-11-27,Basic,79.86
1228,Jennifer Payne,jennifer.payne@yahoo.com,USA,2025-02-12,Standard,396.19
1229,Veronica Garcia,veronica.garcia@protonmail.com,UK,2022-05-20,Standard,460.51
1230,Maria Potter,maria.potter@gmail.com,Mexico,2024-07-28,Standard,319.51
1231,Kenneth Kidd,kenneth.kidd@outlook.com,USA,2021-01-04,Basic,32.47
1232,Shannon Bailey,shannon.bailey@gmail.com,USA,2025-05-31,Premium,3757.63
1233,Lisa Gonzales,lisa.gonzales@outlook.com,Germany,2022-07-09,Standard,441.02
1234,Victoria Rowe,victoria.rowe@gmail.com,USA,2023-01-13,Basic,39.06
1235,Joel Cochran,joel.cochran@icloud.com,USA,2025-08-07,Basic,69.29
1236,Brianna Bell,brianna.bell@yahoo.com,UK,2024-07-02,Basic,45.9
1237,Jennifer Chen,jennifer.chen@hotmail.com,USA,2022-01-27,Standard,378.5
1238,Gabriel Taylor,gabriel.taylor@gmail.com,UK,2020-11-26,Basic,82.8
1239,Jamie Clark,jamie.clark@outlook.com,India,2020-09-13,Standard,353.66
1240,Brian Bell,brian.bell@yahoo.com,Germany,2022-10-09,Basic,79.91
1241,Juan Ryan,juan.ryan@protonmail.com,USA,2024-01-03,Basic,42.21
1242,Mario Padilla,mario.padilla@hotmail.com,Japan,2023-11-13,Premium,4328.53
1243,Keith Adams,keith.adams@icloud.com,USA,2025-09-17,Standard,223.63
1244,Michele Duke,michele.duke@icloud.com,Canada,2024-10-19,Standard,192.62
1245,Erin Davis,erin.davis@icloud.com,USA,2025-03-23,Basic,58.22
1246,Sydney Floyd,sydney.floyd@protonmail.com,Australia,2024-07-28,Premium,2080.98
1247,Samantha Riddle,samantha.riddle@hotmail.com,USA,2023-08-09,Basic,73.82
1248,Michelle Martinez,michelle.martinez@hotmail.com,USA,2024-03-06,Standard,215.45
1249,Michelle Wright,michelle.wright1@gmail.com,UK,2023-09-13,Standard,470.9
1250,Jennifer Poole,jennifer.poole@hotmail.com,USA,2022-11-19,Standard,151.86
1251,Kathleen Lowe,kathleen.lowe@hotmail.com,USA,2025-07-27,Basic,82.02
1252,Tracy Ray,tracy.ray@protonmail.com,India,2024-03-27,Premium,3394.36
1253,Joseph Perry,joseph.perry@gmail.com,Japan,2023-06-06,Standard,365.09
1254,Shannon Schultz,shannon.schultz@protonmail.com,USA,2023-01-12,Premium,1908.29
1255,Nicole Davis,nicole.davis@gmail.com,Brazil,2022-04-23,Basic,47.68
1256,Zachary Ramirez,zachary.ramirez@protonmail.com,Australia,2024-02-11,Basic,49.3
1257,Sharon Wood,sharon.wood@yahoo.com,Brazil,2023-07-17,Standard,110.66
1258,Stephanie Murphy,stephanie.murphy@hotmail.com,India,2025-04-20,Standard,170.92
1259,Aaron Schroeder,aaron.schroeder@yahoo.com,India,2024-12-21,Standard,152.09
1260,Jessica Simon,jessica.simon@hotmail.com,UK,2023-08-18,Standard,260.74
1261,Stephen Beck,stephen.beck@gmail.com,India,2024-04-15,Basic,86.87
1262,Michael Brown,michael.brown1@yahoo.com,Spain,2025-08-31,Standard,348.12
1263,Amanda Robinson,amanda.robinson@gmail.com,USA,2025-02-04,Standard,203.59
1264,Russell Lewis,russell.lewis@yahoo.com,USA,2023-04-11,Basic,49.09
1265,Joseph Clayton,joseph.clayton@gmail.com,USA,2023-12-03,Standard,261.46
1266,Matthew Lane,matthew.lane@hotmail.com,Netherlands,2024-04-30,Premium,819.22
1267,Ashlee Washington,ashlee.washington@icloud.com,UK,2025-05-21,Premium,735.61
1268,Matthew Fleming,matthew.fleming@gmail.com,India,2025-05-14,Standard,487.11
1269,Brandon Garcia,brandon.garcia@gmail.com,Japan,2023-07-22,Standard,183.55
1270,Kristen Stevens,kristen.stevens@gmail.com,UAE,2024-04-19,Premium,3069.95
1271,David Mathews,david.mathews@yahoo.com,USA,2022-01-08,Standard,459.83
1272,Scott Smith,scott.smith@yahoo.com,Australia,2021-07-31,Standard,296.91
1273,Susan Harris,susan.harris@protonmail.com,Mexico,2022-09-19,Standard,180.1
1274,Haley Anderson,haley.anderson@protonmail.com,USA,2020-01-08,Premium,3268.5
1275,Debra Moore,debra.moore@protonmail.com,Canada,2024-02-28,Standard,104.9
1276,Sarah Hill,sarah.hill@yahoo.com,USA,2023-12-06,Premium,4047.88
1277,Diamond Wright,diamond.wright@protonmail.com,India,2024-02-11,Standard,458.54
1278,Nathan Mckee,nathan.mckee@icloud.com,UK,2024-01-25,Premium,4113.45
1279,Gabriel Sanders,gabriel.sanders@yahoo.com,USA,2021-06-01,Standard,307.27
1280,Kevin Lyons,kevin.lyons@icloud.com,USA,2024-09-01,Basic,18.89
1281,Jim Rios,jim.rios@protonmail.com,USA,2022-11-28,Premium,1146.38
1282,Jane Smith,jane.smith@yahoo.com,USA,2020-12-10,Basic,18.23
1283,Thomas Anderson,thomas.anderson@gmail.com,India,2025-03-04,Standard,123.02
1284,Jeremy Frazier,jeremy.frazier@protonmail.com,USA,2020-05-25,Standard,336.35
1285,Albert Dominguez,albert.dominguez@icloud.com,USA,2023-08-17,Standard,431.41
1286,Lisa Mcneil,lisa.mcneil@gmail.com,India,2024-07-12,Standard,304.04
1287,Robert Anderson,robert.anderson@outlook.com,India,2023-04-30,Basic,68.6
1288,Chad Reyes,chad.reyes@icloud.com,UK,2023-11-28,Basic,41.98
1289,Jessica Garcia,jessica.garcia@hotmail.com,Italy,2024-05-10,Basic,40.9
1290,Lawrence Ibarra,lawrence.ibarra@outlook.com,USA,2024-03-24,Standard,326.68
1291,Derrick Ayala,derrick.ayala@gmail.com,Japan,2024-02-08,Standard,433.92
1292,Karen Anderson,karen.anderson@yahoo.com,USA,2025-02-20,Premium,1282.68
1293,Victoria Thomas,victoria.thomas@protonmail.com,Canada,2021-01-26,Standard,252.54
1294,Alyssa Smith,alyssa.smith@outlook.com,UAE,2023-10-04,Premium,4595.42
1295,Debra Alexander,debra.alexander@protonmail.com,Japan,2022-06-08,Premium,1558.11
1296,Jennifer Fuller,jennifer.fuller@icloud.com,Germany,2020-09-22,Standard,375.26
1297,Edward Jenkins,edward.jenkins@outlook.com,Germany,2025-09-06,Basic,49.91
1298,Glenda Heath,glenda.heath@hotmail.com,USA,2024-07-25,Premium,778.85
1299,Christopher Garcia,christopher.garcia@yahoo.com,India,2022-04-02,Standard,470.78
1300,Karen Lawrence,karen.lawrence@hotmail.com,Canada,2023-01-16,Standard,220.64
1301,Patrick Richmond,patrick.richmond@protonmail.com,UAE,2022-03-24,Basic,21.72
1302,Leonard Taylor,leonard.taylor@outlook.com,UK,2024-12-04,Standard,150.36
1303,Joshua Miller,joshua.miller@yahoo.com,USA,2023-06-28,Premium,4277.79
1304,Angela Greene,angela.greene@gmail.com,Germany,2025-01-02,Premium,988.37
1305,Cathy Maxwell,cathy.maxwell@icloud.com,USA,2022-05-05,Standard,159.01
1306,Hannah Abbott,hannah.abbott@icloud.com,USA,2023-03-08,Standard,336.46
1307,Dominique Turner,dominique.turner@gmail.com,USA,2025-03-04,Basic,67.5
1308,April Hicks,april.hicks@icloud.com,India,2025-12-01,Basic,30.65
1309,Julie Phillips,julie.phillips@yahoo.com,USA,2022-03-19,Basic,11.03
1310,Brian Hurst,brian.hurst@hotmail.com,USA,2023-01-06,Standard,258.65
1311,Stephanie Simpson,stephanie.simpson@icloud.com,USA,2025-06-28,Basic,26.45
1312,Daniel Porter,daniel.porter@icloud.com,Brazil,2024-04-28,Standard,156.12
1313,Brittney Rice,brittney.rice@icloud.com,India,2024-09-06,Premium,2268.23
1314,Tiffany Hatfield,tiffany.hatfield@protonmail.com,USA,2024-09-25,Standard,320.13
1315,Sarah Anderson,sarah.anderson@icloud.com,USA,2025-05-18,Standard,350.55
1316,Michelle Carroll,michelle.carroll@yahoo.com,Germany,2024-01-03,Standard,376.15
1317,Michael Vega,michael.vega@icloud.com,USA,2022-05-16,Basic,56.22
1318,Kathryn Best,kathryn.best@protonmail.com,Germany,2023-07-11,Basic,60.26
1319,Kaylee Smith,kaylee.smith@gmail.com,UK,2024-09-14,Standard,144.26
1320,Carlos Baker,carlos.baker@gmail.com,Italy,2023-06-28,Standard,133.26
1321,Bill Brown,bill.brown@icloud.com,USA,2022-03-27,Premium,1351.69
1322,Kristina Hunter,kristina.hunter@hotmail.com,India,2024-08-07,Standard,342.44
1323,Courtney Mason,courtney.mason@icloud.com,USA,2023-10-31,Premium,2848.27
1324,Robert Miles,robert.miles@yahoo.com,Netherlands,2025-09-29,Standard,455.63
1325,Christopher Herrera,christopher.herrera@icloud.com,UAE,2023-02-18,Standard,388.39
1326,Christina Ramirez,christina.ramirez@protonmail.com,Canada,2024-04-30,Basic,35.03
1327,Kyle Dixon,kyle.dixon@outlook.com,UK,2024-12-18,Basic,28.58
1328,James Morton,james.morton@protonmail.com,USA,2020-11-30,Premium,4206.72
1329,Amanda Myers,amanda.myers@hotmail.com,France,2023-11-17,Basic,62.74
1330,Cynthia Davenport,cynthia.davenport@yahoo.com,Canada,2020-08-02,Premium,2311.62
1331,Erin Jones,erin.jones@yahoo.com,USA,2025-05-27,Standard,440.27
1332,Holly Blair,holly.blair@outlook.com,UK,2024-05-21,Standard,294.68
1333,Meghan Brown,meghan.brown@icloud.com,UK,2020-12-30,Premium,2094.41
1334,Christopher Hamilton,christopher.hamilton@hotmail.com,France,2023-10-28,Premium,1747.39
1335,Shawn Lynch,shawn.lynch@hotmail.com,India,2025-01-10,Standard,337.37
1336,Kyle Harmon,kyle.harmon@yahoo.com,India,2022-06-24,Premium,4040.03
1337,Joy Wilson,joy.wilson@hotmail.com,India,2025-01-02,Basic,16.35
1338,Jean Miles,jean.miles@outlook.com,USA,2021-11-10,Standard,292.33
1339,Frank Benton,frank.benton@hotmail.com,USA,2020-07-04,Standard,190.04
1340,Alexandra Logan,alexandra.logan@icloud.com,USA,2024-12-04,Basic,92.3
1341,Jennifer Jackson,jennifer.jackson@gmail.com,Australia,2022-07-08,Standard,187.13
1342,David Norman,david.norman@protonmail.com,UK,2025-12-25,Standard,456.98
1343,Joseph Tanner,joseph.tanner@gmail.com,UK,2024-07-09,Basic,66.38
1344,Kelsey Johnson,kelsey.johnson@yahoo.com,USA,2024-06-09,Standard,182.42
1345,Lindsay Nelson,lindsay.nelson@protonmail.com,USA,2024-09-06,Premium,3511.1
1346,Caleb Joseph,caleb.joseph@yahoo.com,Germany,2024-07-19,Standard,425.78
1347,Barbara Jones,barbara.jones@outlook.com,USA,2024-06-14,Standard,444.37
1348,Spencer Ward,spencer.ward@protonmail.com,USA,2024-03-20,Basic,96.56
1349,Victor Bradley,victor.bradley@yahoo.com,Canada,2025-03-16,Premium,1220.54
1350,Michael Scott,michael.scott@gmail.com,USA,2024-08-08,Standard,137.23
1351,Dakota Berry,dakota.berry@hotmail.com,USA,2023-03-03,Basic,75.61
1352,Jennifer Perez,jennifer.perez@outlook.com,UK,2023-04-23,Basic,82.01
1353,William Williams,william.williams@protonmail.com,France,2023-02-26,Premium,2233.86
1354,Michelle Sanchez,michelle.sanchez@yahoo.com,USA,2023-05-21,Standard,292.16
1355,Thomas Reyes,thomas.reyes@icloud.com,Canada,2023-05-30,Basic,44.81
1356,Edward Velazquez,edward.velazquez@outlook.com,Italy,2023-04-30,Standard,106.06
1357,Meredith Tran,meredith.tran@yahoo.com,India,2021-08-14,Premium,2630.71
1358,Robin Yang,robin.yang@gmail.com,UK,2025-05-17,Premium,1451.37
1359,Robert Morris,robert.morris@hotmail.com,Canada,2024-11-22,Basic,31.41
1360,Robert Cortez,robert.cortez@protonmail.com,UK,2023-12-03,Standard,186.91
1361,Joseph Miller,joseph.miller@yahoo.com,UK,2025-12-21,Standard,267.94
1362,Nathan Shaw,nathan.shaw@outlook.com,UK,2025-07-14,Basic,36.89
1363,Rachel White,rachel.white@icloud.com,USA,2025-12-09,Standard,213.03
1364,Linda Jarvis,linda.jarvis@gmail.com,USA,2020-09-24,Premium,592.21
1365,Stephanie Jones,stephanie.jones@hotmail.com,UK,2023-07-23,Standard,396.63
1366,Steven Campbell,steven.campbell@hotmail.com,USA,2023-06-21,Basic,67.9
1367,Megan Murphy,megan.murphy@icloud.com,UK,2024-10-08,Standard,300.1
1368,Angela Smith,angela.smith@yahoo.com,Germany,2024-03-20,Standard,258.71
1369,James Elliott,james.elliott@yahoo.com,Italy,2024-09-24,Premium,1719.91
1370,Kevin Dean,kevin.dean@yahoo.com,USA,2024-08-19,Premium,1167.31
1371,Steven Vargas,steven.vargas@yahoo.com,Germany,2025-12-06,Basic,64.27
1372,Trevor Barton,trevor.barton@outlook.com,UK,2024-06-20,Premium,4151.85
1373,James Mccullough,james.mccullough@hotmail.com,USA,2025-10-18,Premium,937.95
1374,Kathleen Sanchez,kathleen.sanchez@protonmail.com,USA,2025-04-23,Basic,51.27
1375,Adam Ortiz,adam.ortiz@yahoo.com,USA,2023-05-05,Standard,226.92
1376,Jesse Reed,jesse.reed@hotmail.com,USA,2025-05-09,Standard,156.82
1377,Mary Wiley,mary.wiley@protonmail.com,USA,2021-02-13,Basic,33.43
1378,Stephanie Smith,stephanie.smith@protonmail.com,UK,2021-01-26,Premium,2795.99
1379,Diane Sweeney,diane.sweeney@protonmail.com,UK,2025-02-25,Standard,127.03
1380,Jessica Garcia,jessica.garcia@yahoo.com,USA,2023-11-02,Standard,335.0
1381,Alyssa Allen,alyssa.allen@outlook.com,USA,2023-11-24,Premium,4925.27
1382,Travis Brown,travis.brown@yahoo.com,USA,2025-08-05,Standard,418.39
1383,Wendy Dawson,wendy.dawson@icloud.com,Germany,2023-02-28,Standard,379.35
1384,Christopher Morse,christopher.morse@hotmail.com,USA,2022-07-20,Basic,70.88
1385,Phyllis Meyer,phyllis.meyer@protonmail.com,Germany,2020-02-08,Basic,94.22
1386,Jaclyn Watson,jaclyn.watson@yahoo.com,USA,2024-06-01,Basic,79.82
1387,Terri Miller,terri.miller@icloud.com,USA,2022-12-28,Standard,449.32
1388,Cody Anderson,cody.anderson@hotmail.com,Netherlands,2020-04-24,Standard,260.79
1389,Lori Jones,lori.jones@hotmail.com,USA,2025-08-25,Basic,58.42
1390,Ashley Graham,ashley.graham@gmail.com,USA,2023-05-30,Standard,361.35
1391,Tamara Young,tamara.young@gmail.com,USA,2024-11-28,Basic,37.85
1392,Jose Edwards,jose.edwards@outlook.com,UAE,2021-02-16,Basic,70.82
1393,Lauren Haynes,lauren.haynes@protonmail.com,Germany,2024-08-03,Standard,462.24
1394,Jill Stewart,jill.stewart@hotmail.com,Germany,2024-09-28,Premium,2286.96
1395,Joseph Jones,joseph.jones@gmail.com,UAE,2023-08-20,Standard,444.95
1396,James Chan,james.chan@protonmail.com,USA,2023-05-07,Standard,105.53
1397,Brenda Moore,brenda.moore@yahoo.com,Singapore,2022-08-17,Standard,110.37
1398,Frank Owens,frank.owens@yahoo.com,USA,2021-12-09,Standard,167.28
1399,Richard Herrera,richard.herrera@hotmail.com,Germany,2021-05-17,Basic,95.17
1400,Tami Clark,tami.clark@hotmail.com,UK,2023-01-30,Standard,101.74
1401,Kyle Baker,kyle.baker@icloud.com,USA,2021-02-07,Standard,494.42
1402,David Moore,david.moore@yahoo.com,Italy,2022-12-21,Basic,44.61
1403,Gina Mckenzie,gina.mckenzie@protonmail.com,USA,2021-09-29,Basic,76.23
1404,Heidi Williams,heidi.williams@outlook.com,UAE,2025-02-06,Basic,31.16
1405,Mary Murphy,mary.murphy@outlook.com,USA,2023-11-21,Premium,1245.64
1406,Christopher Wright,christopher.wright@hotmail.com,India,2024-07-09,Basic,31.97
1407,Michael Palmer,michael.palmer@icloud.com,Singapore,2024-07-23,Basic,27.69
1408,Erica Green,erica.green@gmail.com,USA,2023-03-20,Basic,14.21
1409,Vicki Johnson,vicki.johnson@gmail.com,Italy,2022-12-28,Standard,145.24
1410,Richard Chavez,richard.chavez@protonmail.com,Germany,2023-06-01,Premium,2379.01
1411,Kaitlin Wright,kaitlin.wright@gmail.com,India,2024-04-21,Standard,417.6
1412,Steven Lara,steven.lara@outlook.com,USA,2023-05-04,Standard,350.18
1413,Donald Smith,donald.smith@icloud.com,UK,2021-07-18,Standard,445.61
1414,Maria Haas,maria.haas@outlook.com,India,2025-10-27,Basic,29.62
1415,David Colon,david.colon@hotmail.com,UK,2024-10-01,Premium,4066.56
1416,Nathan Mccoy,nathan.mccoy@hotmail.com,USA,2020-12-02,Basic,96.69
1417,Deanna Aguilar,deanna.aguilar@yahoo.com,USA,2025-09-26,Standard,279.97
1418,Jonathan Hess,jonathan.hess@yahoo.com,Japan,2021-04-17,Basic,87.82
1419,Andrew Brown,andrew.brown@protonmail.com,USA,2021-12-01,Standard,139.02
1420,Rachel Ramos,rachel.ramos@protonmail.com,India,2021-07-22,Standard,151.68
1421,David Stein,david.stein@yahoo.com,UAE,2025-04-02,Standard,253.28
1422,Maria Rivera,maria.rivera@hotmail.com,USA,2022-04-24,Basic,74.44
1423,Brad Murray,brad.murray@outlook.com,USA,2025-01-29,Premium,3261.98
1424,Gary Berry,gary.berry@outlook.com,India,2024-07-31,Standard,414.88
1425,Lorraine Foster,lorraine.foster@hotmail.com,USA,2024-02-05,Basic,39.93
1426,Anthony Vega,anthony.vega@outlook.com,Germany,2023-09-12,Premium,3702.59
1427,Gerald Lewis,gerald.lewis@yahoo.com,India,2021-06-14,Standard,284.71
1428,Jacob Ramirez,jacob.ramirez@icloud.com,Germany,2024-12-19,Premium,1968.03
1429,Nicole Johnson,nicole.johnson@protonmail.com,USA,2023-02-24,Premium,4787.79
1430,Christine Sanchez,christine.sanchez@protonmail.com,India,2024-10-23,Standard,194.83
1431,Kenneth Jenkins,kenneth.jenkins@gmail.com,Germany,2020-11-09,Standard,200.92
1432,Andrea Brown,andrea.brown@outlook.com,USA,2024-10-29,Standard,351.43
1433,Joshua Taylor,joshua.taylor@hotmail.com,Germany,2024-06-25,Standard,471.23
1434,James Wilkerson,james.wilkerson@outlook.com,Brazil,2024-10-23,Basic,21.69
1435,Alicia Mccoy,alicia.mccoy@protonmail.com,India,2023-09-15,Basic,81.06
1436,Leah Norton,leah.norton@protonmail.com,UK,2023-07-17,Standard,210.43
1437,Veronica Casey,veronica.casey@gmail.com,USA,2023-03-27,Standard,489.66
1438,Michael Stephens,michael.stephens@icloud.com,USA,2020-06-08,Standard,307.53
1439,Todd Durham,todd.durham@outlook.com,USA,2024-08-06,Basic,19.06
1440,Wayne Price,wayne.price@outlook.com,USA,2020-01-30,Standard,179.25
1441,Hector Flores,hector.flores@hotmail.com,UAE,2020-01-24,Standard,459.39
1442,Jeffery Huang,jeffery.huang@protonmail.com,USA,2020-02-24,Standard,190.63
1443,Kimberly Brown,kimberly.brown@icloud.com,France,2022-07-16,Standard,458.48
1444,Victoria Moreno,victoria.moreno@outlook.com,USA,2024-01-18,Basic,29.44
1445,Katie Key,katie.key@gmail.com,USA,2024-09-19,Standard,307.67
1446,Terri Garcia,terri.garcia@hotmail.com,UK,2023-08-05,Standard,106.78
1447,Diane Adams,diane.adams@hotmail.com,USA,2023-11-13,Standard,331.5
1448,Lisa Stark,lisa.stark@gmail.com,Australia,2024-11-01,Standard,485.5
1449,Brian Davies,brian.davies@yahoo.com,Netherlands,2024-09-24,Standard,112.4
1450,Jeffrey Bradford,jeffrey.bradford@icloud.com,Brazil,2025-09-17,Basic,60.71
1451,Laura Kelly,laura.kelly@icloud.com,USA,2025-02-07,Standard,208.17
1452,Mary Bruce,mary.bruce@protonmail.com,Australia,2025-03-03,Premium,4661.79
1453,Gregory Watkins,gregory.watkins@outlook.com,USA,2025-10-18,Standard,380.34
1454,Linda Wolfe,linda.wolfe@protonmail.com,Spain,2025-10-06,Standard,340.5
1455,Robin Johnson,robin.johnson@icloud.com,UK,2024-11-09,Basic,30.57
1456,Jackie Meza,jackie.meza@outlook.com,USA,2024-04-01,Standard,336.7
1457,Anne Hart,anne.hart@outlook.com,USA,2024-10-23,Standard,434.32
1458,Jacob Travis,jacob.travis@hotmail.com,USA,2022-12-23,Standard,404.91
1459,Nicole Vasquez,nicole.vasquez@yahoo.com,USA,2023-03-26,Basic,30.76
1460,Kyle Henry,kyle.henry@gmail.com,Spain,2025-06-12,Basic,68.51
1461,Christopher Hall,christopher.hall@hotmail.com,Australia,2024-07-06,Premium,803.63
1462,Jeffery Fox,jeffery.fox@icloud.com,Singapore,2020-06-25,Standard,426.84
1463,Aaron Hardin,aaron.hardin@yahoo.com,USA,2023-03-29,Basic,67.15
1464,James Anderson,james.anderson@yahoo.com,Germany,2021-04-09,Basic,60.01
1465,Jennifer Sellers,jennifer.sellers@protonmail.com,USA,2023-09-13,Standard,182.89
1466,Megan Morris,megan.morris@protonmail.com,Germany,2024-09-27,Basic,70.89
1467,Andrew Willis,andrew.willis@outlook.com,USA,2024-04-24,Standard,457.99
1468,Samantha Schroeder,samantha.schroeder@protonmail.com,USA,2023-10-12,Standard,308.45
1469,Meghan Valencia,meghan.valencia@yahoo.com,Germany,2020-01-31,Premium,2482.8
1470,Susan Brooks,susan.brooks@gmail.com,USA,2023-05-01,Standard,204.98
1471,Sheri Foster,sheri.foster@outlook.com,UK,2020-08-23,Premium,4647.79
1472,Craig Turner,craig.turner@icloud.com,India,2023-02-23,Standard,396.65
1473,Derek Moore,derek.moore@protonmail.com,USA,2024-08-15,Basic,70.03
1474,Stacy Conner,stacy.conner@outlook.com,Italy,2021-11-05,Basic,43.79
1475,Susan Banks,susan.banks@hotmail.com,UK,2025-07-31,Premium,1745.71
1476,Grant Novak,grant.novak@yahoo.com,France,2024-04-14,Premium,2809.77
1477,Heather Mcfarland,heather.mcfarland@protonmail.com,India,2022-01-03,Standard,199.25
1478,Kristin Walker,kristin.walker@outlook.com,India,2023-02-25,Standard,147.95
1479,Brianna Thompson,brianna.thompson@yahoo.com,India,2021-05-21,Premium,969.63
1480,Kurt Barker,kurt.barker@outlook.com,Brazil,2020-02-26,Basic,70.18
1481,David Daniel,david.daniel@gmail.com,Germany,2025-08-26,Standard,478.01
1482,Stacy Fry,stacy.fry@gmail.com,USA,2024-12-02,Premium,4432.73
1483,Peter Gamble,peter.gamble@yahoo.com,USA,2024-09-09,Basic,33.99
1484,Tammy Johnson,tammy.johnson@icloud.com,Germany,2024-03-06,Standard,479.77
1485,Carrie Mccall,carrie.mccall@yahoo.com,USA,2025-12-17,Standard,301.77
1486,Tammy Walker,tammy.walker@yahoo.com,USA,2025-07-20,Standard,102.15
1487,Ariana Zuniga,ariana.zuniga@protonmail.com,USA,2020-02-24,Basic,59.14
1488,Donald Mcgee,donald.mcgee@protonmail.com,Germany,2022-03-08,Premium,2654.28
1489,John Haas,john.haas@icloud.com,USA,2023-10-18,Standard,420.31
1490,Gary Mcclure,gary.mcclure@icloud.com,Germany,2023-11-11,Standard,194.28
1491,Christopher Fletcher,christopher.fletcher@gmail.com,Australia,2024-06-07,Standard,350.74
1492,Danielle Tanner,danielle.tanner@hotmail.com,France,2022-08-01,Standard,499.63
1493,Sean Baker,sean.baker@gmail.com,USA,2025-04-11,Standard,128.54
1494,John Jones,john.jones@icloud.com,Germany,2020-05-21,Premium,2831.06
1495,Jonathan Rodriguez,jonathan.rodriguez@yahoo.com,Germany,2025-05-22,Basic,38.74
1496,Aaron Cruz,aaron.cruz@icloud.com,UK,2023-04-04,Standard,270.99
1497,Jessica Costa,jessica.costa@yahoo.com,India,2020-09-09,Basic,23.4
1498,Nicole Snyder,nicole.snyder@outlook.com,USA,2025-11-12,Standard,356.45
1499,Nicholas Payne,nicholas.payne@protonmail.com,Singapore,2023-02-09,Basic,12.12
1500,Craig Mendoza,craig.mendoza@hotmail.com,USA,2024-01-19,Standard,136.15
1501,Michelle Curtis,michelle.curtis@yahoo.com,France,2025-08-23,Standard,476.34
1502,Gloria Martin,gloria.martin@protonmail.com,Germany,2020-02-18,Basic,35.59
1503,Charles Singleton,charles.singleton@protonmail.com,USA,2022-11-13,Basic,55.51
1504,Kenneth Flores,kenneth.flores@icloud.com,Canada,2021-06-05,Standard,289.29
1505,Stephanie Jones,stephanie.jones@yahoo.com,USA,2021-02-06,Standard,187.84
1506,George Bennett,george.bennett@icloud.com,Canada,2025-12-18,Standard,357.37
1507,Jessica Payne,jessica.payne@protonmail.com,Germany,2025-04-15,Standard,478.79
1508,Rachael Davis,rachael.davis@gmail.com,USA,2023-05-26,Standard,156.35
1509,Brooke Austin,brooke.austin@yahoo.com,USA,2024-12-19,Basic,69.93
1510,Timothy Johnson,timothy.johnson@protonmail.com,Canada,2025-10-02,Standard,109.0
1511,Sherri Martin,sherri.martin@outlook.com,USA,2022-04-14,Standard,478.17
1512,Pamela Moore,pamela.moore@yahoo.com,Mexico,2020-02-26,Standard,449.39
1513,Craig Harris,craig.harris@protonmail.com,Canada,2025-10-09,Basic,44.07
1514,James Terry,james.terry@gmail.com,India,2024-11-20,Standard,469.08
1515,Jennifer Blair,jennifer.blair@hotmail.com,USA,2021-11-13,Standard,262.99
1516,Joseph Campbell,joseph.campbell@gmail.com,India,2023-08-03,Premium,1877.58
1517,John Williams,john.williams@outlook.com,Netherlands,2021-02-17,Standard,460.84
1518,Ashley Larsen,ashley.larsen@yahoo.com,USA,2024-12-25,Standard,123.43
1519,Eric Ward,eric.ward@gmail.com,USA,2024-09-08,Standard,479.7
1520,Ronald Phillips,ronald.phillips@yahoo.com,USA,2022-08-10,Standard,118.84
1521,Ebony Greene,ebony.greene@icloud.com,UK,2025-01-06,Basic,55.37
1522,James Johnson,james.johnson@yahoo.com,Canada,2023-12-10,Standard,211.55
1523,George Carter,george.carter@hotmail.com,UK,2024-05-08,Standard,418.4
1524,Christopher Anthony,christopher.anthony@protonmail.com,Germany,2024-10-20,Premium,4746.38
1525,Kyle Sanders,kyle.sanders@outlook.com,USA,2023-11-03,Premium,3172.64
1526,Tracy Guerrero,tracy.guerrero@protonmail.com,USA,2022-12-09,Premium,3264.88
1527,Christopher Stephens,christopher.stephens@gmail.com,USA,2022-08-08,Standard,106.2
1528,Jackson Mcclure,jackson.mcclure@protonmail.com,Japan,2024-06-15,Standard,117.18
1529,Mike Griffin,mike.griffin@yahoo.com,Germany,2024-11-24,Standard,104.19
1530,Jose Marshall,jose.marshall@protonmail.com,USA,2022-04-23,Standard,498.03
1531,Jeremy Adams,jeremy.adams@hotmail.com,Australia,2025-10-18,Premium,3909.51
1532,Bryan Goodwin,bryan.goodwin@outlook.com,USA,2025-09-18,Standard,120.5
1533,Elizabeth Miller,elizabeth.miller1@protonmail.com,USA,2021-04-16,Premium,4093.04
1534,Maurice Weaver,maurice.weaver@protonmail.com,USA,2021-11-23,Premium,2075.25
1535,Tara Lawrence,tara.lawrence@icloud.com,UAE,2024-04-04,Premium,1561.53
1536,Angela Randall,angela.randall@yahoo.com,India,2021-07-20,Standard,216.59
1537,Loretta Barnes,loretta.barnes@icloud.com,Germany,2025-01-08,Basic,45.17
1538,Amanda Camacho,amanda.camacho@gmail.com,USA,2024-07-21,Standard,353.7
1539,Thomas Keith,thomas.keith@gmail.com,USA,2020-05-05,Premium,1912.51
1540,Thomas Miller,thomas.miller@gmail.com,Germany,2023-04-14,Basic,66.1
1541,Raven Klein,raven.klein@outlook.com,USA,2022-04-14,Basic,92.52
1542,Wayne Lester,wayne.lester@hotmail.com,Italy,2023-04-13,Standard,416.37
1543,Lauren Byrd,lauren.byrd@gmail.com,Canada,2022-04-27,Premium,3356.33
1544,Christine Martinez,christine.martinez@hotmail.com,UK,2025-09-13,Basic,25.69
1545,Katherine Thompson,katherine.thompson1@outlook.com,Canada,2024-05-19,Basic,21.48
1546,Tracey Stanton,tracey.stanton@hotmail.com,Singapore,2025-07-06,Basic,91.85
1547,Lindsey Martinez,lindsey.martinez@yahoo.com,UK,2022-08-06,Standard,380.66
1548,Rodney Mcneil,rodney.mcneil@icloud.com,India,2023-04-14,Standard,287.29
1549,Ryan Osborn,ryan.osborn@yahoo.com,Spain,2025-09-28,Basic,21.82
1550,Courtney Flowers,courtney.flowers@gmail.com,USA,2023-02-14,Premium,1509.96
1551,Jonathan Bartlett,jonathan.bartlett@outlook.com,Mexico,2023-03-28,Premium,4830.79
1552,Robin Jones,robin.jones@protonmail.com,USA,2025-02-27,Basic,19.46
1553,Paul Sanders,paul.sanders@icloud.com,India,2024-02-20,Premium,1413.1
1554,Mark Hill,mark.hill@outlook.com,Australia,2025-05-15,Standard,178.86
1555,Stephen Marks,stephen.marks@hotmail.com,Germany,2023-02-02,Standard,154.65
1556,Kristin Dean,kristin.dean@yahoo.com,UK,2024-10-16,Standard,308.03
1557,Alexandra Barnes,alexandra.barnes@icloud.com,Germany,2023-09-30,Premium,1295.15
1558,Robert Hernandez,robert.hernandez@hotmail.com,USA,2023-04-22,Standard,492.92
1559,Brianna Chang,brianna.chang@gmail.com,USA,2021-02-01,Standard,275.47
1560,Sheila Buckley,sheila.buckley@outlook.com,USA,2025-04-18,Standard,102.93
1561,Anna Garcia,anna.garcia@hotmail.com,Germany,2023-07-21,Standard,320.0
1562,Justin Nichols,justin.nichols@gmail.com,UK,2024-04-27,Basic,52.5
1563,Maurice Jenkins,maurice.jenkins@protonmail.com,USA,2025-05-24,Standard,285.68
1564,Patrick Washington,patrick.washington@gmail.com,Mexico,2024-11-06,Basic,74.26
1565,Chelsea Johnson,chelsea.johnson@outlook.com,USA,2022-04-13,Standard,195.82
1566,Joshua Thomas,joshua.thomas@gmail.com,UK,2024-09-22,Premium,1510.32
1567,Charlotte Steele,charlotte.steele@hotmail.com,UK,2023-11-28,Basic,84.95
1568,Benjamin Preston,benjamin.preston@protonmail.com,USA,2022-04-03,Basic,82.14
1569,Martin Young,martin.young@icloud.com,India,2020-03-11,Premium,611.87
1570,Julie Mccall,julie.mccall@outlook.com,UK,2024-12-17,Standard,404.54
1571,Penny Smith,penny.smith@gmail.com,USA,2024-06-27,Standard,437.28
1572,Lisa Turner,lisa.turner@outlook.com,Singapore,2025-01-28,Premium,3828.57
1573,Juan Vasquez,juan.vasquez@outlook.com,France,2023-12-16,Standard,427.44
1574,Heather Garcia,heather.garcia@icloud.com,India,2023-06-07,Standard,238.52
1575,Misty Taylor,misty.taylor@icloud.com,Brazil,2021-11-22,Premium,1811.78
1576,Terri Ramos,terri.ramos@icloud.com,Spain,2025-12-09,Basic,38.79
1577,Margaret Adams,margaret.adams@icloud.com,USA,2025-02-15,Standard,194.36
1578,Robert Brewer,robert.brewer@outlook.com,Germany,2025-07-09,Basic,21.8
1579,Jacob Lewis,jacob.lewis@gmail.com,Germany,2023-05-19,Basic,91.53
1580,Madison Figueroa,madison.figueroa@hotmail.com,USA,2022-02-04,Basic,65.31
1581,Katherine Camacho,katherine.camacho@gmail.com,USA,2024-05-27,Standard,358.98
1582,Lori Robertson,lori.robertson@hotmail.com,USA,2023-06-28,Standard,450.68
1583,Erik Collins,erik.collins@yahoo.com,India,2023-05-27,Standard,303.37
1584,William Taylor,william.taylor@yahoo.com,Australia,2021-02-17,Standard,296.12
1585,Melissa Suarez,melissa.suarez@icloud.com,Canada,2020-02-11,Standard,333.25
1586,Anthony Lee,anthony.lee@outlook.com,USA,2023-06-05,Basic,80.5
1587,Marissa Hood,marissa.hood@yahoo.com,USA,2025-06-02,Standard,352.24
1588,John Bryant,john.bryant@gmail.com,UK,2024-01-22,Premium,3695.08
1589,Samantha Bush,samantha.bush@outlook.com,Germany,2024-12-16,Basic,50.3
1590,Joshua Colon,joshua.colon@yahoo.com,Spain,2022-01-04,Basic,64.33
1591,William Reid,william.reid@outlook.com,Brazil,2024-02-23,Standard,287.19
1592,David Johnson,david.johnson@hotmail.com,Spain,2023-01-12,Standard,277.12
1593,Nathan Wheeler,nathan.wheeler@gmail.com,Japan,2020-11-16,Standard,154.15
1594,Gregory Harrell,gregory.harrell@gmail.com,Singapore,2023-07-01,Basic,32.85
1595,Brenda Bailey,brenda.bailey@icloud.com,UK,2021-04-06,Standard,357.32
1596,Frank Kline,frank.kline@icloud.com,USA,2025-10-01,Standard,449.31
1597,Kaitlyn Barker,kaitlyn.barker@protonmail.com,USA,2025-04-12,Premium,818.49
1598,Justin Hughes,justin.hughes@gmail.com,USA,2022-06-11,Premium,3130.66
1599,Frank Armstrong,frank.armstrong@gmail.com,USA,2024-09-27,Basic,78.05
1600,Tammie Vincent,tammie.vincent@hotmail.com,USA,2023-11-12,Standard,112.47
1601,Deborah Byrd,deborah.byrd@hotmail.com,Netherlands,2021-12-25,Premium,4850.67
1602,Joseph Ortiz,joseph.ortiz@icloud.com,USA,2024-01-14,Premium,1909.83
1603,Andrew Deleon,andrew.deleon@hotmail.com,Netherlands,2024-10-07,Standard,291.4
1604,Katrina Smith,katrina.smith@gmail.com,Canada,2024-01-02,Basic,41.92
1605,Rhonda Holland,rhonda.holland@protonmail.com,India,2021-07-31,Standard,451.83
1606,Carolyn Smith,carolyn.smith@gmail.com,India,2024-10-30,Basic,95.17
1607,Johnny Trujillo,johnny.trujillo@hotmail.com,USA,2020-06-20,Basic,81.84
1608,Kevin Rasmussen,kevin.rasmussen@yahoo.com,India,2021-02-06,Standard,307.38
1609,Dawn Coleman,dawn.coleman@yahoo.com,USA,2021-12-01,Basic,85.5
1610,Nicholas Bailey,nicholas.bailey@gmail.com,Italy,2020-08-27,Premium,1171.41
1611,Johnathan Owens,johnathan.owens@yahoo.com,USA,2023-03-08,Standard,371.46
1612,Erica Holloway,erica.holloway@icloud.com,USA,2023-04-29,Premium,1982.52
1613,Randy Garcia,randy.garcia@yahoo.com,India,2024-11-06,Premium,592.1
1614,William Bates,william.bates@icloud.com,India,2023-05-24,Premium,1571.99
1615,Megan Brooks,megan.brooks@yahoo.com,UK,2021-01-10,Premium,1474.58
1616,Deborah Lynch,deborah.lynch@gmail.com,Germany,2025-03-09,Basic,55.4
1617,Kenneth Rodriguez,kenneth.rodriguez@icloud.com,USA,2025-06-08,Standard,288.68
1618,Caleb Mcneil,caleb.mcneil@hotmail.com,India,2021-11-17,Basic,54.5
1619,Danielle Hensley,danielle.hensley@protonmail.com,USA,2023-08-22,Standard,358.99
1620,Jose Dawson,jose.dawson@icloud.com,USA,2021-07-08,Standard,221.91
1621,Patricia Evans,patricia.evans@hotmail.com,USA,2025-11-26,Premium,2471.79
1622,Edward Cannon,edward.cannon@gmail.com,USA,2023-07-28,Standard,323.66
1623,Rachel Trujillo,rachel.trujillo@yahoo.com,USA,2021-10-30,Standard,313.85
1624,Leah Greene,leah.greene@hotmail.com,UK,2024-06-16,Basic,51.41
1625,Donna Becker,donna.becker@outlook.com,USA,2024-10-12,Basic,39.7
1626,Jennifer Rios,jennifer.rios@hotmail.com,USA,2022-12-08,Premium,4309.72
1627,Whitney Green,whitney.green@outlook.com,Germany,2023-02-20,Standard,226.9
1628,Robert Price,robert.price@hotmail.com,USA,2023-11-27,Standard,211.35
1629,Austin Erickson,austin.erickson@hotmail.com,India,2022-04-26,Standard,186.98
1630,Ashley Lee,ashley.lee@yahoo.com,Netherlands,2022-01-20,Premium,2653.05
1631,Jessica Walker,jessica.walker@yahoo.com,UK,2025-10-03,Standard,364.0
1632,Amanda Glover,amanda.glover@gmail.com,Mexico,2024-01-11,Basic,57.1
1633,Rebecca Powers,rebecca.powers@yahoo.com,USA,2024-04-30,Standard,356.72
1634,William Bruce,william.bruce@icloud.com,USA,2024-05-28,Standard,492.21
1635,Mary Walter,mary.walter@icloud.com,India,2024-10-30,Premium,3651.67
1636,Howard Davis,howard.davis@protonmail.com,Canada,2023-07-08,Basic,63.2
1637,David Green,david.green@hotmail.com,Japan,2024-06-10,Premium,4075.96
1638,Lindsey Hines,lindsey.hines@yahoo.com,USA,2021-11-28,Standard,499.64
1639,Isaac Frazier,isaac.frazier@hotmail.com,Australia,2021-08-07,Standard,372.75
1640,Matthew Davis,matthew.davis@hotmail.com,USA,2021-05-26,Basic,10.76
1641,Michael Garner,michael.garner@yahoo.com,USA,2024-09-14,Basic,94.06
1642,Kurt French,kurt.french@hotmail.com,USA,2024-11-10,Premium,4453.79
1643,Mark Green,mark.green@protonmail.com,UAE,2023-05-27,Premium,3710.98
1644,Kelly York,kelly.york@gmail.com,USA,2023-08-22,Basic,58.68
1645,Thomas Delacruz,thomas.delacruz@protonmail.com,France,2025-02-25,Standard,330.18
1646,Brandy Blackburn,brandy.blackburn@icloud.com,India,2021-04-19,Premium,3666.15
1647,Charles Preston,charles.preston@icloud.com,India,2023-12-11,Basic,75.49
1648,Vincent Dillon,vincent.dillon@gmail.com,India,2024-04-04,Premium,2593.62
1649,Patrick Evans,patrick.evans@gmail.com,Japan,2024-07-25,Standard,390.46
1650,Brian Dickerson,brian.dickerson@protonmail.com,USA,2023-02-23,Standard,310.24
1651,Derrick Gonzalez,derrick.gonzalez@yahoo.com,USA,2022-11-10,Basic,12.48
1652,Robert Hudson,robert.hudson@icloud.com,Germany,2025-09-23,Basic,89.24
1653,Rebecca Ellis,rebecca.ellis@protonmail.com,USA,2023-10-18,Standard,472.74
1654,Leslie Baldwin,leslie.baldwin@gmail.com,USA,2025-10-13,Standard,307.21
1655,Kimberly Freeman,kimberly.freeman@outlook.com,USA,2024-06-23,Basic,12.87
1656,Crystal Thompson,crystal.thompson@outlook.com,USA,2025-01-07,Basic,67.55
1657,Cynthia Smith,cynthia.smith@protonmail.com,USA,2020-04-10,Standard,222.84
1658,Joshua Juarez,joshua.juarez@hotmail.com,USA,2023-10-22,Standard,144.51
1659,Gary Duran,gary.duran@icloud.com,Spain,2022-04-14,Basic,71.65
1660,Tracy Gallagher,tracy.gallagher@hotmail.com,USA,2022-01-12,Premium,2839.05
1661,Christopher Mendez,christopher.mendez@yahoo.com,UAE,2022-02-01,Premium,3927.46
1662,Cynthia Powell,cynthia.powell@icloud.com,Singapore,2023-08-20,Standard,343.42
1663,Tammy Reyes,tammy.reyes@yahoo.com,USA,2023-03-22,Basic,75.22
1664,Benjamin Gonzalez,benjamin.gonzalez@gmail.com,India,2024-04-20,Premium,3068.67
1665,Nathan Smith,nathan.smith@gmail.com,Germany,2022-02-03,Standard,138.43
1666,Marco Whitaker,marco.whitaker@gmail.com,India,2022-03-12,Standard,186.4
1667,James Rhodes,james.rhodes@icloud.com,USA,2023-02-16,Premium,1032.12
1668,Courtney Wright,courtney.wright@hotmail.com,USA,2024-11-17,Standard,321.85
1669,Heather Cooper,heather.cooper@outlook.com,USA,2020-08-15,Standard,215.13
1670,David Reyes,david.reyes@hotmail.com,Germany,2024-01-21,Standard,487.31
1671,Brianna Jackson,brianna.jackson@protonmail.com,UAE,2023-01-20,Basic,84.04
1672,Madison Evans,madison.evans@yahoo.com,India,2024-08-31,Premium,2333.84
1673,Kelly Luna,kelly.luna@yahoo.com,India,2024-09-30,Basic,78.83
1674,Caitlyn Morgan,caitlyn.morgan@yahoo.com,UAE,2024-11-17,Standard,317.97
1675,Pamela Cowan,pamela.cowan@gmail.com,India,2024-03-19,Premium,3076.6
1676,Matthew Valenzuela,matthew.valenzuela@gmail.com,USA,2025-02-06,Premium,2193.03
1677,Michael Lopez,michael.lopez@outlook.com,Brazil,2020-08-11,Standard,200.75
1678,Stacy Hull,stacy.hull@icloud.com,USA,2023-11-12,Standard,490.42
1679,Richard Perez,richard.perez@gmail.com,USA,2025-01-28,Standard,182.36
1680,Jessica Anderson,jessica.anderson@yahoo.com,UK,2025-06-22,Basic,13.41
1681,Jessica Lawrence,jessica.lawrence@hotmail.com,Italy,2024-02-04,Standard,460.26
1682,Gary Richardson,gary.richardson@gmail.com,USA,2022-01-17,Basic,32.27
1683,Debra Johnson,debra.johnson@yahoo.com,UK,2023-06-04,Premium,592.07
1684,Nancy Scott,nancy.scott@protonmail.com,USA,2025-10-23,Premium,4235.03
1685,Amanda Williams,amanda.williams@protonmail.com,USA,2024-05-24,Standard,180.71
1686,Virginia Stanley,virginia.stanley@protonmail.com,USA,2022-11-22,Standard,371.42
1687,Desiree Smith,desiree.smith@yahoo.com,India,2021-07-11,Premium,2265.79
1688,Hannah Butler,hannah.butler@icloud.com,Brazil,2025-07-16,Premium,1622.8
1689,Omar Kelley,omar.kelley@hotmail.com,USA,2024-06-13,Premium,3586.54
1690,Thomas Hernandez,thomas.hernandez@outlook.com,USA,2025-05-31,Basic,71.65
1691,Heather Mccoy,heather.mccoy@gmail.com,USA,2023-09-27,Standard,401.48
1692,Kevin Stanley,kevin.stanley@outlook.com,USA,2023-07-27,Basic,26.59
1693,Elaine Nelson,elaine.nelson@gmail.com,Germany,2022-09-13,Premium,4186.76
1694,Catherine Taylor,catherine.taylor@outlook.com,India,2023-02-04,Standard,458.39
1695,Maria Garcia,maria.garcia@gmail.com,India,2023-12-10,Standard,367.29
1696,Jennifer Wilson,jennifer.wilson@yahoo.com,USA,2020-02-10,Standard,361.48
1697,Daniel Rodriguez,daniel.rodriguez@yahoo.com,Germany,2022-05-10,Basic,37.33
1698,James Gonzalez,james.gonzalez@icloud.com,USA,2022-01-14,Basic,75.24
1699,Jose Mills,jose.mills@outlook.com,USA,2025-07-26,Premium,2528.57
1700,James Warner,james.warner@outlook.com,Italy,2022-05-22,Standard,264.74
1701,Kenneth Williams,kenneth.williams@gmail.com,Canada,2023-06-15,Basic,52.97
1702,Tyler Clark,tyler.clark@icloud.com,Italy,2024-02-05,Premium,2211.44
1703,Sarah Rivera,sarah.rivera@outlook.com,Spain,2021-01-24,Standard,410.37
1704,Aaron Powers,aaron.powers@hotmail.com,India,2024-07-10,Standard,419.81
1705,Rebecca Conley,rebecca.conley@hotmail.com,Italy,2025-06-06,Standard,161.24
1706,Elizabeth Hernandez,elizabeth.hernandez@icloud.com,UK,2024-04-19,Standard,193.54
1707,Christopher Hunt,christopher.hunt@outlook.com,USA,2023-06-10,Standard,415.56
1708,Jennifer Garcia,jennifer.garcia@yahoo.com,USA,2025-02-12,Basic,46.01
1709,Jonathan Hall,jonathan.hall@gmail.com,USA,2025-02-03,Standard,256.58
1710,Vanessa Phillips,vanessa.phillips@protonmail.com,USA,2025-08-01,Basic,16.21
1711,Steven Garcia,steven.garcia@gmail.com,USA,2023-01-25,Basic,75.75
1712,Gregg Williams,gregg.williams@outlook.com,India,2024-05-29,Standard,240.55
1713,Kelly Solis,kelly.solis@icloud.com,Australia,2024-09-08,Standard,133.91
1714,Larry Rodgers,larry.rodgers@outlook.com,Germany,2022-11-10,Standard,410.17
1715,Cody Chang,cody.chang@outlook.com,USA,2023-05-23,Basic,52.18
1716,Brandon Christian,brandon.christian@outlook.com,Canada,2025-05-26,Premium,4033.54
1717,Elizabeth Jackson,elizabeth.jackson@protonmail.com,USA,2022-01-11,Basic,70.42
1718,Michael Kim,michael.kim@gmail.com,USA,2025-04-21,Standard,411.82
1719,Christy Johns,christy.johns@protonmail.com,USA,2025-12-26,Standard,211.59
1720,Christopher Briggs,christopher.briggs@protonmail.com,USA,2022-06-12,Standard,319.04
1721,Ian Morales,ian.morales@hotmail.com,USA,2021-07-21,Standard,162.63
1722,Suzanne Nelson,suzanne.nelson@outlook.com,France,2025-08-01,Standard,389.57
1723,Paul Jefferson,paul.jefferson@outlook.com,Canada,2021-12-11,Standard,390.15
1724,Lauren Banks,lauren.banks@yahoo.com,India,2024-08-08,Standard,193.3
1725,Laura Wilson,laura.wilson@outlook.com,USA,2020-02-05,Standard,353.73
1726,Heather Brown,heather.brown@gmail.com,France,2022-08-17,Standard,435.74
1727,Sherri Moore,sherri.moore@hotmail.com,India,2022-06-12,Standard,168.82
1728,Robert Garza,robert.garza@hotmail.com,USA,2022-03-24,Standard,290.56
1729,Leah Gregory,leah.gregory@hotmail.com,India,2025-04-24,Premium,1311.2
1730,Howard James,howard.james@yahoo.com,UK,2021-02-09,Basic,47.11
1731,Michael Johnson,michael.johnson@icloud.com,UK,2021-05-04,Standard,486.11
1732,Gabrielle Roberson,gabrielle.roberson@hotmail.com,USA,2024-11-09,Standard,173.4
1733,Teresa Anderson,teresa.anderson@outlook.com,UK,2025-10-02,Standard,292.08
1734,Samantha Rodriguez,samantha.rodriguez@hotmail.com,USA,2023-12-05,Standard,343.28
1735,Robert Williams,robert.williams@yahoo.com,USA,2024-03-15,Basic,27.64
1736,Jose Edwards,jose.edwards@icloud.com,USA,2020-12-20,Standard,467.31
1737,Janet Gregory,janet.gregory@gmail.com,Netherlands,2025-06-26,Premium,3037.73
1738,Katrina Ray,katrina.ray@outlook.com,USA,2024-07-19,Standard,405.39
1739,Annette Levine,annette.levine@protonmail.com,USA,2025-06-23,Standard,149.05
1740,Elizabeth Morgan,elizabeth.morgan@icloud.com,USA,2024-04-28,Premium,3057.24
1741,Alexandra Haynes,alexandra.haynes@gmail.com,Mexico,2025-05-09,Premium,4160.97
1742,Cody Stanley,cody.stanley@gmail.com,Germany,2023-12-12,Standard,196.8
1743,John Reed,john.reed@gmail.com,Spain,2024-11-21,Basic,74.41
1744,Erica Cruz,erica.cruz@icloud.com,USA,2024-08-02,Premium,1086.76
1745,Mary Grant,mary.grant@outlook.com,USA,2022-05-30,Standard,498.14
1746,Vanessa Brown,vanessa.brown@gmail.com,Germany,2025-08-25,Basic,63.25
1747,Dawn Moore,dawn.moore@icloud.com,USA,2024-01-14,Basic,38.88
1748,Melinda Christian,melinda.christian@outlook.com,Australia,2025-06-28,Standard,356.67
1749,Molly Jones,molly.jones@yahoo.com,Brazil,2023-11-09,Basic,51.23
1750,Travis Allen,travis.allen@protonmail.com,UK,2025-04-11,Premium,1765.77
1751,Tara Williams,tara.williams@icloud.com,Singapore,2022-02-20,Basic,23.1
1752,Jeffrey Schneider,jeffrey.schneider@outlook.com,Germany,2025-04-22,Premium,3949.63
1753,Richard Young,richard.young@protonmail.com,USA,2020-05-31,Standard,443.83
1754,Stephen Solis,stephen.solis@icloud.com,UK,2024-12-13,Standard,130.17
1755,Shane Gates,shane.gates@yahoo.com,USA,2021-09-17,Basic,17.67
1756,Sergio Wilson,sergio.wilson@gmail.com,France,2024-01-27,Premium,1740.96
1757,Tyler Valdez,tyler.valdez@protonmail.com,USA,2023-02-07,Standard,365.19
1758,Curtis Gutierrez,curtis.gutierrez@outlook.com,USA,2025-09-19,Standard,355.71
1759,Angela Smith,angela.smith@hotmail.com,Germany,2025-07-30,Premium,4015.58
1760,Christopher Munoz,christopher.munoz@gmail.com,USA,2023-10-09,Basic,88.32
1761,Christine Torres,christine.torres@yahoo.com,USA,2025-09-11,Standard,242.35
1762,William Clark,william.clark@protonmail.com,India,2024-07-11,Premium,2707.7
1763,Emily Clements,emily.clements@yahoo.com,USA,2023-02-09,Standard,424.7
1764,Michael Brown,michael.brown@icloud.com,UK,2023-11-30,Standard,493.76
1765,Jeffrey Gibson,jeffrey.gibson@protonmail.com,USA,2022-04-01,Premium,930.38
1766,Ann Harvey,ann.harvey@icloud.com,USA,2020-02-10,Standard,421.72
1767,Thomas Sandoval,thomas.sandoval@outlook.com,USA,2024-08-19,Standard,402.45
1768,Jennifer Wilson,jennifer.wilson@outlook.com,Canada,2024-11-27,Standard,190.51
1769,Katherine Walker,katherine.walker@yahoo.com,Netherlands,2023-05-13,Standard,416.95
1770,Matthew Gallegos,matthew.gallegos@gmail.com,USA,2025-04-05,Basic,55.54
1771,Tamara Carter,tamara.carter@yahoo.com,Netherlands,2020-06-11,Standard,338.12
1772,Alejandra Park,alejandra.park@icloud.com,Germany,2025-12-27,Standard,141.49
1773,Brandon Martin,brandon.martin@outlook.com,India,2025-06-26,Basic,96.31
1774,Donald Love,donald.love@outlook.com,India,2024-05-07,Standard,396.24
1775,Jennifer Rodriguez,jennifer.rodriguez@outlook.com,India,2024-12-06,Standard,196.24
1776,Cheryl Lopez,cheryl.lopez@gmail.com,France,2022-01-30,Basic,16.81
1777,Sarah Long,sarah.long@icloud.com,UK,2025-01-27,Standard,240.21
1778,Stephen Harrington,stephen.harrington@yahoo.com,UK,2024-02-16,Basic,46.45
1779,Jennifer Rodriguez,jennifer.rodriguez1@outlook.com,USA,2025-10-03,Standard,219.29
1780,Robert House,robert.house@outlook.com,USA,2022-06-24,Standard,150.95
1781,Mary Chapman,mary.chapman@protonmail.com,India,2024-09-12,Standard,227.07
1782,Kelsey Hayes,kelsey.hayes@hotmail.com,USA,2023-02-19,Premium,4796.02
1783,Dominique Blanchard,dominique.blanchard@yahoo.com,USA,2024-10-08,Basic,68.71
1784,Dennis Porter,dennis.porter@hotmail.com,USA,2024-09-21,Standard,270.2
1785,Alyssa Williams,alyssa.williams@protonmail.com,USA,2021-04-19,Basic,55.0
1786,Savannah Roberson,savannah.roberson@protonmail.com,India,2021-10-29,Standard,485.52
1787,Timothy Romero,timothy.romero@icloud.com,Germany,2020-08-09,Basic,43.87
1788,Samantha Thompson,samantha.thompson@gmail.com,UK,2021-09-20,Basic,72.74
1789,Beth Cross,beth.cross@hotmail.com,USA,2022-04-01,Standard,274.21
1790,David Hughes,david.hughes@icloud.com,UK,2020-02-19,Basic,46.21
1791,Caroline Andrade,caroline.andrade@protonmail.com,USA,2023-10-06,Basic,38.25
1792,William Cruz,william.cruz@hotmail.com,India,2024-08-19,Standard,231.06
1793,Tiffany Moon,tiffany.moon@icloud.com,Germany,2025-02-23,Standard,396.56
1794,Kathryn Hill,kathryn.hill@protonmail.com,UK,2023-08-04,Premium,4214.56
1795,Tamara Waller,tamara.waller@yahoo.com,UK,2021-09-05,Premium,4177.36
1796,Shawn Anderson,shawn.anderson@hotmail.com,Singapore,2024-02-26,Standard,345.83
1797,Robert Graves,robert.graves@yahoo.com,Canada,2023-05-15,Standard,398.6
1798,Kaitlyn Evans,kaitlyn.evans@outlook.com,UK,2022-07-31,Standard,121.67
1799,Jacqueline Valencia,jacqueline.valencia@icloud.com,UK,2023-07-14,Standard,397.72
1800,Jennifer Walls,jennifer.walls@gmail.com,USA,2025-04-06,Standard,361.81
1801,Cynthia Harris,cynthia.harris@protonmail.com,Netherlands,2023-11-03,Standard,126.07
1802,Claudia Roberts,claudia.roberts@icloud.com,USA,2025-07-30,Basic,89.88
1803,Michael Chambers,michael.chambers@yahoo.com,USA,2022-02-16,Basic,34.23
1804,Tina Santos,tina.santos@yahoo.com,UAE,2021-08-17,Basic,62.67
1805,Susan Gordon,susan.gordon@hotmail.com,India,2021-10-17,Standard,351.62
1806,Heather Morris,heather.morris@yahoo.com,USA,2024-07-29,Standard,280.74
1807,Darrell Bell,darrell.bell@outlook.com,USA,2024-01-29,Basic,63.2
1808,Timothy Duncan,timothy.duncan@gmail.com,USA,2024-02-27,Premium,4981.32
1809,Elizabeth Butler,elizabeth.butler@yahoo.com,Germany,2025-01-29,Premium,840.72
1810,Julie Skinner,julie.skinner@protonmail.com,USA,2024-10-15,Standard,140.47
1811,Justin Boone,justin.boone@hotmail.com,Italy,2021-05-28,Standard,471.0
1812,Lindsey Mills,lindsey.mills@outlook.com,Italy,2024-10-15,Standard,193.14
1813,Anthony Thomas,anthony.thomas@protonmail.com,Germany,2022-04-02,Premium,3165.22
1814,Ellen Gonzalez,ellen.gonzalez@hotmail.com,Germany,2024-06-27,Basic,20.51
1815,Karen Martin,karen.martin@icloud.com,USA,2025-02-27,Premium,4113.03
1816,Justin King,justin.king@outlook.com,USA,2023-05-06,Standard,419.6
1817,Mary Vaughn,mary.vaughn@icloud.com,Canada,2022-03-11,Standard,339.77
1818,Kenneth Molina,kenneth.molina@protonmail.com,USA,2024-07-03,Standard,230.55
1819,Antonio Cervantes,antonio.cervantes@outlook.com,USA,2021-08-11,Basic,21.21
1820,Curtis Parrish,curtis.parrish@outlook.com,USA,2022-11-09,Premium,3845.23
1821,Jodi Hancock,jodi.hancock@icloud.com,USA,2024-04-15,Premium,3110.68
1822,Julia Hoffman,julia.hoffman@outlook.com,UK,2022-11-26,Premium,2400.37
1823,John Mueller,john.mueller@gmail.com,India,2020-05-12,Basic,81.91
1824,Lauren Roberts,lauren.roberts@protonmail.com,Australia,2024-01-01,Basic,71.77
1825,Elizabeth House,elizabeth.house@yahoo.com,Germany,2023-03-20,Standard,377.7
1826,Paul Frye,paul.frye@yahoo.com,Japan,2023-06-09,Standard,108.12
1827,Theresa Edwards,theresa.edwards@hotmail.com,UK,2025-11-16,Basic,59.19
1828,Andrea Smith,andrea.smith@hotmail.com,Japan,2021-04-25,Standard,381.35
1829,John Oliver,john.oliver@yahoo.com,UK,2021-07-01,Premium,657.27
1830,Kimberly Berg,kimberly.berg@yahoo.com,USA,2025-08-26,Standard,487.81
1831,Maria Pruitt,maria.pruitt@protonmail.com,Netherlands,2021-03-23,Standard,445.17
1832,Janet Holland,janet.holland@outlook.com,USA,2025-08-15,Standard,131.16
1833,Kari Payne,kari.payne@yahoo.com,USA,2024-09-24,Standard,276.6
1834,Carrie Parsons,carrie.parsons@outlook.com,USA,2024-10-17,Standard,354.3
1835,Tamara Phillips,tamara.phillips@hotmail.com,USA,2022-01-02,Standard,150.52
1836,Gregory Fleming,gregory.fleming@icloud.com,USA,2023-05-09,Standard,292.74
1837,Jacob Thompson,jacob.thompson@outlook.com,UK,2025-12-07,Premium,4198.87
1838,Willie Bennett,willie.bennett@yahoo.com,Mexico,2020-10-20,Basic,58.56
1839,Roy Hawkins,roy.hawkins@icloud.com,USA,2024-02-03,Basic,77.12
1840,David Silva,david.silva@yahoo.com,UK,2025-02-01,Premium,911.51
1841,Jonathan Rivera,jonathan.rivera@hotmail.com,USA,2024-04-03,Premium,4651.54
1842,Jenna Moore,jenna.moore@protonmail.com,France,2020-10-01,Premium,844.94
1843,Eric Morris,eric.morris@protonmail.com,USA,2024-12-02,Premium,4025.19
1844,Brent Randolph,brent.randolph@gmail.com,USA,2024-08-08,Premium,1071.33
1845,Christina Stanley,christina.stanley@yahoo.com,UK,2020-04-27,Premium,1853.07
1846,Tracy Armstrong,tracy.armstrong@outlook.com,India,2025-08-22,Basic,62.91
1847,Michael Bowers,michael.bowers@outlook.com,Australia,2021-04-12,Basic,38.0
1848,Louis Robinson,louis.robinson@yahoo.com,Germany,2025-07-09,Basic,86.09
1849,Ivan Jones,ivan.jones@yahoo.com,Canada,2020-02-16,Standard,390.3
1850,William Perry,william.perry@yahoo.com,UK,2022-12-30,Basic,77.48
1851,Amanda Davis,amanda.davis@outlook.com,USA,2024-06-10,Basic,75.85
1852,Jeffrey Lewis,jeffrey.lewis@icloud.com,USA,2021-11-11,Basic,79.17
1853,Martin Ward,martin.ward@icloud.com,USA,2022-01-05,Basic,21.83
1854,Jeffery Goodwin,jeffery.goodwin@gmail.com,USA,2020-02-09,Basic,12.86
1855,Alyssa Barajas,alyssa.barajas@hotmail.com,UK,2025-09-18,Basic,34.06
1856,Madison Zavala,madison.zavala@outlook.com,USA,2020-09-21,Standard,366.44
1857,Alan Caldwell,alan.caldwell@icloud.com,Germany,2024-07-10,Standard,123.89
1858,Sean Conway,sean.conway@icloud.com,UK,2024-04-21,Premium,622.02
1859,Christina Oliver,christina.oliver@icloud.com,India,2024-11-29,Standard,223.45
1860,Susan Fleming,susan.fleming@gmail.com,India,2023-02-04,Premium,511.33
1861,Manuel Moon,manuel.moon@yahoo.com,USA,2022-08-12,Premium,3294.36
1862,Sierra Cruz,sierra.cruz@protonmail.com,USA,2025-12-30,Premium,1798.74
1863,Amber Campbell,amber.campbell@hotmail.com,Germany,2025-01-17,Standard,411.75
1864,Rhonda Short,rhonda.short@yahoo.com,Germany,2025-04-22,Basic,39.76
1865,Nicholas Lang,nicholas.lang@icloud.com,USA,2024-11-28,Standard,330.15
1866,Sean Williams,sean.williams@icloud.com,USA,2025-05-27,Standard,480.22
1867,Rachel Lee,rachel.lee@outlook.com,India,2025-04-07,Standard,108.59
1868,Willie Vaughan,willie.vaughan@icloud.com,India,2023-03-26,Standard,117.65
1869,Gary Huber,gary.huber@icloud.com,USA,2025-05-29,Standard,432.43
1870,Amanda Smith,amanda.smith@hotmail.com,UK,2020-12-22,Standard,380.13
1871,Cameron Santiago,cameron.santiago@outlook.com,Mexico,2021-12-05,Premium,2338.39
1872,Kim Hancock,kim.hancock@yahoo.com,USA,2023-04-21,Standard,161.69
1873,Roger Garcia,roger.garcia@gmail.com,Japan,2023-07-02,Premium,1971.22
1874,Amanda Park,amanda.park@hotmail.com,USA,2023-02-09,Standard,472.77
1875,Theresa Rowe,theresa.rowe@hotmail.com,UK,2024-02-15,Basic,76.58
1876,Deborah Case,deborah.case@gmail.com,UK,2024-01-25,Basic,57.44
1877,Julie Hernandez,julie.hernandez@hotmail.com,USA,2025-09-04,Standard,193.81
1878,Stephen Rivera,stephen.rivera@hotmail.com,Spain,2023-01-28,Basic,63.4
1879,Christopher Brown,christopher.brown@protonmail.com,UK,2022-08-09,Basic,38.08
1880,Laura Grant,laura.grant@gmail.com,Netherlands,2024-05-17,Basic,14.1
1881,Bailey Perez,bailey.perez@protonmail.com,USA,2024-04-18,Standard,453.04
1882,Jonathan Hughes,jonathan.hughes@hotmail.com,Brazil,2025-03-04,Standard,287.22
1883,Crystal Hamilton,crystal.hamilton@protonmail.com,Italy,2022-09-05,Standard,421.15
1884,Andre Nunez,andre.nunez@gmail.com,Germany,2020-01-30,Premium,3163.26
1885,Amanda May,amanda.may@yahoo.com,USA,2025-08-17,Standard,178.95
1886,Christine Avila,christine.avila@protonmail.com,India,2020-01-12,Standard,437.75
1887,Brenda Haynes,brenda.haynes@icloud.com,Germany,2024-06-10,Standard,124.31
1888,Charles Reilly,charles.reilly@gmail.com,Netherlands,2023-07-30,Basic,43.92
1889,Daniel Buchanan,daniel.buchanan@yahoo.com,UK,2023-01-30,Standard,214.84
1890,Kevin Miller,kevin.miller@protonmail.com,USA,2025-04-30,Basic,61.74
1891,Kathy Kim,kathy.kim@gmail.com,USA,2023-05-28,Basic,19.63
1892,Randall Guerrero,randall.guerrero@protonmail.com,India,2021-08-20,Basic,75.59
1893,Thomas Ferguson,thomas.ferguson@protonmail.com,Singapore,2024-07-04,Basic,15.7
1894,Derek Myers,derek.myers@yahoo.com,USA,2020-02-07,Premium,4750.91
1895,Lauren Gardner,lauren.gardner@hotmail.com,Canada,2022-03-11,Premium,1883.73
1896,Susan Thomas,susan.thomas@protonmail.com,Italy,2024-09-08,Basic,81.27
1897,Erica Sloan,erica.sloan@hotmail.com,USA,2023-11-29,Premium,2278.34
1898,Laura Daniel,laura.daniel@gmail.com,USA,2024-12-29,Standard,141.56
1899,Nathan Herring,nathan.herring@hotmail.com,India,2023-10-29,Standard,208.84
1900,Angela Peters,angela.peters@gmail.com,India,2023-12-09,Standard,447.68
1901,David Smith,david.smith@outlook.com,USA,2023-10-06,Standard,341.5
1902,Candice Medina,candice.medina@hotmail.com,Japan,2025-03-20,Standard,284.77
1903,Stacey Torres,stacey.torres@hotmail.com,UK,2020-01-13,Standard,383.76
1904,Kaitlin Berger,kaitlin.berger@protonmail.com,Spain,2025-02-12,Standard,203.32
1905,Maurice Gutierrez,maurice.gutierrez@gmail.com,Brazil,2023-03-31,Premium,4045.77
1906,Debbie Hunt,debbie.hunt@hotmail.com,France,2023-05-27,Standard,313.82
1907,Eugene Walker,eugene.walker@protonmail.com,UK,2024-03-17,Premium,2003.46
1908,Mary Lee,mary.lee@outlook.com,USA,2023-07-06,Standard,177.68
1909,Howard Marsh,howard.marsh@gmail.com,UK,2024-09-09,Premium,2521.7
1910,Melissa York,melissa.york@hotmail.com,USA,2025-12-26,Premium,1609.39
1911,Sarah Gamble,sarah.gamble@icloud.com,India,2025-05-25,Basic,93.22
1912,Steven Dunn,steven.dunn@gmail.com,USA,2024-11-20,Standard,293.67
1913,Kelly Jones,kelly.jones@icloud.com,UK,2024-02-15,Basic,46.79
1914,Corey Swanson,corey.swanson@hotmail.com,USA,2023-08-03,Standard,201.69
1915,Tony Rivera,tony.rivera@icloud.com,USA,2024-03-10,Standard,312.58
1916,David Rios,david.rios@outlook.com,USA,2021-03-06,Standard,449.81
1917,Craig Harvey,craig.harvey@protonmail.com,Germany,2020-01-28,Basic,98.87
1918,Rachel Stewart,rachel.stewart@gmail.com,Australia,2024-07-15,Standard,493.42
1919,Shannon Jensen,shannon.jensen@icloud.com,USA,2022-10-02,Standard,161.16
1920,Kevin Silva,kevin.silva@icloud.com,Japan,2024-03-24,Standard,142.78
1921,Ariana Diaz,ariana.diaz@gmail.com,Japan,2021-09-24,Standard,167.46
1922,Leslie Patterson,leslie.patterson@protonmail.com,USA,2020-09-18,Basic,87.35
1923,Adam Sanchez,adam.sanchez@protonmail.com,India,2024-05-30,Basic,69.49
1924,Jeffrey Singh,jeffrey.singh@gmail.com,UK,2024-11-23,Standard,401.25
1925,Ryan Larsen,ryan.larsen@hotmail.com,USA,2025-02-17,Standard,217.0
1926,Dennis Quinn,dennis.quinn@protonmail.com,UK,2022-07-15,Standard,205.71
1927,Natalie Ford,natalie.ford@gmail.com,USA,2021-07-04,Basic,95.75
1928,Michael Torres,michael.torres@hotmail.com,Brazil,2020-06-14,Standard,204.67
1929,Andrea Thompson,andrea.thompson@hotmail.com,Italy,2023-02-23,Premium,4554.94
1930,Catherine Wilkinson,catherine.wilkinson@gmail.com,France,2021-03-25,Basic,27.43
1931,Michele Taylor,michele.taylor@icloud.com,Germany,2024-07-20,Basic,51.55
1932,Amanda Baker,amanda.baker@icloud.com,Germany,2020-05-21,Standard,331.46
1933,Olivia Jones,olivia.jones@outlook.com,UAE,2025-07-27,Standard,127.36
1934,Charles Smith,charles.smith@outlook.com,USA,2024-05-31,Standard,388.39
1935,William Johnson,william.johnson@hotmail.com,USA,2024-05-19,Basic,99.79
1936,Bonnie Sullivan,bonnie.sullivan@protonmail.com,Germany,2021-03-27,Standard,298.55
1937,Brittany Escobar,brittany.escobar@hotmail.com,USA,2021-09-03,Standard,319.15
1938,Andrea Stephens,andrea.stephens@icloud.com,USA,2023-01-15,Standard,305.47
1939,Yolanda Kennedy,yolanda.kennedy@hotmail.com,USA,2024-12-19,Standard,262.67
1940,Kimberly Diaz,kimberly.diaz@hotmail.com,Germany,2024-02-12,Premium,595.66
1941,Jeffrey Barton,jeffrey.barton@gmail.com,USA,2023-05-31,Basic,26.68
1942,Jessica Carter,jessica.carter@protonmail.com,USA,2022-11-01,Premium,4785.16
1943,Steven Dixon,steven.dixon@gmail.com,USA,2025-12-10,Standard,249.81
1944,Randy Shaw,randy.shaw@icloud.com,USA,2022-06-15,Basic,38.36
1945,Elaine Charles,elaine.charles@hotmail.com,Brazil,2021-02-17,Standard,323.62
1946,Lindsay Mendez,lindsay.mendez@protonmail.com,USA,2023-03-09,Standard,123.76
1947,Gabriel Palmer,gabriel.palmer@hotmail.com,India,2022-11-07,Basic,81.87
1948,Sean White,sean.white@outlook.com,Canada,2023-12-05,Premium,1973.33
1949,Stacy Hopkins,stacy.hopkins@yahoo.com,USA,2024-11-14,Basic,45.86
1950,Tammy Fitzgerald,tammy.fitzgerald@hotmail.com,France,2024-01-27,Premium,2560.28
1951,Timothy Howard,timothy.howard@yahoo.com,India,2024-07-21,Standard,272.84
1952,Jeffery Freeman,jeffery.freeman@icloud.com,Germany,2021-10-14,Standard,240.73
1953,Bryan Wood,bryan.wood@hotmail.com,USA,2020-12-03,Standard,129.67
1954,Brad Clark,brad.clark@hotmail.com,USA,2025-09-20,Standard,471.59
1955,Rebecca Ward,rebecca.ward@icloud.com,UAE,2022-07-21,Standard,451.47
1956,Terry Gibson,terry.gibson@outlook.com,Australia,2022-09-10,Standard,105.81
1957,Brandon Hooper,brandon.hooper@outlook.com,Italy,2023-09-03,Premium,3454.53
1958,Mario Padilla,mario.padilla1@hotmail.com,Spain,2024-01-01,Basic,46.82
1959,Adrienne Gallegos,adrienne.gallegos@outlook.com,USA,2021-01-15,Standard,217.2
1960,Mary Baker,mary.baker@protonmail.com,Australia,2025-12-27,Standard,476.11
1961,Amy Thompson,amy.thompson@protonmail.com,UK,2023-09-07,Premium,2150.83
1962,Desiree Diaz,desiree.diaz@icloud.com,Australia,2025-05-25,Standard,115.29
1963,Denise Houston,denise.houston@outlook.com,USA,2022-05-04,Standard,413.75
1964,Zachary Bennett,zachary.bennett@gmail.com,USA,2024-07-09,Standard,290.67
1965,Rebecca Black,rebecca.black@protonmail.com,Canada,2023-02-03,Standard,467.6
1966,Michael Parrish,michael.parrish@icloud.com,Australia,2025-04-14,Premium,2223.06
1967,Tommy Olson,tommy.olson@icloud.com,Germany,2023-05-01,Standard,231.49
1968,Cassandra Shaw,cassandra.shaw@outlook.com,USA,2025-08-07,Basic,66.43
1969,Don Martin,don.martin@gmail.com,USA,2024-08-07,Premium,808.24
1970,Chris Schneider,chris.schneider@yahoo.com,Singapore,2024-12-20,Standard,385.6
1971,Jason Lopez,jason.lopez@yahoo.com,UK,2022-11-19,Standard,163.87
1972,Michael Love,michael.love@icloud.com,UK,2022-12-07,Basic,74.95
1973,David Hall,david.hall@icloud.com,Germany,2025-07-02,Premium,604.1
1974,Lisa Cortez,lisa.cortez@yahoo.com,UK,2025-04-03,Premium,4274.34
1975,Timothy Mendoza,timothy.mendoza@yahoo.com,Germany,2021-05-19,Standard,371.31
1976,Jason Martin,jason.martin@protonmail.com,UK,2022-09-24,Standard,410.26
1977,Martha Johnson,martha.johnson@protonmail.com,France,2021-05-20,Standard,463.93
1978,Bradley Berry,bradley.berry@gmail.com,Spain,2022-04-17,Standard,434.43
1979,Evan Soto,evan.soto@protonmail.com,Italy,2022-06-05,Basic,31.08
1980,Benjamin Armstrong,benjamin.armstrong@hotmail.com,Germany,2025-05-06,Basic,81.96
1981,Brian Scott,brian.scott@outlook.com,UK,2021-08-13,Standard,154.67
1982,Hector Mullen,hector.mullen@outlook.com,India,2025-02-15,Premium,3592.4
1983,Carol Elliott,carol.elliott@gmail.com,Japan,2025-03-29,Standard,183.46
1984,Andrew Ball,andrew.ball@yahoo.com,Germany,2022-10-01,Premium,1951.94
1985,Dorothy Campbell,dorothy.campbell@hotmail.com,India,2023-01-25,Standard,269.93
1986,Christopher Cole,christopher.cole@yahoo.com,Canada,2024-07-27,Basic,64.13
1987,Victoria Dillon,victoria.dillon@outlook.com,India,2022-01-22,Standard,281.42
1988,George Greer,george.greer@gmail.com,Canada,2024-05-11,Premium,2520.21
1989,Carolyn Norton,carolyn.norton@outlook.com,USA,2024-01-16,Standard,218.24
1990,Lori White,lori.white@yahoo.com,UK,2021-08-23,Basic,21.33
1991,Donna Baker,donna.baker@hotmail.com,Germany,2025-12-17,Premium,4972.6
1992,Jennifer Cooper,jennifer.cooper@outlook.com,USA,2022-05-12,Basic,71.29
1993,Shawn Garza,shawn.garza@outlook.com,Japan,2021-08-20,Basic,25.04
1994,Jerry Cruz,jerry.cruz@icloud.com,Germany,2025-05-22,Standard,492.26
1995,Daniel Harris,daniel.harris@yahoo.com,USA,2021-02-16,Standard,330.07
1996,Michele Gordon,michele.gordon@outlook.com,France,2020-08-07,Standard,167.01
1997,Robert Hernandez,robert.hernandez@icloud.com,India,2022-07-15,Standard,466.98
1998,Cole Alvarez,cole.alvarez@gmail.com,Canada,2022-02-12,Standard,175.9
1999,Christina Williams,christina.williams@outlook.com,USA,2023-04-04,Premium,3879.41
2000,Kristen Gordon,kristen.gordon@outlook.com,Japan,2024-07-30,Basic,55.32
2001,David Olson,david.olson@yahoo.com,UK,2023-10-17,Basic,98.04
2002,David Munoz,david.munoz@protonmail.com,Germany,2024-03-12,Standard,424.82
2003,Maria Prince,maria.prince@protonmail.com,USA,2020-05-15,Standard,158.4
2004,Kimberly Banks,kimberly.banks@yahoo.com,India,2023-04-04,Standard,259.72
2005,Alexa Wood,alexa.wood@icloud.com,India,2025-11-25,Premium,2652.84
2006,Bradley Moreno,bradley.moreno@icloud.com,Germany,2024-08-12,Standard,113.29
2007,Jerome Lang,jerome.lang@hotmail.com,UK,2024-01-24,Premium,4722.5
2008,Kristine James,kristine.james@icloud.com,France,2022-11-02,Basic,54.07
2009,Brianna Figueroa,brianna.figueroa@hotmail.com,India,2023-03-15,Standard,116.07
2010,Kathleen Horton,kathleen.horton@protonmail.com,USA,2025-12-23,Basic,10.51
2011,Connor Anderson,connor.anderson@protonmail.com,Netherlands,2025-03-28,Standard,373.56
2012,Thomas Hall,thomas.hall@outlook.com,India,2024-12-09,Standard,146.82
2013,Michele Campbell,michele.campbell@yahoo.com,UAE,2023-10-10,Basic,39.86
2014,Nancy Ortiz,nancy.ortiz@yahoo.com,Singapore,2020-09-05,Standard,138.65
2015,Jacob Fletcher,jacob.fletcher@hotmail.com,Spain,2021-11-12,Standard,382.89
2016,Kristine Lane,kristine.lane@outlook.com,Canada,2020-12-15,Basic,55.22
2017,David Smith,david.smith@yahoo.com,Germany,2023-11-21,Standard,316.16
2018,Diamond Watts,diamond.watts@yahoo.com,USA,2020-07-06,Premium,925.75
2019,Leslie Cox,leslie.cox@gmail.com,Germany,2023-10-25,Standard,264.88
2020,Eric Pearson,eric.pearson@yahoo.com,Canada,2024-08-07,Standard,360.28
2021,Jon Wyatt,jon.wyatt@outlook.com,UK,2024-10-10,Standard,330.14
2022,Rodney Diaz,rodney.diaz@gmail.com,Brazil,2024-08-14,Basic,56.87
2023,Joshua Becker,joshua.becker@hotmail.com,USA,2022-08-13,Standard,277.69
2024,Kari Gutierrez,kari.gutierrez@gmail.com,USA,2024-10-11,Standard,424.2
2025,Kristen Olson,kristen.olson@hotmail.com,UK,2025-07-08,Standard,158.65
2026,Mitchell Peters,mitchell.peters@hotmail.com,UK,2023-05-17,Premium,4279.72
2027,Jon Parker,jon.parker@protonmail.com,USA,2025-12-01,Basic,34.03
2028,Maxwell Thornton,maxwell.thornton@yahoo.com,USA,2023-12-10,Premium,1745.21
2029,Jill Wyatt,jill.wyatt@hotmail.com,Japan,2024-12-02,Standard,474.17
2030,Donna Adkins,donna.adkins@outlook.com,UK,2023-07-04,Standard,480.22
2031,Sean Lyons,sean.lyons@protonmail.com,USA,2024-07-20,Basic,44.1
2032,Evan Lewis,evan.lewis@hotmail.com,USA,2025-10-23,Premium,988.35
2033,Richard Morgan,richard.morgan1@gmail.com,UK,2023-03-21,Standard,185.3
2034,Andrea Terry,andrea.terry@protonmail.com,USA,2024-08-15,Basic,73.8
2035,Jasmine Martin,jasmine.martin@protonmail.com,India,2025-11-02,Standard,459.94
2036,Tamara Smith,tamara.smith@icloud.com,Australia,2025-11-16,Standard,372.8
2037,Christopher Thomas,christopher.thomas@yahoo.com,USA,2020-11-30,Basic,34.8
2038,Sara Graham,sara.graham@icloud.com,Germany,2020-09-22,Basic,16.9
2039,Caleb Walker,caleb.walker@icloud.com,USA,2025-02-15,Standard,190.45
2040,Christopher Johnson,christopher.johnson@hotmail.com,USA,2024-02-07,Basic,96.91
2041,Patrick Joyce,patrick.joyce@hotmail.com,Mexico,2025-06-20,Premium,4580.17
2042,Christina Meyer,christina.meyer@icloud.com,Germany,2022-06-23,Basic,72.97
2043,Jennifer Harper,jennifer.harper@yahoo.com,Mexico,2025-04-28,Premium,4777.99
2044,Sonya Wilkins,sonya.wilkins@yahoo.com,USA,2025-01-13,Standard,378.96
2045,Danielle Gonzales,danielle.gonzales@hotmail.com,USA,2025-12-13,Premium,4046.67
2046,James Sandoval,james.sandoval@icloud.com,UK,2024-10-29,Basic,36.92
2047,Linda Mitchell,linda.mitchell@yahoo.com,UK,2021-06-14,Basic,22.26
2048,Arthur Greene,arthur.greene@yahoo.com,UAE,2024-05-17,Standard,103.37
2049,Zachary Hall,zachary.hall@icloud.com,USA,2024-10-12,Standard,481.2
2050,Gavin Johnson,gavin.johnson@icloud.com,Japan,2023-09-13,Standard,424.12
2051,John Smith,john.smith@outlook.com,Brazil,2022-07-07,Premium,1362.51
2052,Eric Shea,eric.shea@gmail.com,Germany,2025-09-21,Basic,36.94
2053,Kimberly Gomez,kimberly.gomez@gmail.com,USA,2021-06-17,Premium,4553.01
2054,Randall Willis,randall.willis@outlook.com,UK,2023-05-17,Basic,36.04
2055,April Mclaughlin,april.mclaughlin@gmail.com,USA,2024-01-12,Basic,73.13
2056,Casey Davis,casey.davis@yahoo.com,Australia,2025-03-20,Premium,3377.37
2057,Justin Gallegos,justin.gallegos@outlook.com,UK,2024-05-14,Standard,415.07
2058,Robyn Bailey,robyn.bailey@yahoo.com,Italy,2022-11-21,Basic,31.21
2059,Sylvia Hill,sylvia.hill@outlook.com,Germany,2020-10-16,Basic,23.75
2060,Catherine Lee,catherine.lee@outlook.com,UK,2022-02-21,Basic,48.56
2061,Sarah Andrews,sarah.andrews@hotmail.com,India,2022-04-29,Premium,4942.21
2062,Jose Russell,jose.russell@outlook.com,UK,2025-10-21,Premium,4506.07
2063,Daniel Jones,daniel.jones@hotmail.com,Spain,2023-02-19,Basic,74.26
2064,Kelly Arroyo,kelly.arroyo@outlook.com,USA,2021-08-09,Standard,139.7
2065,Leah Frye,leah.frye@gmail.com,Singapore,2025-10-17,Standard,441.51
2066,Nancy Li,nancy.li@icloud.com,France,2020-11-30,Basic,94.58
2067,Bailey Benson,bailey.benson@hotmail.com,Japan,2020-02-09,Standard,452.87
2068,Tammy Hart,tammy.hart@yahoo.com,UK,2023-12-12,Premium,3608.57
2069,Kayla Todd,kayla.todd@gmail.com,Japan,2020-03-08,Standard,260.34
2070,Susan Ellis,susan.ellis@outlook.com,USA,2021-02-02,Basic,10.38
2071,Steven Matthews,steven.matthews@gmail.com,Canada,2025-12-02,Standard,488.94
2072,Anthony Wilson,anthony.wilson@protonmail.com,USA,2025-12-02,Premium,1642.83
2073,Carlos Schultz,carlos.schultz@icloud.com,USA,2024-08-15,Basic,54.97
2074,Virginia Rhodes,virginia.rhodes@yahoo.com,UK,2024-06-30,Standard,271.33
2075,Jerry Stewart,jerry.stewart@hotmail.com,USA,2020-12-10,Standard,416.36
2076,Stephanie Black,stephanie.black@gmail.com,USA,2025-11-06,Basic,13.11
2077,Alec Collier,alec.collier@outlook.com,France,2023-05-31,Standard,339.19
2078,John Davis,john.davis@protonmail.com,USA,2021-08-29,Basic,90.54
2079,Emily Nicholson,emily.nicholson@icloud.com,Canada,2022-03-02,Basic,18.1
2080,Charles Velazquez,charles.velazquez@icloud.com,USA,2024-11-22,Standard,302.65
2081,Thomas Gomez,thomas.gomez@gmail.com,Canada,2020-07-16,Standard,456.0
2082,Patricia Adams,patricia.adams@yahoo.com,Australia,2022-10-01,Standard,392.3
2083,Stacey Vega,stacey.vega@protonmail.com,UK,2023-03-09,Standard,348.56
2084,Renee Porter,renee.porter@gmail.com,India,2023-06-14,Standard,344.42
2085,James Moss,james.moss@gmail.com,Spain,2020-07-29,Standard,110.51
2086,Monique Clark,monique.clark@outlook.com,Australia,2024-05-05,Basic,51.2
2087,James Wright,james.wright@gmail.com,USA,2022-07-02,Standard,139.79
2088,Christine Moore,christine.moore@hotmail.com,UK,2024-11-24,Basic,40.09
2089,Daniel Mora,daniel.mora@outlook.com,Australia,2022-06-28,Standard,365.49
2090,Emma Alvarado,emma.alvarado@gmail.com,USA,2023-09-20,Standard,251.21
2091,Christina Duran,christina.duran@outlook.com,Australia,2024-02-17,Premium,1432.93
2092,Amber Williams,amber.williams@protonmail.com,USA,2024-03-01,Standard,197.66
2093,Timothy Oliver,timothy.oliver@outlook.com,France,2020-08-08,Standard,314.3
2094,Travis Galloway,travis.galloway@hotmail.com,USA,2024-03-02,Premium,3566.82
2095,Penny Melton,penny.melton@protonmail.com,USA,2025-01-24,Basic,91.86
2096,Travis Joyce,travis.joyce@icloud.com,UAE,2022-07-26,Standard,336.17
2097,Sabrina Ramirez,sabrina.ramirez@gmail.com,Brazil,2024-04-14,Standard,304.65
2098,Jeffrey Ray,jeffrey.ray@yahoo.com,Mexico,2023-06-05,Basic,95.57
2099,Brian Lloyd,brian.lloyd@icloud.com,Netherlands,2025-01-28,Standard,283.49
2100,Timothy Fernandez,timothy.fernandez@hotmail.com,UK,2023-10-16,Standard,317.83
2101,Wayne Long,wayne.long@protonmail.com,USA,2025-07-26,Standard,464.49
2102,Gina Thompson,gina.thompson@gmail.com,USA,2024-05-17,Premium,509.29
2103,Tiffany Wolfe,tiffany.wolfe@outlook.com,UK,2024-12-04,Standard,113.22
2104,Steve Norris,steve.norris@protonmail.com,USA,2022-10-19,Standard,155.84
2105,Alexander Clark,alexander.clark@protonmail.com,Italy,2024-01-08,Premium,2096.02
2106,Bianca Nguyen,bianca.nguyen@icloud.com,USA,2021-11-12,Standard,114.78
2107,Chloe Green,chloe.green@protonmail.com,USA,2023-04-06,Premium,1755.72
2108,Amy Young,amy.young@hotmail.com,USA,2022-02-04,Basic,18.33
2109,Thomas Austin,thomas.austin@protonmail.com,USA,2024-11-28,Standard,378.12
2110,Michael Jimenez,michael.jimenez@outlook.com,USA,2024-04-23,Standard,195.33
2111,Jason Haynes,jason.haynes@protonmail.com,India,2025-01-16,Basic,42.29
2112,Nathan Dickerson,nathan.dickerson@outlook.com,USA,2022-04-20,Standard,466.83
2113,Joshua White,joshua.white@icloud.com,Germany,2025-03-22,Standard,262.06
2114,David Johnston,david.johnston@yahoo.com,Mexico,2025-09-06,Standard,228.47
2115,Jeremy Garcia,jeremy.garcia@yahoo.com,Germany,2025-10-13,Basic,75.36
2116,Joseph Young,joseph.young@outlook.com,India,2024-01-13,Premium,4351.24
2117,Ryan James,ryan.james@protonmail.com,USA,2022-05-13,Premium,931.35
2118,Dustin Haley,dustin.haley@yahoo.com,USA,2025-09-12,Basic,77.24
2119,Edward Shaffer,edward.shaffer@protonmail.com,USA,2024-01-26,Premium,2092.64
2120,Gregory Porter,gregory.porter@hotmail.com,Singapore,2024-11-23,Basic,70.25
2121,Wendy Atkinson,wendy.atkinson@yahoo.com,Germany,2022-07-14,Standard,301.65
2122,Zachary Le,zachary.le@icloud.com,USA,2021-08-11,Standard,361.21
2123,Kristen Evans,kristen.evans@hotmail.com,UK,2022-01-26,Basic,40.07
2124,Anna Bradley,anna.bradley@gmail.com,Japan,2024-07-11,Basic,75.73
2125,Raymond Vaughn,raymond.vaughn@outlook.com,India,2023-09-29,Premium,3224.79
2126,Brian Cervantes,brian.cervantes@protonmail.com,Germany,2025-08-03,Standard,247.1
2127,Thomas Soto,thomas.soto@icloud.com,Mexico,2020-11-01,Basic,92.48
2128,Shannon Cook,shannon.cook@yahoo.com,India,2021-11-05,Standard,448.77
2129,Michael Castro,michael.castro@gmail.com,India,2023-11-28,Basic,28.19
2130,Sarah Scott,sarah.scott@hotmail.com,USA,2021-07-07,Standard,313.82
2131,Andrew Martinez,andrew.martinez@icloud.com,USA,2023-06-27,Premium,4318.2
2132,Michelle Mccarty,michelle.mccarty@yahoo.com,Singapore,2024-04-28,Basic,24.52
2133,James Johnston,james.johnston@yahoo.com,Germany,2025-04-11,Basic,22.88
2134,Debra Thompson,debra.thompson@outlook.com,UK,2022-05-28,Premium,1025.65
2135,Kimberly Kelly,kimberly.kelly@outlook.com,Germany,2022-02-01,Basic,50.59
2136,Emily Freeman,emily.freeman@gmail.com,USA,2024-08-08,Standard,343.06
2137,Jill Preston,jill.preston@hotmail.com,France,2022-02-03,Premium,4872.09
2138,Patrick Mitchell,patrick.mitchell@outlook.com,USA,2024-02-14,Standard,364.19
2139,Crystal Thomas,crystal.thomas@hotmail.com,France,2024-11-21,Basic,89.63
2140,Gary Morton,gary.morton@yahoo.com,UK,2025-07-06,Premium,1748.54
2141,Matthew Welch,matthew.welch@outlook.com,USA,2020-10-30,Premium,3256.65
2142,Ashley Sweeney,ashley.sweeney@hotmail.com,USA,2025-10-16,Basic,46.0
2143,Charles Martin,charles.martin@outlook.com,France,2025-11-30,Standard,471.84
2144,Jeremy Stewart,jeremy.stewart@protonmail.com,USA,2020-09-26,Premium,4741.55
2145,Kelly Adams,kelly.adams@yahoo.com,USA,2023-06-15,Standard,177.79
2146,Deanna Nelson,deanna.nelson@hotmail.com,Canada,2023-08-28,Basic,68.8
2147,Sean Roy,sean.roy@gmail.com,USA,2022-06-29,Standard,204.25
2148,Michael Matthews,michael.matthews@outlook.com,USA,2025-08-16,Basic,26.27
2149,Tammy Gutierrez,tammy.gutierrez@gmail.com,USA,2021-10-02,Premium,4580.65
2150,Ivan Johnson,ivan.johnson@protonmail.com,Japan,2022-03-02,Standard,428.11
2151,Jessica Stanley,jessica.stanley@yahoo.com,USA,2020-03-13,Basic,55.04
2152,Shelby Haynes,shelby.haynes@outlook.com,USA,2024-12-06,Standard,133.08
2153,Christopher Jackson,christopher.jackson@protonmail.com,USA,2025-02-02,Premium,4814.26
2154,Dakota Brown,dakota.brown@outlook.com,USA,2024-02-28,Standard,236.82
2155,Natasha Kelley,natasha.kelley@protonmail.com,USA,2024-06-16,Standard,102.68
2156,Anthony Sanders,anthony.sanders@hotmail.com,USA,2020-03-09,Premium,4227.82
2157,Kathy Miller,kathy.miller@icloud.com,USA,2024-07-08,Basic,45.45
2158,Jose Moore,jose.moore@icloud.com,UK,2023-09-06,Standard,229.91
2159,Diana Mcclure,diana.mcclure@icloud.com,Brazil,2023-06-10,Standard,497.49
2160,Kyle Wright,kyle.wright@protonmail.com,USA,2024-10-10,Premium,2992.88
2161,Justin Sims,justin.sims@protonmail.com,USA,2025-07-12,Standard,437.71
2162,David Roberson,david.roberson@icloud.com,Spain,2024-08-07,Standard,235.71
2163,Anthony Alvarado,anthony.alvarado@icloud.com,Mexico,2024-06-01,Basic,26.51
2164,Michelle Nguyen,michelle.nguyen@hotmail.com,India,2023-12-17,Standard,360.88
2165,Thomas Proctor,thomas.proctor@yahoo.com,USA,2020-05-25,Basic,42.39
2166,Amber Nelson,amber.nelson@protonmail.com,UK,2024-11-27,Standard,244.13
2167,Sean Montes,sean.montes@gmail.com,USA,2024-10-03,Standard,434.17
2168,Heidi Thompson,heidi.thompson@hotmail.com,USA,2024-11-28,Basic,43.57
2169,Carla Welch,carla.welch@outlook.com,USA,2024-10-07,Standard,230.75
2170,Cynthia Elliott,cynthia.elliott@gmail.com,Germany,2022-12-11,Basic,11.0
2171,Alexandra Fowler,alexandra.fowler@yahoo.com,USA,2022-07-28,Basic,55.9
2172,Kyle Reed,kyle.reed@gmail.com,Germany,2021-11-17,Basic,29.47
2173,Amber Ballard,amber.ballard@outlook.com,USA,2024-02-01,Standard,438.58
2174,Scott Diaz,scott.diaz@gmail.com,USA,2025-05-08,Premium,1962.14
2175,Jordan Torres,jordan.torres@icloud.com,Australia,2024-02-08,Standard,468.02
2176,Aaron Ochoa,aaron.ochoa@protonmail.com,Brazil,2024-08-19,Basic,72.3
2177,Melanie Cooper,melanie.cooper@outlook.com,USA,2024-11-24,Standard,437.54
2178,Taylor Smith,taylor.smith@protonmail.com,Germany,2021-06-14,Standard,163.91
2179,Sandra Arroyo,sandra.arroyo@hotmail.com,USA,2022-09-03,Standard,360.29
2180,Thomas Smith,thomas.smith@gmail.com,USA,2022-01-18,Premium,4547.31
2181,Russell Carter,russell.carter@hotmail.com,Canada,2025-05-03,Premium,2429.51
2182,Jerry Smith,jerry.smith@gmail.com,USA,2020-07-07,Premium,4604.09
2183,Nathaniel Jenkins,nathaniel.jenkins@outlook.com,UK,2024-03-03,Premium,2159.1
2184,Ann Foster,ann.foster@gmail.com,UK,2023-07-02,Basic,99.27
2185,Frank Mclaughlin,frank.mclaughlin@icloud.com,USA,2024-06-09,Standard,259.42
2186,Peter Gray,peter.gray@outlook.com,USA,2022-12-08,Premium,3476.73
2187,Jose Henderson,jose.henderson@protonmail.com,USA,2025-03-01,Standard,170.32
2188,John Duran,john.duran@yahoo.com,Netherlands,2023-08-24,Standard,286.82
2189,Renee Aguirre,renee.aguirre@outlook.com,Germany,2025-01-04,Standard,279.44
2190,Gail Mitchell,gail.mitchell@gmail.com,USA,2024-12-09,Standard,398.95
2191,Julia Lamb,julia.lamb@yahoo.com,USA,2023-07-23,Premium,1378.38
2192,Robert Castaneda,robert.castaneda@icloud.com,Germany,2024-05-02,Standard,498.66
2193,Ian Roberts,ian.roberts@gmail.com,USA,2024-08-29,Premium,1743.29
2194,Dana Williamson,dana.williamson@protonmail.com,Germany,2021-09-27,Standard,136.55
2195,Joseph Dean,joseph.dean@outlook.com,Canada,2024-05-15,Premium,1531.09
2196,Jacob Smith,jacob.smith@yahoo.com,UK,2024-11-23,Standard,394.06
2197,Brandon Nichols,brandon.nichols@outlook.com,USA,2024-07-01,Premium,2335.1
2198,Jacob Garcia,jacob.garcia@hotmail.com,USA,2024-11-10,Standard,178.17
2199,Joseph Espinoza,joseph.espinoza@protonmail.com,USA,2024-01-28,Standard,440.71
2200,Jessica Hall,jessica.hall@yahoo.com,UK,2023-11-09,Premium,1593.84
2201,Edward Snyder,edward.snyder@icloud.com,Mexico,2022-03-13,Basic,74.92
2202,Matthew Collins,matthew.collins@outlook.com,USA,2022-02-22,Standard,348.78
2203,Lauren Bolton,lauren.bolton@protonmail.com,Germany,2024-09-13,Premium,3298.91
2204,Steven Moody,steven.moody@icloud.com,India,2022-06-05,Standard,426.47
2205,Mark Bridges,mark.bridges@yahoo.com,USA,2021-12-06,Premium,3675.69
2206,Stephanie Brown,stephanie.brown@protonmail.com,USA,2025-06-02,Basic,99.61
2207,Kimberly Jones,kimberly.jones@icloud.com,USA,2022-06-14,Premium,1023.19
2208,Theodore Lee,theodore.lee@hotmail.com,India,2021-03-08,Standard,239.18
2209,Mckenzie Roth,mckenzie.roth@hotmail.com,UK,2025-03-04,Basic,80.05
2210,Maria Martinez,maria.martinez@gmail.com,India,2024-01-06,Premium,2326.47
2211,Kayla Wright,kayla.wright@yahoo.com,Brazil,2024-11-17,Standard,147.09
2212,Kelsey Ramos,kelsey.ramos@yahoo.com,Canada,2023-07-30,Standard,473.54
2213,Joan Johnson,joan.johnson@hotmail.com,UAE,2024-01-27,Basic,41.48
2214,Steven Wise,steven.wise@gmail.com,Canada,2025-01-14,Standard,372.88
2215,Adriana Hendrix,adriana.hendrix@yahoo.com,Japan,2022-06-02,Standard,478.93
2216,Thomas Maldonado,thomas.maldonado@protonmail.com,France,2020-09-10,Premium,3208.73
2217,Larry Morris,larry.morris@outlook.com,India,2021-11-29,Standard,151.86
2218,Crystal Williams,crystal.williams@gmail.com,Australia,2025-10-13,Standard,391.92
2219,Sharon Meyer,sharon.meyer@yahoo.com,Italy,2022-09-03,Standard,355.23
2220,Jon Little,jon.little@yahoo.com,UK,2023-02-15,Premium,4163.2
2221,James Clay,james.clay@icloud.com,India,2024-08-20,Standard,408.59
2222,Michelle Robinson,michelle.robinson@hotmail.com,UK,2025-11-16,Standard,316.97
2223,Daniel Chen,daniel.chen@hotmail.com,Japan,2022-12-16,Standard,143.68
2224,Mark Jackson,mark.jackson@protonmail.com,UK,2024-01-02,Basic,39.69
2225,Joshua Wilson,joshua.wilson@gmail.com,France,2025-03-21,Basic,59.82
2226,Kristina Smith,kristina.smith@protonmail.com,Australia,2022-04-13,Basic,71.93
2227,Bobby Logan,bobby.logan@icloud.com,Singapore,2024-12-11,Standard,407.7
2228,Thomas Carlson,thomas.carlson@protonmail.com,USA,2020-06-02,Standard,494.2
2229,Nathan Davis,nathan.davis@gmail.com,India,2022-10-09,Premium,4148.97
2230,Eric Davis,eric.davis@hotmail.com,Canada,2020-03-15,Basic,71.82
2231,Christine Galvan,christine.galvan@protonmail.com,Italy,2023-01-26,Standard,194.12
2232,Wendy Garrett,wendy.garrett@hotmail.com,Spain,2022-01-06,Standard,382.09
2233,Brian Newman,brian.newman@protonmail.com,Germany,2025-01-08,Standard,279.67
2234,Jacqueline Moody,jacqueline.moody@icloud.com,Germany,2023-08-25,Basic,37.45
2235,David Hall,david.hall@yahoo.com,USA,2023-05-15,Basic,88.13
2236,Tina Kramer,tina.kramer@outlook.com,Singapore,2024-11-25,Basic,87.28
2237,Katherine Trujillo,katherine.trujillo@gmail.com,USA,2025-10-01,Standard,211.01
2238,Samuel Lee,samuel.lee@icloud.com,India,2022-01-28,Standard,295.48
2239,Hannah Howard,hannah.howard@outlook.com,Australia,2020-12-04,Basic,30.1
2240,Dennis Roach,dennis.roach@protonmail.com,UK,2021-03-18,Standard,411.86
2241,Todd Kim,todd.kim@hotmail.com,USA,2025-08-05,Standard,261.72
2242,Kenneth Terry,kenneth.terry@hotmail.com,USA,2025-11-11,Standard,333.01
2243,James Lopez,james.lopez@icloud.com,Japan,2023-12-02,Standard,247.26
2244,Michael Oconnor,michael.oconnor@protonmail.com,UK,2021-06-12,Basic,16.69
2245,Joshua Guerra,joshua.guerra@yahoo.com,USA,2024-05-14,Standard,171.89
2246,Robin Spencer,robin.spencer@yahoo.com,India,2024-01-13,Basic,33.02
2247,Casey Moore,casey.moore@hotmail.com,USA,2023-06-29,Basic,32.26
2248,Kenneth Baker,kenneth.baker@gmail.com,Brazil,2021-02-09,Standard,280.61
2249,Michael Smith,michael.smith@protonmail.com,USA,2023-02-23,Premium,886.97
2250,Dana Gray,dana.gray@icloud.com,USA,2024-12-17,Standard,290.38
2251,Jacob Smith,jacob.smith@protonmail.com,USA,2025-10-20,Standard,168.31
2252,Melissa Parsons,melissa.parsons@outlook.com,UK,2022-06-18,Standard,135.97
2253,John Le,john.le@outlook.com,UK,2025-05-31,Basic,84.38
2254,Dominique Ryan,dominique.ryan@yahoo.com,Canada,2023-11-22,Premium,2835.53
2255,Paul Warren,paul.warren@protonmail.com,UK,2024-04-14,Standard,393.39
2256,Tyler Arnold,tyler.arnold@outlook.com,USA,2025-08-22,Basic,52.34
2257,Chloe Morris,chloe.morris@outlook.com,USA,2024-06-22,Basic,54.39
2258,Danielle Rodriguez,danielle.rodriguez@yahoo.com,USA,2020-05-04,Standard,307.59
2259,Alexandra Jones,alexandra.jones@gmail.com,Italy,2022-01-21,Premium,3065.83
2260,Mary Anderson,mary.anderson@yahoo.com,USA,2025-07-01,Standard,268.23
2261,Morgan Harris,morgan.harris@outlook.com,UAE,2024-04-28,Standard,348.71
2262,Todd Garcia,todd.garcia@yahoo.com,USA,2023-06-27,Standard,140.34
2263,Ashley Huff,ashley.huff@icloud.com,USA,2024-05-17,Standard,130.6
2264,Diane Fox,diane.fox@outlook.com,USA,2022-05-19,Standard,313.13
2265,Jacqueline Scott,jacqueline.scott@hotmail.com,USA,2022-05-23,Standard,236.65
2266,Michael Obrien,michael.obrien@icloud.com,Australia,2025-04-13,Standard,252.71
2267,Chad Conrad,chad.conrad@hotmail.com,UK,2023-01-26,Standard,497.56
2268,Jason Henry,jason.henry@gmail.com,USA,2022-07-22,Standard,354.47
2269,Pamela Miller,pamela.miller@gmail.com,India,2023-03-08,Standard,469.36
2270,Laurie Brown,laurie.brown@outlook.com,Germany,2025-07-28,Standard,265.75
2271,Angela Hurley,angela.hurley@icloud.com,Italy,2022-09-18,Basic,37.39
2272,Robert Wood,robert.wood@yahoo.com,Singapore,2022-12-08,Standard,167.73
2273,Jeanette Colon,jeanette.colon@yahoo.com,India,2023-11-01,Standard,486.64
2274,Joseph Williams,joseph.williams@icloud.com,France,2020-06-28,Standard,450.66
2275,Chad Torres,chad.torres@icloud.com,Australia,2020-01-27,Basic,65.85
2276,Shirley Yu,shirley.yu@hotmail.com,UK,2020-05-10,Standard,245.72
2277,Colton Hardy,colton.hardy@gmail.com,India,2021-06-14,Standard,338.71
2278,Amanda Lopez,amanda.lopez@yahoo.com,USA,2024-08-13,Basic,35.04
2279,Alicia Wright,alicia.wright@gmail.com,Canada,2022-05-21,Premium,1622.87
2280,Colleen White,colleen.white@outlook.com,Singapore,2023-08-19,Standard,140.81
2281,Kara Perry,kara.perry@icloud.com,USA,2024-06-04,Standard,491.39
2282,Daniel Fowler,daniel.fowler@gmail.com,Japan,2020-12-27,Basic,56.62
2283,Michael Ellis,michael.ellis@gmail.com,Italy,2022-04-01,Basic,62.51
2284,Elizabeth Andrade,elizabeth.andrade@icloud.com,USA,2025-06-28,Premium,691.19
2285,Garrett White,garrett.white@protonmail.com,UK,2024-12-28,Basic,39.45
2286,Richard Morgan,richard.morgan@protonmail.com,Italy,2024-05-26,Basic,56.22
2287,Eric Murillo,eric.murillo@hotmail.com,Netherlands,2024-11-18,Standard,419.65
2288,Scott Gomez,scott.gomez@outlook.com,USA,2025-03-17,Standard,386.58
2289,Leslie Frey,leslie.frey@hotmail.com,USA,2021-11-16,Premium,3714.19
2290,Mark Watson,mark.watson@gmail.com,India,2020-02-20,Standard,315.56
2291,Kathryn Jordan,kathryn.jordan@hotmail.com,USA,2025-11-03,Standard,178.25
2292,Jessica Franklin,jessica.franklin@yahoo.com,USA,2020-07-16,Basic,70.26
2293,Anna Lewis,anna.lewis@gmail.com,USA,2024-08-20,Standard,142.64
2294,Katie Howe,katie.howe@icloud.com,USA,2020-04-11,Standard,320.85
2295,Jonathan Nixon,jonathan.nixon@outlook.com,Germany,2023-03-18,Standard,233.48
2296,Seth Sanders,seth.sanders@icloud.com,India,2024-05-31,Standard,105.45
2297,Jessica Bird,jessica.bird@yahoo.com,India,2024-07-05,Premium,4976.4
2298,Caitlin Holmes,caitlin.holmes@yahoo.com,Australia,2024-05-29,Standard,209.72
2299,Victoria Turner,victoria.turner@protonmail.com,UK,2021-04-03,Premium,2818.28
2300,Kevin Walker,kevin.walker@hotmail.com,USA,2022-06-16,Standard,444.79
2301,Melissa Smith,melissa.smith@outlook.com,USA,2024-08-21,Standard,259.46
2302,Lynn Norris,lynn.norris@hotmail.com,USA,2020-05-21,Basic,59.25
2303,Joshua Spencer,joshua.spencer@protonmail.com,USA,2024-04-02,Premium,2402.81
2304,Angela Howe,angela.howe@hotmail.com,USA,2024-04-14,Standard,306.19
2305,Eric Johnson,eric.johnson@icloud.com,USA,2023-07-19,Standard,438.72
2306,Michael Taylor,michael.taylor@gmail.com,USA,2023-04-02,Premium,4571.26
2307,Michael Perkins,michael.perkins@yahoo.com,India,2025-07-15,Premium,3770.75
2308,Jesse Shepherd,jesse.shepherd@outlook.com,Germany,2023-08-12,Standard,431.62
2309,Christopher Ross,christopher.ross@gmail.com,Italy,2020-08-30,Standard,104.43
2310,Samantha Navarro,samantha.navarro@icloud.com,Australia,2025-05-23,Basic,94.45
2311,Jennifer Mcguire,jennifer.mcguire@gmail.com,Germany,2021-06-14,Premium,4227.73
2312,Gerald Petersen,gerald.petersen@protonmail.com,USA,2025-11-14,Basic,39.93
2313,Hannah Johnston,hannah.johnston@yahoo.com,Germany,2020-11-09,Standard,250.97
2314,Rebecca Larson,rebecca.larson@yahoo.com,USA,2023-01-10,Standard,377.76
2315,Kevin Cross,kevin.cross@yahoo.com,UK,2024-10-27,Standard,280.64
2316,Barbara Miller,barbara.miller@yahoo.com,USA,2020-03-04,Basic,65.38
2317,Brian Wise,brian.wise@icloud.com,UK,2024-09-27,Standard,361.93
2318,Michael Montoya,michael.montoya@hotmail.com,USA,2022-05-10,Basic,43.15
2319,Robert Parrish,robert.parrish@protonmail.com,India,2024-07-19,Standard,177.36
2320,Molly Perez,molly.perez@gmail.com,Japan,2025-11-05,Basic,19.21
2321,Denise Guzman,denise.guzman@yahoo.com,Canada,2024-06-27,Basic,87.35
2322,Alexander Waters,alexander.waters@yahoo.com,Germany,2023-07-13,Basic,78.49
2323,Patrick Torres,patrick.torres@outlook.com,UK,2023-03-29,Standard,278.2
2324,Blake Fernandez,blake.fernandez@yahoo.com,USA,2020-09-17,Basic,89.95
2325,Edward Shaw,edward.shaw@protonmail.com,India,2025-08-23,Premium,1592.45
2326,Jeffrey Williams,jeffrey.williams@yahoo.com,Germany,2024-02-23,Standard,436.62
2327,Jessica Long,jessica.long@outlook.com,USA,2024-07-21,Standard,173.55
2328,Sean Larson,sean.larson@gmail.com,USA,2023-06-27,Standard,150.53
2329,William Walker,william.walker@icloud.com,Italy,2023-02-08,Standard,467.99
2330,Keith Foster,keith.foster@hotmail.com,Germany,2020-07-18,Premium,1620.11
2331,David Miller,david.miller@protonmail.com,UK,2021-11-18,Standard,499.55
2332,Ashley Williams,ashley.williams@yahoo.com,Germany,2023-11-19,Premium,3864.16
2333,Raymond Miller,raymond.miller@yahoo.com,UK,2022-12-18,Standard,178.95
2334,Warren Ayala,warren.ayala@yahoo.com,UK,2020-11-17,Basic,42.29
2335,David Taylor,david.taylor@yahoo.com,USA,2024-01-12,Basic,12.91
2336,Anita Freeman,anita.freeman@yahoo.com,UK,2023-03-10,Basic,80.15
2337,Denise Gonzalez,denise.gonzalez@protonmail.com,India,2023-11-24,Basic,21.52
2338,Christina Fitzgerald,christina.fitzgerald@gmail.com,USA,2025-11-05,Standard,402.19
2339,John Jones,john.jones@gmail.com,Australia,2024-01-20,Standard,392.56
2340,Kimberly Morris,kimberly.morris@gmail.com,USA,2020-01-15,Standard,205.03
2341,Sandra Davis,sandra.davis@protonmail.com,India,2024-07-13,Premium,4591.67
2342,Emily Henderson,emily.henderson@hotmail.com,India,2023-02-08,Standard,239.32
2343,Michael Flores,michael.flores@yahoo.com,India,2024-07-30,Basic,76.62
2344,Brittney Johnson,brittney.johnson@yahoo.com,Germany,2025-12-01,Standard,287.54
2345,Kevin Huerta,kevin.huerta@protonmail.com,Netherlands,2021-11-03,Basic,65.53
2346,Christina Branch,christina.branch@hotmail.com,UK,2024-03-15,Premium,3108.14
2347,Scott Thomas,scott.thomas@yahoo.com,India,2022-04-25,Basic,73.33
2348,Brady Meyers,brady.meyers@outlook.com,India,2020-04-14,Standard,205.14
2349,James Brooks,james.brooks@yahoo.com,USA,2023-12-12,Basic,91.78
2350,Katherine Farrell,katherine.farrell@hotmail.com,USA,2022-06-14,Standard,406.19
2351,Daniel Brown,daniel.brown@protonmail.com,UK,2020-12-25,Standard,135.45
2352,Stacy Mcintosh,stacy.mcintosh@protonmail.com,USA,2023-08-10,Standard,201.4
2353,Misty Wilkins,misty.wilkins@hotmail.com,USA,2022-10-20,Standard,140.56
2354,Alexander Benson,alexander.benson@icloud.com,USA,2023-10-15,Standard,180.24
2355,Daniel Cole,daniel.cole@yahoo.com,Germany,2020-06-15,Premium,4162.19
2356,Andrew Clark,andrew.clark@gmail.com,USA,2023-01-25,Standard,471.27
2357,Amanda Harris,amanda.harris@protonmail.com,France,2023-03-21,Basic,55.07
2358,Alexandra Green,alexandra.green@yahoo.com,UK,2023-09-26,Standard,149.4
2359,Timothy Blair,timothy.blair@yahoo.com,India,2024-08-10,Standard,306.23
2360,Donald Hale,donald.hale@outlook.com,USA,2025-08-02,Basic,69.62
2361,Andrew Aguilar,andrew.aguilar@icloud.com,UK,2020-06-02,Standard,219.51
2362,Elizabeth Williams,elizabeth.williams@protonmail.com,USA,2023-03-09,Basic,94.52
2363,George Campbell,george.campbell@hotmail.com,India,2025-05-27,Standard,212.89
2364,Kristina Williamson,kristina.williamson@yahoo.com,USA,2024-01-20,Standard,400.48
2365,Brian Pena,brian.pena@protonmail.com,Netherlands,2025-07-12,Premium,1359.34
2366,Alan Price,alan.price@yahoo.com,USA,2024-11-22,Premium,4702.01
2367,Joseph Christian,joseph.christian@protonmail.com,Germany,2024-11-18,Standard,324.39
2368,Donna Lin,donna.lin@gmail.com,USA,2020-05-16,Basic,24.57
2369,Andrew Dillon,andrew.dillon@gmail.com,Germany,2022-05-18,Premium,3254.77
2370,Debra Hall,debra.hall@yahoo.com,UK,2024-03-23,Basic,51.76
2371,Oscar Bray,oscar.bray@yahoo.com,USA,2024-07-28,Standard,392.57
2372,Cory Stewart,cory.stewart@gmail.com,USA,2024-02-03,Standard,446.8
2373,Michelle Schmidt,michelle.schmidt@outlook.com,USA,2025-06-16,Basic,62.37
2374,Jacob Mason,jacob.mason@yahoo.com,USA,2022-12-10,Basic,25.12
2375,Stephen House,stephen.house@yahoo.com,UAE,2023-11-19,Standard,421.77
2376,Andrew Wright,andrew.wright@icloud.com,UK,2025-12-29,Standard,257.22
2377,Alyssa Cook,alyssa.cook@protonmail.com,USA,2025-02-16,Premium,563.79
2378,Phillip Moore,phillip.moore@gmail.com,Netherlands,2025-10-17,Standard,154.64
2379,Michael Bell,michael.bell@icloud.com,USA,2024-04-22,Basic,98.86
2380,Colleen Young,colleen.young@hotmail.com,UK,2025-06-11,Standard,192.48
2381,Tiffany Mason,tiffany.mason@hotmail.com,India,2023-10-02,Standard,208.62
2382,Lisa Garrett,lisa.garrett@gmail.com,Spain,2021-07-13,Premium,1207.99
2383,Natasha Zamora,natasha.zamora@gmail.com,India,2021-06-18,Standard,143.45
2384,Lisa Johnson,lisa.johnson@icloud.com,UK,2023-10-10,Standard,246.06
2385,Angela Ramirez,angela.ramirez@gmail.com,Singapore,2025-04-27,Standard,497.51
2386,Edward Prince,edward.prince@yahoo.com,USA,2023-10-30,Standard,321.57
2387,Diane Miller,diane.miller@yahoo.com,UAE,2024-12-11,Basic,29.03
2388,Patrick Yu,patrick.yu@yahoo.com,Japan,2023-07-29,Basic,93.62
2389,Cheyenne Garrett,cheyenne.garrett@yahoo.com,Italy,2024-07-27,Standard,223.2
2390,Jeremy Allen,jeremy.allen@gmail.com,USA,2021-10-24,Premium,1124.65
2391,Eric Waller,eric.waller@hotmail.com,USA,2024-02-25,Basic,75.8
2392,Renee Murphy,renee.murphy@yahoo.com,India,2022-01-26,Basic,14.56
2393,Amy Clark,amy.clark@outlook.com,UK,2023-05-19,Basic,45.81
2394,Dillon Weaver,dillon.weaver@hotmail.com,UK,2023-06-21,Standard,396.29
2395,Lauren Huffman,lauren.huffman@hotmail.com,Italy,2024-07-27,Premium,3710.97
2396,Kyle Thornton,kyle.thornton@yahoo.com,Germany,2024-01-19,Basic,38.41
2397,Alexandria Taylor,alexandria.taylor@protonmail.com,USA,2025-12-19,Standard,271.11
2398,Wendy Daugherty,wendy.daugherty@outlook.com,UK,2025-03-23,Standard,496.83
2399,Dustin Fitzpatrick,dustin.fitzpatrick@hotmail.com,USA,2022-05-31,Standard,291.51
2400,Sally Stewart,sally.stewart@yahoo.com,USA,2021-03-23,Standard,362.54
2401,Angela Fry,angela.fry@yahoo.com,USA,2020-03-16,Standard,343.97
2402,David Stewart,david.stewart@protonmail.com,France,2022-10-04,Standard,360.96
2403,Nichole Acosta,nichole.acosta@outlook.com,India,2022-02-02,Standard,131.91
2404,Kathy Beard,kathy.beard@protonmail.com,UK,2025-11-04,Standard,461.82
2405,Robert Jenkins,robert.jenkins@icloud.com,USA,2025-02-19,Premium,2189.57
2406,Scott Peck,scott.peck@icloud.com,India,2022-08-27,Basic,85.19
2407,Patricia Mahoney,patricia.mahoney@yahoo.com,France,2024-11-28,Standard,379.47
2408,Joshua Maxwell,joshua.maxwell@gmail.com,Brazil,2025-02-23,Standard,407.34
2409,Daniel Lopez,daniel.lopez@yahoo.com,Germany,2023-11-10,Standard,240.52
2410,Kathryn Salazar,kathryn.salazar@yahoo.com,France,2025-06-30,Standard,166.55
2411,Joseph Bradley,joseph.bradley@protonmail.com,UK,2025-04-22,Standard,447.92
2412,Jerry Hall,jerry.hall@hotmail.com,UK,2025-02-02,Premium,3930.9
2413,Grace Howard,grace.howard@protonmail.com,Brazil,2024-02-05,Basic,36.34
2414,Hailey Woods,hailey.woods@icloud.com,USA,2023-08-01,Premium,514.91
2415,Wayne Jacobs,wayne.jacobs@hotmail.com,UK,2022-09-04,Basic,38.46
2416,Jennifer Brooks,jennifer.brooks@yahoo.com,USA,2025-10-01,Standard,490.09
2417,Melissa Henry,melissa.henry@yahoo.com,UK,2022-06-02,Premium,634.98
2418,Devin Lee,devin.lee@outlook.com,Germany,2023-11-06,Standard,209.83
2419,Antonio Duran,antonio.duran@gmail.com,India,2022-02-24,Standard,451.68
2420,Alexis Nelson,alexis.nelson@hotmail.com,UK,2023-03-26,Basic,64.48
2421,Robert Newton,robert.newton@yahoo.com,USA,2021-04-03,Basic,74.12
2422,Vanessa Todd,vanessa.todd@icloud.com,Brazil,2025-08-25,Standard,303.67
2423,Carl Ho,carl.ho@protonmail.com,USA,2024-07-22,Standard,190.9
2424,Valerie Camacho,valerie.camacho@outlook.com,Italy,2023-01-09,Basic,82.06
2425,Tracy Nguyen,tracy.nguyen@icloud.com,USA,2023-11-21,Standard,411.15
2426,Stephen Wright,stephen.wright@icloud.com,Germany,2024-09-16,Standard,288.77
2427,Richard Williams,richard.williams@outlook.com,UK,2024-08-01,Standard,376.65
2428,Jill James,jill.james@protonmail.com,France,2025-01-10,Standard,269.47
2429,Lawrence Carr,lawrence.carr@gmail.com,USA,2025-03-24,Basic,42.8
2430,Julia Wheeler,julia.wheeler@gmail.com,Spain,2023-10-01,Standard,245.35
2431,Alicia Liu,alicia.liu@yahoo.com,UK,2025-09-27,Basic,97.46
2432,Kristin Meyer,kristin.meyer@gmail.com,Germany,2024-12-03,Standard,431.09
2433,Shannon Wilcox,shannon.wilcox@gmail.com,UK,2024-11-08,Standard,257.57
2434,Bobby Forbes,bobby.forbes@protonmail.com,USA,2024-09-24,Standard,366.81
2435,April Foster,april.foster@outlook.com,UK,2023-12-25,Basic,61.74
2436,Jill Grant,jill.grant@gmail.com,USA,2023-06-06,Standard,434.91
2437,Zachary Mccoy,zachary.mccoy@protonmail.com,USA,2024-10-01,Basic,21.24
2438,Brandon Carter,brandon.carter@hotmail.com,India,2022-08-06,Standard,336.92
2439,Raymond Torres,raymond.torres@gmail.com,UK,2024-08-19,Standard,476.6
2440,Maria Murray,maria.murray@yahoo.com,USA,2023-08-08,Basic,88.3
2441,Roberto Austin,roberto.austin@outlook.com,USA,2024-05-11,Basic,15.16
2442,Brian Black,brian.black@hotmail.com,USA,2025-05-17,Standard,313.07
2443,Douglas Gallegos,douglas.gallegos@icloud.com,USA,2020-10-31,Basic,66.87
2444,Shannon Sharp,shannon.sharp@icloud.com,Germany,2022-06-11,Standard,284.75
2445,Daniel Osborne,daniel.osborne@gmail.com,USA,2024-12-30,Premium,1136.05
2446,Sharon Horton,sharon.horton@gmail.com,Brazil,2021-03-17,Basic,66.28
2447,Derek Gutierrez,derek.gutierrez@gmail.com,USA,2022-09-14,Basic,45.55
2448,Shannon White,shannon.white@hotmail.com,USA,2024-01-12,Premium,2849.05
2449,Brittany Marquez,brittany.marquez@icloud.com,Brazil,2020-02-22,Basic,15.04
2450,James Gibson,james.gibson@protonmail.com,USA,2024-05-06,Standard,154.26
2451,John Holt,john.holt@yahoo.com,UK,2020-06-09,Basic,78.55
2452,Rebecca Hogan,rebecca.hogan@protonmail.com,Netherlands,2021-01-18,Basic,54.99
2453,Jennifer Martinez,jennifer.martinez@yahoo.com,Netherlands,2023-07-01,Basic,10.16
2454,Danny Cole,danny.cole@protonmail.com,India,2025-09-27,Basic,18.08
2455,Michael Mills,michael.mills@gmail.com,USA,2024-12-07,Basic,67.54
2456,Patrick Moody,patrick.moody@yahoo.com,Germany,2022-04-16,Standard,470.11
2457,William Herring,william.herring@icloud.com,UAE,2023-05-27,Standard,204.1
2458,Nicholas James,nicholas.james@gmail.com,Netherlands,2024-05-20,Standard,344.63
2459,Kayla Barr,kayla.barr@icloud.com,USA,2024-09-21,Basic,69.56
2460,Ariana Keller,ariana.keller@gmail.com,UK,2022-12-03,Premium,4802.77
2461,Edward Melton,edward.melton@protonmail.com,USA,2022-03-13,Basic,92.13
2462,Harold Joseph,harold.joseph@outlook.com,USA,2023-02-08,Standard,482.76
2463,Robert Collins,robert.collins@hotmail.com,India,2024-04-04,Basic,33.92
2464,Kayla Griffin,kayla.griffin@hotmail.com,USA,2025-06-03,Standard,172.7
2465,Courtney Wilson,courtney.wilson@gmail.com,USA,2024-10-29,Basic,21.23
2466,David Harris,david.harris@yahoo.com,USA,2024-06-09,Basic,91.64
2467,Cindy King,cindy.king@icloud.com,UK,2023-08-20,Standard,342.87
2468,Stephen Foley,stephen.foley@protonmail.com,USA,2024-12-30,Standard,109.02
2469,Amy Smith,amy.smith@protonmail.com,UK,2024-04-27,Standard,150.01
2470,Nicole Young,nicole.young@icloud.com,USA,2022-03-09,Basic,29.44
2471,Brianna Alvarez,brianna.alvarez@gmail.com,Netherlands,2025-08-17,Basic,34.49
2472,Robert Miller,robert.miller@gmail.com,USA,2023-08-31,Standard,395.23
2473,Carol Sanchez,carol.sanchez@yahoo.com,UK,2024-05-27,Premium,2913.47
2474,Amy Harvey,amy.harvey@icloud.com,USA,2024-02-18,Standard,401.06
2475,Angela Bryan,angela.bryan@protonmail.com,USA,2025-06-02,Premium,4255.86
2476,Brandon Hernandez,brandon.hernandez@hotmail.com,USA,2021-07-12,Basic,72.71
2477,Denise Johnson,denise.johnson@yahoo.com,USA,2025-05-11,Standard,248.71
2478,Melissa Estrada,melissa.estrada@protonmail.com,USA,2021-06-09,Basic,67.24
2479,Mary Evans,mary.evans@icloud.com,UK,2021-07-04,Basic,82.38
2480,Samantha Williams,samantha.williams@icloud.com,India,2025-01-21,Basic,91.05
2481,Robert Thompson,robert.thompson@hotmail.com,USA,2022-12-05,Standard,197.63
2482,Emily Carr,emily.carr@outlook.com,UK,2024-02-06,Standard,328.74
2483,Heather Larson,heather.larson@gmail.com,Germany,2023-01-24,Basic,30.67
2484,Kristin Thompson,kristin.thompson@yahoo.com,USA,2025-07-05,Basic,65.24
2485,Stanley Riley,stanley.riley@outlook.com,USA,2025-03-12,Basic,93.95
2486,Sarah Davis,sarah.davis@icloud.com,USA,2023-03-08,Standard,161.46
2487,Kevin Richardson,kevin.richardson@gmail.com,USA,2025-03-01,Premium,4682.86
2488,Nicholas Jones,nicholas.jones@hotmail.com,UK,2022-11-17,Basic,12.97
2489,Ronald Pierce,ronald.pierce@protonmail.com,UAE,2024-09-22,Basic,16.61
2490,Kelly Taylor,kelly.taylor@protonmail.com,UAE,2024-01-28,Standard,130.41
2491,Heather Hill,heather.hill@protonmail.com,Singapore,2024-10-30,Basic,48.47
2492,Alison Warren,alison.warren@hotmail.com,UK,2024-07-22,Premium,638.66
2493,Heather Salazar,heather.salazar@gmail.com,USA,2025-11-25,Standard,492.81
2494,Daniel Blair,daniel.blair@protonmail.com,USA,2024-03-27,Standard,362.61
2495,Cristina Benitez,cristina.benitez@yahoo.com,USA,2025-09-05,Standard,486.51
2496,Timothy Barker,timothy.barker@yahoo.com,USA,2021-06-26,Standard,195.17
2497,Sarah Andersen,sarah.andersen@hotmail.com,USA,2023-05-12,Standard,355.84
2498,Justin Lynch,justin.lynch@protonmail.com,UK,2025-06-22,Standard,131.76
2499,Leslie Fox,leslie.fox@icloud.com,USA,2022-10-22,Standard,445.71
2500,Wanda Gomez,wanda.gomez@outlook.com,USA,2023-06-24,Standard,309.39
2501,David Hart,david.hart@hotmail.com,India,2024-06-28,Standard,311.9
2502,April Welch,april.welch@icloud.com,USA,2024-02-07,Basic,49.03
2503,Travis White,travis.white@outlook.com,Japan,2022-06-13,Standard,499.09
2504,Chelsea Erickson,chelsea.erickson@yahoo.com,USA,2021-01-18,Standard,224.86
2505,Tiffany Smith,tiffany.smith@gmail.com,UK,2022-07-01,Premium,4312.56
2506,Andrew Garrett,andrew.garrett@icloud.com,USA,2022-06-18,Basic,36.19
2507,David Charles,david.charles@gmail.com,UK,2021-07-15,Basic,36.73
2508,Lauren Duarte,lauren.duarte@protonmail.com,USA,2025-07-20,Basic,72.09
2509,Robert Cook,robert.cook@yahoo.com,USA,2022-07-13,Basic,64.87
2510,Ann Walsh,ann.walsh@protonmail.com,Germany,2025-01-15,Standard,363.52
2511,Alex Harris,alex.harris@protonmail.com,USA,2025-12-20,Basic,54.25
2512,Juan Tyler,juan.tyler@protonmail.com,USA,2023-10-20,Standard,319.56
2513,Kyle Hunter,kyle.hunter@outlook.com,Italy,2025-09-14,Basic,37.89
2514,Mario Smith,mario.smith@outlook.com,USA,2022-12-19,Basic,29.36
2515,Gina Peterson,gina.peterson@gmail.com,Germany,2024-02-28,Basic,14.1
2516,Jennifer Gilbert,jennifer.gilbert@hotmail.com,Germany,2025-07-17,Standard,347.56
2517,Anthony Thompson,anthony.thompson@yahoo.com,USA,2025-08-26,Standard,168.89
2518,Mark Morgan,mark.morgan@hotmail.com,UK,2022-08-26,Standard,166.04
2519,Emily Hendricks,emily.hendricks@gmail.com,USA,2022-10-03,Standard,210.1
2520,Laura Brewer,laura.brewer@icloud.com,India,2022-06-04,Basic,43.05
2521,Timothy Burton,timothy.burton@protonmail.com,USA,2025-05-15,Basic,74.88
2522,Patricia Herrera,patricia.herrera@hotmail.com,USA,2022-12-31,Standard,310.93
2523,Matthew Bowers,matthew.bowers@icloud.com,USA,2024-05-26,Basic,36.43
2524,Robert Newton,robert.newton@gmail.com,Spain,2023-08-16,Standard,280.47
2525,Mary Evans,mary.evans@gmail.com,Australia,2023-10-10,Standard,342.68
2526,Jessica Stewart,jessica.stewart@gmail.com,Netherlands,2023-05-31,Standard,481.2
2527,Amanda Clark,amanda.clark@outlook.com,India,2023-01-05,Standard,375.8
2528,Gina Marsh,gina.marsh@yahoo.com,India,2024-05-30,Basic,20.95
2529,Pamela Gomez,pamela.gomez@yahoo.com,UK,2023-02-03,Basic,68.44
2530,Tara Ramirez,tara.ramirez@outlook.com,Spain,2023-02-23,Basic,87.05
2531,Anthony Terrell,anthony.terrell@hotmail.com,UK,2024-04-23,Standard,237.54
2532,Courtney Kirby,courtney.kirby@gmail.com,USA,2023-08-29,Standard,188.07
2533,Ashley Price,ashley.price@outlook.com,India,2024-01-03,Standard,278.33
2534,Brooke Hancock,brooke.hancock@yahoo.com,Germany,2024-07-12,Standard,278.36
2535,Karen Thornton,karen.thornton@icloud.com,USA,2024-06-16,Standard,366.3
2536,Leonard Johnson,leonard.johnson@yahoo.com,UK,2022-11-05,Standard,246.2
2537,Robert Crawford,robert.crawford@yahoo.com,USA,2020-10-16,Basic,15.64
2538,John Hayes,john.hayes@hotmail.com,Japan,2025-06-25,Standard,250.46
2539,Stephanie Robinson,stephanie.robinson@icloud.com,USA,2025-06-20,Basic,18.23
2540,Kevin Rodriguez,kevin.rodriguez@icloud.com,France,2022-02-20,Standard,217.39
2541,Kristen Strickland,kristen.strickland@outlook.com,UK,2023-04-10,Standard,254.04
2542,Robin Wallace,robin.wallace@gmail.com,Canada,2023-06-16,Basic,29.91
2543,Angel Webb,angel.webb@hotmail.com,USA,2024-08-14,Basic,43.82
2544,Vincent Lee,vincent.lee@protonmail.com,Italy,2022-01-22,Basic,31.93
2545,Sandra Oconnor,sandra.oconnor@gmail.com,UK,2025-07-24,Basic,64.62
2546,Alexandra Rowe,alexandra.rowe@protonmail.com,USA,2020-10-19,Standard,198.19
2547,Douglas Wiggins,douglas.wiggins@hotmail.com,USA,2025-07-25,Basic,52.85
2548,Lynn Hurley,lynn.hurley@gmail.com,USA,2020-11-06,Basic,75.7
2549,Erica Anderson,erica.anderson@hotmail.com,USA,2022-02-18,Standard,483.51
2550,Jenny Stevens,jenny.stevens@gmail.com,India,2022-05-10,Premium,4795.66
2551,Jennifer Boyd,jennifer.boyd@outlook.com,Netherlands,2022-04-15,Standard,287.58
2552,Adam Randolph,adam.randolph@yahoo.com,India,2025-07-20,Basic,15.72
2553,Gloria Wheeler,gloria.wheeler@gmail.com,Germany,2023-09-19,Basic,19.42
2554,Christopher Owens,christopher.owens@protonmail.com,UK,2021-03-01,Basic,36.12
2555,Brandon Meyer,brandon.meyer@yahoo.com,France,2025-12-17,Standard,489.25
2556,Donna Edwards,donna.edwards@protonmail.com,Japan,2022-06-28,Premium,2899.94
2557,Becky Collins,becky.collins@protonmail.com,USA,2020-03-18,Standard,267.22
2558,Patricia Flores,patricia.flores@protonmail.com,Netherlands,2020-12-26,Standard,416.32
2559,James Hill,james.hill@outlook.com,UK,2023-09-12,Premium,1752.87
2560,Luis Alexander,luis.alexander@icloud.com,Australia,2025-10-06,Premium,4849.49
2561,David Hernandez,david.hernandez@icloud.com,Singapore,2020-12-27,Premium,3199.06
2562,Joshua Smith,joshua.smith@hotmail.com,India,2024-02-28,Standard,485.63
2563,Cindy Palmer,cindy.palmer@icloud.com,USA,2022-07-17,Basic,13.45
2564,Jamie Bell,jamie.bell@hotmail.com,Germany,2022-01-30,Standard,330.9
2565,Lucas Thomas,lucas.thomas@protonmail.com,USA,2024-11-01,Standard,476.61
2566,Janet Campbell,janet.campbell@hotmail.com,Australia,2024-12-11,Standard,331.45
2567,John Jones,john.jones@protonmail.com,USA,2024-12-25,Basic,23.46
2568,Christina Morgan,christina.morgan@hotmail.com,India,2022-02-04,Basic,12.73
2569,Scott Anderson,scott.anderson@icloud.com,Spain,2020-10-10,Standard,466.64
2570,Thomas Lowe,thomas.lowe@protonmail.com,USA,2024-11-03,Basic,94.57
2571,Daniel Brown,daniel.brown1@protonmail.com,UK,2024-07-19,Basic,78.67
2572,Ronald White,ronald.white@gmail.com,India,2023-05-03,Standard,406.63
2573,Caitlin Watkins,caitlin.watkins@gmail.com,UK,2022-10-02,Standard,274.24
2574,Mary Lyons,mary.lyons@hotmail.com,USA,2024-01-17,Standard,206.51
2575,Christina Edwards,christina.edwards@protonmail.com,USA,2020-11-19,Standard,334.91
2576,Lisa Marquez,lisa.marquez@protonmail.com,UK,2024-05-28,Standard,478.96
2577,Emily Ferguson,emily.ferguson@outlook.com,India,2024-05-14,Standard,231.23
2578,Terri Campos,terri.campos@yahoo.com,Germany,2022-10-09,Standard,242.12
2579,Steven Anderson,steven.anderson@protonmail.com,USA,2023-06-12,Standard,388.98
2580,Lisa Gillespie,lisa.gillespie@yahoo.com,UK,2024-06-06,Standard,228.92
2581,Taylor Bryant,taylor.bryant@outlook.com,USA,2024-01-06,Standard,444.23
2582,Gabrielle Mckinney,gabrielle.mckinney@icloud.com,USA,2025-07-12,Premium,4330.99
2583,Steven Hall,steven.hall@outlook.com,India,2024-08-14,Standard,180.27
2584,Jeffrey Callahan,jeffrey.callahan@icloud.com,USA,2020-05-12,Standard,266.9
2585,Christina Durham,christina.durham@hotmail.com,Germany,2023-09-27,Basic,59.34
2586,Philip Lyons,philip.lyons@hotmail.com,Italy,2024-08-20,Standard,401.23
2587,Elizabeth Mccormick,elizabeth.mccormick@outlook.com,Germany,2023-04-10,Premium,4468.96
2588,Nicole Chavez,nicole.chavez@gmail.com,Germany,2024-06-14,Premium,3475.05
2589,Anthony Alvarez,anthony.alvarez@protonmail.com,USA,2022-03-21,Standard,193.35
2590,Michael Murray,michael.murray@gmail.com,USA,2021-09-26,Premium,2076.83
2591,George Tate,george.tate@gmail.com,USA,2022-11-16,Standard,365.9
2592,Cassandra Anderson,cassandra.anderson@gmail.com,Canada,2025-08-31,Standard,252.11
2593,Dakota Roth,dakota.roth@outlook.com,Japan,2024-11-26,Basic,95.02
2594,Laura Nguyen,laura.nguyen@hotmail.com,USA,2024-04-04,Standard,305.83
2595,Debra Sparks,debra.sparks@hotmail.com,USA,2022-11-28,Premium,955.76
2596,Amanda Morales,amanda.morales@icloud.com,USA,2025-04-19,Standard,481.77
2597,Robert Oliver,robert.oliver@protonmail.com,Germany,2025-06-27,Basic,95.64
2598,Amy Dickson,amy.dickson@protonmail.com,Germany,2023-05-19,Standard,311.0
2599,Patrick Peterson,patrick.peterson@icloud.com,India,2024-06-15,Basic,51.15
2600,Lisa Garza,lisa.garza@hotmail.com,Spain,2025-12-01,Standard,377.86
2601,Kristen Graham,kristen.graham@outlook.com,USA,2022-12-12,Premium,1982.89
2602,Kristin Stephens,kristin.stephens@protonmail.com,India,2023-12-29,Standard,383.07
2603,Joel Bates,joel.bates@protonmail.com,Germany,2024-02-18,Basic,47.16
2604,Christian Galvan,christian.galvan@hotmail.com,USA,2023-04-01,Basic,31.19
2605,Audrey Tucker,audrey.tucker@hotmail.com,Spain,2024-12-06,Basic,96.4
2606,Brittany Ford,brittany.ford@hotmail.com,USA,2024-01-06,Standard,155.21
2607,Angela Short,angela.short@icloud.com,India,2022-04-12,Basic,86.3
2608,Gregory Blanchard,gregory.blanchard@hotmail.com,India,2023-08-12,Standard,326.17
2609,Chad Rodriguez,chad.rodriguez@icloud.com,Spain,2024-08-06,Standard,480.23
2610,Lisa Wise,lisa.wise@protonmail.com,UK,2020-04-10,Standard,149.33
2611,Nicholas Snyder,nicholas.snyder@yahoo.com,USA,2023-08-10,Basic,97.2
2612,Donna Davis,donna.davis@gmail.com,France,2020-09-16,Standard,456.85
2613,Lisa Clay,lisa.clay@icloud.com,Canada,2025-11-24,Standard,187.7
2614,Rebecca Fields,rebecca.fields@outlook.com,UK,2021-09-08,Standard,444.89
2615,Aaron Thomas,aaron.thomas@hotmail.com,Canada,2020-02-07,Standard,360.59
2616,Edward Schmidt,edward.schmidt@icloud.com,USA,2025-04-10,Premium,4197.52
2617,Peter Lane,peter.lane@protonmail.com,Germany,2021-03-23,Basic,43.61
2618,James Maldonado,james.maldonado@hotmail.com,Brazil,2024-09-04,Premium,3001.22
2619,Leslie Hudson,leslie.hudson@protonmail.com,USA,2023-02-13,Standard,190.12
2620,Robin Torres,robin.torres@hotmail.com,UK,2025-11-20,Standard,495.51
2621,Sherry Graham,sherry.graham@outlook.com,Netherlands,2022-09-11,Standard,103.91
2622,Toni Cooper,toni.cooper@yahoo.com,Australia,2021-09-29,Standard,357.13
2623,Christopher Smith,christopher.smith@outlook.com,Mexico,2022-05-31,Standard,191.22
2624,Valerie Powell,valerie.powell@yahoo.com,USA,2025-03-02,Standard,133.41
2625,David Phillips,david.phillips@gmail.com,UAE,2025-08-22,Standard,234.91
2626,Mike Dunn,mike.dunn@icloud.com,USA,2022-07-09,Basic,57.27
2627,Brian Warner,brian.warner@hotmail.com,UK,2022-08-10,Standard,337.82
2628,Lori Howard,lori.howard@icloud.com,UK,2021-07-09,Standard,162.05
2629,Michelle Glenn,michelle.glenn@protonmail.com,Australia,2022-01-10,Basic,61.86
2630,Joe Park,joe.park@outlook.com,Spain,2022-06-04,Standard,264.05
2631,Phillip Flores,phillip.flores@gmail.com,India,2025-06-06,Basic,20.22
2632,Patrick James,patrick.james@icloud.com,Germany,2020-03-06,Basic,69.59
2633,Amy Bates,amy.bates@hotmail.com,UK,2025-07-07,Basic,64.87
2634,Thomas Lopez,thomas.lopez@hotmail.com,UK,2020-02-17,Standard,425.66
2635,Patrick Middleton,patrick.middleton@outlook.com,UK,2025-05-17,Basic,65.18
2636,Mary Moore,mary.moore@icloud.com,USA,2023-06-19,Standard,287.33
2637,Whitney Santiago,whitney.santiago@yahoo.com,UK,2020-10-11,Standard,144.14
2638,Dennis Jones,dennis.jones@gmail.com,Japan,2025-01-28,Basic,19.1
2639,Alfred Griffith,alfred.griffith@hotmail.com,India,2022-12-30,Standard,470.86
2640,Tommy Kim,tommy.kim@gmail.com,Australia,2025-09-13,Basic,50.28
2641,Veronica Miller,veronica.miller@icloud.com,USA,2024-02-01,Standard,428.36
2642,Dawn Perry,dawn.perry@outlook.com,UK,2025-03-11,Premium,1727.79
2643,Stephen Mccormick,stephen.mccormick@icloud.com,USA,2025-11-03,Standard,202.93
2644,Cassandra Simmons,cassandra.simmons@yahoo.com,USA,2022-11-05,Basic,80.73
2645,Hector Hicks,hector.hicks@outlook.com,UK,2023-11-02,Standard,369.72
2646,Andrea Cole,andrea.cole@protonmail.com,USA,2024-05-08,Basic,68.79
2647,Michael Lopez,michael.lopez1@outlook.com,USA,2022-10-30,Standard,399.77
2648,Cassandra Lane,cassandra.lane@gmail.com,India,2024-11-11,Basic,98.52
2649,Melanie Young,melanie.young@protonmail.com,UK,2022-09-09,Standard,471.25
2650,Walter Jenkins,walter.jenkins@icloud.com,UK,2024-04-09,Basic,97.61
2651,Amy Richardson,amy.richardson@gmail.com,USA,2023-11-29,Standard,116.5
2652,Tiffany Carroll,tiffany.carroll@icloud.com,UK,2020-08-04,Standard,301.19
2653,Janet Wilson,janet.wilson@outlook.com,UK,2025-10-25,Basic,21.37
2654,Timothy Vaughn,timothy.vaughn@outlook.com,UK,2025-07-12,Premium,2755.69
2655,Douglas Simon,douglas.simon@protonmail.com,Germany,2022-05-25,Standard,496.87
2656,Tonya Terrell,tonya.terrell@icloud.com,USA,2021-07-16,Basic,47.19
2657,Kimberly Marshall,kimberly.marshall@yahoo.com,Spain,2024-11-09,Basic,22.51
2658,Christian Wu,christian.wu@yahoo.com,USA,2022-04-15,Basic,35.1
2659,Christopher Kennedy,christopher.kennedy@hotmail.com,UK,2024-12-07,Basic,89.23
2660,Judith Horne,judith.horne@hotmail.com,USA,2024-08-10,Basic,38.77
2661,Christian Schultz,christian.schultz@hotmail.com,UK,2022-06-20,Standard,328.46
2662,Lauren Edwards,lauren.edwards@outlook.com,USA,2022-07-17,Standard,202.37
2663,Brian Cooper,brian.cooper@icloud.com,Japan,2020-02-17,Basic,91.69
2664,Kimberly Harrison,kimberly.harrison@icloud.com,UK,2022-08-22,Basic,23.06
2665,William Harrison,william.harrison@gmail.com,India,2024-12-28,Premium,2350.75
2666,Jessica Fisher,jessica.fisher@gmail.com,USA,2021-09-25,Standard,170.69
2667,Susan Yates,susan.yates@yahoo.com,USA,2025-12-07,Standard,131.68
2668,Keith Johnson,keith.johnson@gmail.com,UK,2024-12-15,Basic,75.44
2669,Sandra Curry,sandra.curry@hotmail.com,UK,2022-03-24,Standard,172.36
2670,Jessica Elliott,jessica.elliott@gmail.com,UK,2024-11-02,Basic,13.59
2671,Bryan Kennedy,bryan.kennedy@outlook.com,Singapore,2023-02-11,Basic,70.56
2672,Gary Williams,gary.williams@outlook.com,India,2023-01-29,Standard,316.5
2673,Veronica Lamb,veronica.lamb@gmail.com,UAE,2024-07-29,Standard,107.15
2674,Claudia Mitchell,claudia.mitchell@icloud.com,USA,2021-05-18,Standard,111.41
2675,Christopher Wagner,christopher.wagner@protonmail.com,Australia,2022-12-19,Standard,186.13
2676,Melissa Ramirez,melissa.ramirez@gmail.com,Germany,2021-09-09,Standard,369.51
2677,David Campbell,david.campbell@outlook.com,Germany,2021-10-09,Standard,234.13
2678,Michaela Smith,michaela.smith@icloud.com,UAE,2024-03-08,Basic,57.75
2679,Daniel Thompson,daniel.thompson@icloud.com,India,2025-09-11,Standard,402.12
2680,Brittany Hernandez,brittany.hernandez@icloud.com,Mexico,2024-01-18,Premium,3886.97
2681,Sean Morton,sean.morton@outlook.com,India,2025-02-11,Standard,309.86
2682,Jose Haynes,jose.haynes@outlook.com,USA,2024-07-22,Basic,21.43
2683,Todd Lloyd,todd.lloyd@hotmail.com,India,2022-12-18,Standard,355.21
2684,Michelle Cooper,michelle.cooper@gmail.com,UK,2025-03-23,Standard,120.36
2685,Christopher Thomas,christopher.thomas@gmail.com,Spain,2020-10-10,Basic,85.72
2686,Sarah Moore,sarah.moore@gmail.com,France,2021-02-03,Premium,1658.44
2687,Tyler Chaney,tyler.chaney@yahoo.com,USA,2025-08-23,Standard,267.59
2688,Kaylee Young,kaylee.young@icloud.com,USA,2024-05-05,Standard,269.78
2689,Scott Walsh,scott.walsh@gmail.com,USA,2025-07-04,Basic,26.62
2690,Jason Navarro,jason.navarro@yahoo.com,UK,2021-05-22,Basic,16.28
2691,Michael May,michael.may@hotmail.com,USA,2024-01-03,Premium,4888.37
2692,Karla Wilson,karla.wilson@yahoo.com,India,2022-01-21,Basic,13.91
2693,Gary Ross,gary.ross@yahoo.com,Germany,2023-11-21,Basic,97.84
2694,Kevin Reese,kevin.reese@icloud.com,Japan,2025-11-05,Basic,22.56
2695,Karen Patel,karen.patel@icloud.com,USA,2023-08-22,Basic,72.72
2696,Noah Thornton,noah.thornton@hotmail.com,UK,2024-10-09,Basic,20.16
2697,Thomas Thomas,thomas.thomas@hotmail.com,USA,2025-05-23,Premium,1742.44
2698,Monica Smith,monica.smith@protonmail.com,Mexico,2025-08-27,Standard,237.44
2699,Sara Cole,sara.cole@icloud.com,USA,2020-07-05,Basic,66.38
2700,Erika Nixon,erika.nixon@gmail.com,USA,2021-11-13,Standard,468.37
2701,Felicia Williams,felicia.williams@yahoo.com,USA,2025-09-11,Standard,162.56
2702,Samantha Walsh,samantha.walsh@protonmail.com,France,2024-11-21,Basic,28.41
2703,Stephanie Reynolds,stephanie.reynolds@protonmail.com,USA,2023-01-20,Basic,49.35
2704,Samantha Garrison,samantha.garrison@icloud.com,Germany,2020-09-07,Basic,23.44
2705,Matthew Adams,matthew.adams@outlook.com,Canada,2020-04-19,Basic,17.21
2706,Corey Pena,corey.pena@outlook.com,Canada,2025-08-14,Premium,3687.07
2707,Peter Mejia,peter.mejia@yahoo.com,USA,2023-07-09,Basic,50.0
2708,Kaitlyn Navarro,kaitlyn.navarro@protonmail.com,USA,2025-11-06,Basic,47.73
2709,Brianna Lee,brianna.lee@protonmail.com,UK,2022-06-11,Premium,3097.98
2710,Matthew Vaughn,matthew.vaughn@gmail.com,USA,2022-09-14,Standard,410.81
2711,Hector Kelley,hector.kelley@hotmail.com,India,2024-01-15,Basic,86.6
2712,Emily Decker,emily.decker@outlook.com,USA,2025-06-14,Standard,462.35
2713,Alexander Davis,alexander.davis@outlook.com,UK,2022-07-15,Premium,2641.25
2714,Dalton Griffin,dalton.griffin@hotmail.com,USA,2023-03-13,Standard,287.84
2715,Jeffrey Campbell,jeffrey.campbell@hotmail.com,Germany,2024-06-29,Standard,457.79
2716,James Johnson,james.johnson@icloud.com,USA,2020-11-20,Standard,294.57
2717,Christopher Mays,christopher.mays@outlook.com,India,2023-11-13,Basic,86.9
2718,Diane Houston,diane.houston@protonmail.com,USA,2024-12-13,Standard,244.64
2719,Stephanie Little,stephanie.little@protonmail.com,Singapore,2020-03-18,Basic,94.95
2720,Jean Wilson,jean.wilson@icloud.com,India,2024-08-02,Premium,2599.96
2721,Melissa Anderson,melissa.anderson@protonmail.com,USA,2020-05-30,Standard,133.9
2722,Diana Yoder,diana.yoder@gmail.com,USA,2024-03-15,Standard,216.63
2723,Ashlee Coffey,ashlee.coffey@icloud.com,USA,2025-07-21,Basic,56.5
2724,Paula Dominguez,paula.dominguez@gmail.com,USA,2025-07-18,Basic,16.88
2725,Jon Owens,jon.owens@icloud.com,USA,2024-01-04,Standard,285.26
2726,Sharon Fowler,sharon.fowler@icloud.com,Brazil,2024-03-11,Basic,90.25
2727,Sandra Hill,sandra.hill@gmail.com,Germany,2022-06-07,Premium,2083.97
2728,Ronald Berger,ronald.berger@protonmail.com,USA,2023-07-18,Standard,351.44
2729,Kayla Morris,kayla.morris@yahoo.com,Germany,2021-01-30,Basic,76.72
2730,Fernando Jones,fernando.jones@yahoo.com,USA,2024-02-20,Standard,254.69
2731,Kimberly Reyes,kimberly.reyes@protonmail.com,Singapore,2020-05-10,Basic,61.22
2732,Marvin Brown,marvin.brown@protonmail.com,USA,2023-09-09,Standard,420.33
2733,Stephanie Baker,stephanie.baker@icloud.com,India,2024-07-11,Basic,23.99
2734,Scott Vasquez,scott.vasquez@hotmail.com,Canada,2024-09-11,Standard,291.52
2735,Sarah Bishop,sarah.bishop@outlook.com,USA,2023-08-03,Premium,2496.68
2736,Gregory Vasquez,gregory.vasquez@hotmail.com,USA,2023-06-01,Standard,380.54
2737,Douglas Mack,douglas.mack@hotmail.com,USA,2024-07-10,Basic,88.1
2738,Jeffery Schneider,jeffery.schneider@icloud.com,Brazil,2025-09-29,Standard,290.52
2739,Rita Baldwin,rita.baldwin@hotmail.com,UK,2024-03-19,Standard,107.03
2740,Dakota Jones,dakota.jones@hotmail.com,India,2022-03-16,Premium,1765.71
2741,Ashley King,ashley.king@protonmail.com,Australia,2025-02-13,Premium,3510.91
2742,Sean Mosley,sean.mosley@protonmail.com,France,2020-04-29,Premium,636.11
2743,Eduardo Bowman,eduardo.bowman@icloud.com,UK,2022-06-09,Basic,80.59
2744,Sarah Ortega,sarah.ortega@outlook.com,UK,2021-05-05,Standard,460.93
2745,Joseph Graves,joseph.graves@outlook.com,India,2023-11-08,Standard,455.75
2746,Rebecca Andrews,rebecca.andrews@hotmail.com,USA,2024-09-01,Standard,422.64
2747,Zachary Case,zachary.case@protonmail.com,Japan,2024-05-22,Standard,377.29
2748,Tracy Graham,tracy.graham@hotmail.com,USA,2025-03-23,Standard,181.89
2749,Megan Norman,megan.norman@gmail.com,USA,2024-12-11,Premium,2969.68
2750,Kristen Fernandez,kristen.fernandez@outlook.com,Australia,2022-01-27,Standard,178.92
2751,Aaron Finley,aaron.finley@hotmail.com,USA,2024-06-17,Basic,86.13
2752,Lisa Olson,lisa.olson@hotmail.com,USA,2024-11-23,Standard,145.38
2753,Ashley Donovan,ashley.donovan@hotmail.com,USA,2024-01-23,Basic,20.95
2754,Michael Maldonado,michael.maldonado@protonmail.com,UK,2023-09-03,Premium,2897.73
2755,Richard Chen,richard.chen@hotmail.com,Japan,2024-09-27,Basic,63.4
2756,Susan Davis,susan.davis@outlook.com,USA,2024-02-05,Basic,33.19
2757,Amanda Woodward,amanda.woodward@yahoo.com,USA,2022-05-02,Premium,3684.63
2758,Christopher Stevens,christopher.stevens@icloud.com,UK,2025-08-06,Standard,478.73
2759,Katie Holland,katie.holland@outlook.com,Netherlands,2022-02-23,Standard,475.45
2760,Gregory Williams,gregory.williams@yahoo.com,USA,2020-03-21,Basic,40.91
2761,Patrick Lee,patrick.lee@yahoo.com,Netherlands,2024-01-13,Standard,218.61
2762,Heather Mosley,heather.mosley@yahoo.com,Mexico,2025-03-14,Standard,186.9
2763,Crystal Howard,crystal.howard@icloud.com,USA,2024-07-28,Standard,412.31
2764,Christopher Chen,christopher.chen@gmail.com,France,2023-09-29,Premium,4231.17
2765,Jill Taylor,jill.taylor@protonmail.com,India,2025-09-24,Standard,490.6
2766,James Cortez,james.cortez@icloud.com,UK,2023-01-07,Standard,495.16
2767,Brittany Burns,brittany.burns@protonmail.com,UK,2023-05-30,Basic,53.0
2768,Bryan Fernandez,bryan.fernandez@protonmail.com,France,2024-07-30,Basic,10.77
2769,Kyle Ferguson,kyle.ferguson@protonmail.com,Australia,2023-03-08,Standard,278.39
2770,Mary Cole,mary.cole@icloud.com,Canada,2024-10-08,Standard,448.04
2771,Wendy Johnson,wendy.johnson@icloud.com,UAE,2025-02-23,Basic,33.67
2772,Brian French,brian.french@hotmail.com,UK,2022-08-10,Basic,42.49
2773,Brad Wilson,brad.wilson@yahoo.com,France,2021-04-19,Basic,44.5
2774,Lindsay Contreras,lindsay.contreras@outlook.com,Japan,2023-09-14,Basic,27.87
2775,Stephen Gregory,stephen.gregory@yahoo.com,USA,2024-01-23,Standard,101.38
2776,Morgan Hernandez,morgan.hernandez@outlook.com,USA,2024-07-11,Basic,32.5
2777,Beth Buckley,beth.buckley@hotmail.com,UK,2025-07-24,Standard,452.4
2778,Benjamin Thomas,benjamin.thomas@yahoo.com,Japan,2024-04-17,Premium,1326.07
2779,Desiree Ruiz,desiree.ruiz@icloud.com,USA,2025-01-01,Standard,492.54
2780,Samantha Williams,samantha.williams1@icloud.com,India,2022-07-08,Standard,420.84
2781,Jacqueline Anderson,jacqueline.anderson@outlook.com,USA,2022-11-10,Standard,498.09
2782,Gerald Williams,gerald.williams@gmail.com,USA,2022-11-10,Premium,1823.26
2783,Kyle Leon,kyle.leon@protonmail.com,Germany,2025-07-25,Basic,96.65
2784,Stephen Jackson,stephen.jackson@hotmail.com,USA,2022-08-20,Standard,407.63
2785,Brittany Meyers,brittany.meyers@hotmail.com,Mexico,2022-11-27,Standard,345.46
2786,Daniel Crawford,daniel.crawford@gmail.com,USA,2023-09-10,Premium,3147.23
2787,Lauren Walker,lauren.walker@outlook.com,Spain,2022-05-04,Standard,199.52
2788,Linda Simmons,linda.simmons@gmail.com,USA,2024-08-19,Premium,4915.06
2789,Lisa Hendrix,lisa.hendrix@gmail.com,UAE,2025-12-01,Standard,183.94
2790,Erika Nguyen,erika.nguyen@icloud.com,Germany,2021-11-04,Standard,108.44
2791,Theresa Johnston,theresa.johnston@hotmail.com,USA,2024-08-03,Basic,93.73
2792,Derrick Copeland,derrick.copeland@gmail.com,USA,2021-12-17,Standard,341.22
2793,Laura Duran,laura.duran@outlook.com,USA,2022-08-19,Standard,255.96
2794,Brittany Rogers,brittany.rogers@gmail.com,Germany,2022-09-22,Basic,32.11
2795,David Thomas,david.thomas@outlook.com,France,2024-01-13,Standard,434.12
2796,Robert Horton,robert.horton@icloud.com,UK,2024-01-23,Basic,69.82
2797,Angela Gonzales,angela.gonzales@protonmail.com,UK,2024-06-08,Premium,694.66
2798,Sara Williams,sara.williams@protonmail.com,Germany,2025-02-28,Standard,140.29
2799,Craig Boone,craig.boone@protonmail.com,UK,2022-03-20,Premium,3358.75
2800,Cheyenne Strickland,cheyenne.strickland@gmail.com,India,2024-07-27,Standard,273.17
2801,Alexis Tucker,alexis.tucker@yahoo.com,UK,2024-11-04,Basic,77.78
2802,Adam White,adam.white@gmail.com,India,2020-09-06,Standard,339.55
2803,Christopher Pearson,christopher.pearson@protonmail.com,UAE,2023-09-12,Standard,190.64
2804,Olivia Butler,olivia.butler@protonmail.com,USA,2020-04-05,Standard,219.25
2805,Lindsay Barton,lindsay.barton@gmail.com,USA,2021-09-28,Basic,48.9
2806,Heather Harris,heather.harris@hotmail.com,USA,2022-12-17,Standard,116.08
2807,Danielle Mills,danielle.mills@gmail.com,Germany,2022-05-20,Standard,161.89
2808,Robert Hurley,robert.hurley@gmail.com,USA,2025-10-25,Basic,53.16
2809,Cheryl Johnson,cheryl.johnson@gmail.com,Italy,2025-08-15,Standard,339.18
2810,Hector Porter,hector.porter@yahoo.com,Germany,2024-01-29,Standard,413.5
2811,Stephanie Burton,stephanie.burton@gmail.com,UK,2024-10-27,Premium,3233.48
2812,Kimberly Bailey,kimberly.bailey@protonmail.com,Australia,2025-04-13,Premium,3758.41
2813,Adam Young,adam.young@icloud.com,USA,2023-09-13,Basic,92.13
2814,David Moreno,david.moreno@icloud.com,France,2024-02-12,Standard,463.92
2815,Cody Cox,cody.cox@gmail.com,USA,2024-11-20,Basic,36.78
2816,Kathleen Fernandez,kathleen.fernandez@outlook.com,Germany,2025-09-19,Premium,1686.69
2817,Jeffrey Townsend,jeffrey.townsend@icloud.com,Italy,2025-03-27,Standard,356.61
2818,Donna Hill,donna.hill@yahoo.com,Australia,2020-01-19,Basic,18.68
2819,James Hogan,james.hogan@outlook.com,Japan,2024-08-29,Standard,480.75
2820,Gina Schmitt,gina.schmitt@protonmail.com,UK,2022-01-13,Standard,109.17
2821,Thomas Thompson,thomas.thompson@icloud.com,France,2022-01-28,Standard,100.67
2822,Elizabeth Williams,elizabeth.williams@gmail.com,Germany,2024-12-05,Standard,289.62
2823,Deanna Mitchell,deanna.mitchell@hotmail.com,Germany,2024-09-10,Basic,47.47
2824,Ryan Cook,ryan.cook@hotmail.com,USA,2021-12-30,Standard,291.97
2825,Linda Chang,linda.chang@yahoo.com,USA,2022-12-09,Standard,359.84
2826,Bradley Yang,bradley.yang@yahoo.com,Germany,2024-12-12,Standard,298.06
2827,Sara Thompson,sara.thompson@icloud.com,USA,2021-11-17,Standard,233.55
2828,Kristen Washington,kristen.washington@gmail.com,Canada,2025-08-30,Premium,3277.33
2829,Darren Jacobson,darren.jacobson@gmail.com,Japan,2023-06-27,Basic,55.13
2830,Jennifer Watkins,jennifer.watkins@yahoo.com,Spain,2024-03-03,Premium,4577.12
2831,Mark Gonzalez,mark.gonzalez@yahoo.com,USA,2021-06-15,Standard,160.59
2832,Erica Nguyen,erica.nguyen@outlook.com,Italy,2025-09-15,Standard,390.86
2833,Kimberly Nguyen,kimberly.nguyen@gmail.com,USA,2025-01-17,Premium,1997.69
2834,Corey Rojas,corey.rojas@hotmail.com,UK,2022-08-02,Premium,4197.12
2835,Molly Bennett,molly.bennett@icloud.com,Japan,2024-04-23,Premium,1848.45
2836,Jeffrey Ruiz,jeffrey.ruiz@gmail.com,USA,2025-09-26,Premium,1486.42
2837,Todd Zamora,todd.zamora@yahoo.com,USA,2021-11-24,Standard,416.17
2838,Dustin Reilly,dustin.reilly@protonmail.com,USA,2024-11-22,Basic,41.84
2839,Spencer Hughes,spencer.hughes@outlook.com,UK,2025-03-02,Standard,334.02
2840,Derek Cortez,derek.cortez@protonmail.com,France,2024-03-10,Standard,206.45
2841,Crystal Cantrell,crystal.cantrell@gmail.com,USA,2025-05-27,Standard,285.09
2842,James Martinez,james.martinez@yahoo.com,USA,2020-04-28,Standard,213.89
2843,Heather Brown,heather.brown@yahoo.com,Germany,2025-04-01,Standard,376.05
2844,Derek York,derek.york@yahoo.com,USA,2025-04-22,Standard,377.76
2845,Stephen Jackson,stephen.jackson@protonmail.com,India,2021-09-29,Standard,385.69
2846,Matthew Tanner,matthew.tanner@yahoo.com,Netherlands,2023-11-30,Standard,481.79
2847,Cassandra Clarke,cassandra.clarke@yahoo.com,Canada,2024-02-23,Premium,1942.64
2848,Dana Carr,dana.carr@yahoo.com,Brazil,2025-10-15,Basic,80.36
2849,George Cordova,george.cordova@yahoo.com,UK,2021-01-26,Basic,96.58
2850,Melissa Miller,melissa.miller@hotmail.com,France,2023-11-09,Basic,90.93
2851,Melody Burns,melody.burns@outlook.com,USA,2025-03-16,Premium,2754.14
2852,Wendy Vargas,wendy.vargas@yahoo.com,USA,2023-06-10,Basic,42.43
2853,Mary Ramirez,mary.ramirez@icloud.com,India,2024-03-24,Standard,155.84
2854,Jessica Fitzgerald,jessica.fitzgerald@protonmail.com,USA,2024-11-14,Premium,2886.96
2855,John Murphy,john.murphy@icloud.com,Mexico,2025-08-08,Basic,33.54
2856,Bethany Snow,bethany.snow@gmail.com,India,2021-12-08,Basic,94.27
2857,Brittany Hernandez,brittany.hernandez@gmail.com,Netherlands,2025-09-03,Premium,1942.49
2858,Ashley Smith,ashley.smith@outlook.com,USA,2024-03-26,Basic,63.57
2859,Tina Williams,tina.williams@protonmail.com,UK,2025-11-01,Premium,4851.43
2860,Thomas Mack,thomas.mack@outlook.com,Canada,2021-01-25,Standard,233.68
2861,Arthur Schmidt,arthur.schmidt@outlook.com,USA,2024-05-23,Premium,2160.61
2862,Timothy Yates,timothy.yates@icloud.com,Germany,2025-09-01,Premium,2962.43
2863,Lori Chavez,lori.chavez@gmail.com,India,2025-11-22,Basic,30.03
2864,John Hansen,john.hansen@yahoo.com,Singapore,2020-05-26,Standard,316.46
2865,Alexander Dennis,alexander.dennis@protonmail.com,Canada,2023-10-26,Standard,429.3
2866,Stephanie Anderson,stephanie.anderson@icloud.com,USA,2021-11-10,Basic,56.72
2867,Kenneth Holland,kenneth.holland@hotmail.com,UK,2021-03-30,Basic,75.36
2868,Christopher Castillo,christopher.castillo@gmail.com,Germany,2024-12-15,Basic,35.68
2869,Kevin Warner,kevin.warner@yahoo.com,USA,2025-03-14,Basic,12.02
2870,Michaela Burgess,michaela.burgess@yahoo.com,UK,2024-08-31,Basic,59.05
2871,Andrew Gibson,andrew.gibson@hotmail.com,USA,2021-02-19,Standard,179.81
2872,Kelsey Sawyer,kelsey.sawyer@outlook.com,USA,2022-08-30,Standard,274.41
2873,Richard Clarke,richard.clarke@protonmail.com,UK,2023-03-27,Basic,64.52
2874,Mitchell Marshall,mitchell.marshall@gmail.com,USA,2021-01-20,Premium,572.91
2875,Cynthia Dalton,cynthia.dalton@hotmail.com,Germany,2025-04-06,Premium,1802.83
2876,Chad Barry,chad.barry@outlook.com,USA,2022-02-08,Standard,145.95
2877,Mason Johnson,mason.johnson@protonmail.com,India,2021-03-03,Standard,389.84
2878,Ronald Nelson,ronald.nelson@icloud.com,USA,2024-10-22,Standard,172.64
2879,Sophia Daniels,sophia.daniels@icloud.com,Mexico,2021-08-28,Basic,31.03
2880,Laura French,laura.french@icloud.com,USA,2023-11-18,Standard,207.57
2881,Christopher Gilmore,christopher.gilmore@yahoo.com,UK,2024-02-17,Standard,275.66
2882,Jill Brown,jill.brown@yahoo.com,USA,2021-02-26,Standard,179.35
2883,Sierra Leonard,sierra.leonard@protonmail.com,USA,2024-05-04,Basic,69.46
2884,Pamela Rodriguez,pamela.rodriguez@icloud.com,UK,2023-02-12,Premium,1778.49
2885,Michael Harvey,michael.harvey@icloud.com,Japan,2024-11-10,Premium,1731.96
2886,Michael Thompson,michael.thompson@icloud.com,Spain,2022-03-03,Standard,313.45
2887,Angelica Jones,angelica.jones@gmail.com,USA,2023-01-13,Standard,421.58
2888,Jenna Harris,jenna.harris@icloud.com,USA,2024-03-22,Standard,153.14
2889,Tina Allen,tina.allen@outlook.com,India,2020-10-22,Standard,437.1
2890,Daniel Mendoza,daniel.mendoza@protonmail.com,Germany,2021-09-26,Premium,1555.69
2891,Sheila Carpenter,sheila.carpenter@outlook.com,USA,2022-07-12,Standard,487.63
2892,Susan Clark,susan.clark@protonmail.com,Canada,2021-06-24,Standard,479.86
2893,Julie Perez,julie.perez@gmail.com,UK,2020-09-04,Standard,438.0
2894,Michael Adams,michael.adams@protonmail.com,India,2025-03-12,Basic,93.41
2895,Erin Ramirez,erin.ramirez@icloud.com,USA,2023-11-08,Basic,80.65
2896,Bryan Reed,bryan.reed@protonmail.com,UK,2024-12-10,Standard,415.55
2897,Todd Rose,todd.rose@outlook.com,USA,2022-07-30,Standard,359.48
2898,David Mckinney,david.mckinney@yahoo.com,Canada,2020-10-27,Premium,3871.21
2899,Erika Patel,erika.patel@hotmail.com,USA,2024-08-04,Premium,3191.36
2900,Kelly Oliver,kelly.oliver@yahoo.com,Australia,2024-11-18,Basic,10.89
2901,Lauren Dougherty,lauren.dougherty@icloud.com,Australia,2025-09-20,Premium,3045.47
2902,Lisa Everett,lisa.everett@gmail.com,Canada,2020-11-02,Standard,182.17
2903,Cameron Mcclain,cameron.mcclain@gmail.com,USA,2021-07-11,Basic,21.49
2904,Stephen Miller,stephen.miller@gmail.com,USA,2024-08-29,Basic,78.74
2905,Rachael Roberts,rachael.roberts@yahoo.com,UK,2023-08-16,Basic,59.93
2906,Sue Rodriguez,sue.rodriguez@icloud.com,Germany,2020-05-05,Basic,67.58
2907,Joshua Terry,joshua.terry@yahoo.com,Spain,2022-11-25,Standard,388.57
2908,Tyler Golden,tyler.golden@outlook.com,USA,2021-01-09,Standard,303.49
2909,Abigail Burton,abigail.burton@icloud.com,Brazil,2025-09-26,Standard,301.67
2910,Kelly Montes,kelly.montes@gmail.com,USA,2025-08-04,Standard,464.63
2911,Amber Anderson,amber.anderson@gmail.com,USA,2024-11-15,Standard,132.53
2912,Michael Wallace,michael.wallace@gmail.com,USA,2023-07-06,Premium,3300.42
2913,Deanna Carter,deanna.carter@outlook.com,Canada,2024-11-07,Premium,1694.75
2914,Bryan Wiggins,bryan.wiggins@hotmail.com,USA,2024-02-21,Basic,63.74
2915,Jesse Meza,jesse.meza@hotmail.com,USA,2025-06-20,Premium,1659.67
2916,Deanna Jenkins,deanna.jenkins@gmail.com,Australia,2024-12-11,Standard,227.02
2917,Matthew Lucas,matthew.lucas@yahoo.com,UK,2025-01-21,Basic,15.29
2918,Mark Watkins,mark.watkins@icloud.com,USA,2022-03-15,Basic,20.51
2919,Heidi Wilkinson,heidi.wilkinson@gmail.com,USA,2024-05-24,Standard,132.19
2920,Sean Torres,sean.torres@yahoo.com,UK,2025-07-24,Standard,263.36
2921,David Clarke,david.clarke@outlook.com,USA,2025-08-07,Basic,99.03
2922,George Green,george.green@gmail.com,USA,2025-12-29,Standard,266.81
2923,Todd Arellano,todd.arellano@gmail.com,Germany,2023-05-14,Standard,372.62
2924,Kayla Williams,kayla.williams@hotmail.com,USA,2024-05-14,Basic,80.05
2925,Michael Bryant,michael.bryant@yahoo.com,Germany,2022-08-08,Standard,179.79
2926,Garrett Glass,garrett.glass@hotmail.com,USA,2024-05-31,Standard,445.46
2927,Jennifer Mitchell,jennifer.mitchell@hotmail.com,USA,2022-07-21,Premium,3694.63
2928,Teresa Franco,teresa.franco@protonmail.com,USA,2023-09-17,Premium,2669.7
2929,Heather Estrada,heather.estrada@hotmail.com,USA,2025-04-18,Standard,338.54
2930,Eric Young,eric.young@outlook.com,USA,2025-02-11,Standard,338.95
2931,Blake Stewart,blake.stewart@icloud.com,USA,2023-02-07,Standard,460.72
2932,David Green,david.green@yahoo.com,Mexico,2021-09-29,Standard,172.48
2933,Jack Hart,jack.hart@icloud.com,France,2023-10-14,Basic,75.33
2934,Austin Stewart,austin.stewart@yahoo.com,USA,2021-09-23,Basic,40.18
2935,Maurice Watson,maurice.watson@yahoo.com,Germany,2020-07-10,Premium,3135.99
2936,Amber Martin,amber.martin@yahoo.com,Germany,2025-05-18,Basic,60.44
2937,Kevin Knapp,kevin.knapp@icloud.com,France,2023-03-31,Premium,4436.98
2938,Richard Porter,richard.porter@gmail.com,USA,2021-12-17,Standard,230.69
2939,Dustin Ellis,dustin.ellis@icloud.com,USA,2024-05-05,Standard,186.48
2940,Luke Smith,luke.smith@gmail.com,USA,2020-11-12,Basic,24.7
2941,Joanna Cantrell,joanna.cantrell@icloud.com,USA,2023-10-19,Standard,432.93
2942,Mark Thornton,mark.thornton@icloud.com,USA,2022-04-26,Standard,410.72
2943,Thomas Roberts,thomas.roberts@icloud.com,Brazil,2021-06-15,Premium,2068.04
2944,Sherry Hooper,sherry.hooper@yahoo.com,Spain,2024-11-22,Premium,2540.88
2945,Audrey Thomas,audrey.thomas@hotmail.com,USA,2024-01-21,Standard,353.81
2946,Annette Meadows,annette.meadows@hotmail.com,UK,2023-08-29,Standard,353.86
2947,Scott Norris,scott.norris@protonmail.com,USA,2025-05-12,Basic,71.08
2948,Jessica Mccullough,jessica.mccullough@gmail.com,UK,2025-04-17,Standard,285.74
2949,Donald Pierce,donald.pierce@gmail.com,Germany,2025-03-21,Standard,345.3
2950,Kyle Morales,kyle.morales@outlook.com,USA,2025-10-23,Basic,18.79
2951,Mary Griffin,mary.griffin@icloud.com,Japan,2025-01-10,Basic,78.5
2952,Christopher Brown,christopher.brown@hotmail.com,Singapore,2025-04-28,Basic,39.14
2953,Danielle Silva,danielle.silva@icloud.com,India,2022-07-26,Premium,2690.32
2954,Jeffrey Walls,jeffrey.walls@yahoo.com,India,2021-02-14,Standard,404.17
2955,Joshua Johnson,joshua.johnson@gmail.com,UK,2024-03-05,Basic,84.34
2956,Amanda Griffin,amanda.griffin@hotmail.com,USA,2025-10-06,Standard,166.89
2957,Emily Miller,emily.miller@outlook.com,USA,2025-10-04,Standard,364.38
2958,William Lee,william.lee@gmail.com,Germany,2024-12-25,Standard,384.73
2959,Louis Jacobs,louis.jacobs@hotmail.com,USA,2025-05-23,Standard,348.02
2960,Sherry Kerr,sherry.kerr@outlook.com,France,2024-08-30,Standard,398.26
2961,Michael Hernandez,michael.hernandez@icloud.com,UK,2024-06-20,Standard,431.08
2962,Melissa Wood,melissa.wood@hotmail.com,UK,2020-04-15,Standard,485.34
2963,Nathan Mitchell,nathan.mitchell@icloud.com,USA,2023-04-24,Standard,115.02
2964,Michael Madden,michael.madden@icloud.com,Singapore,2020-03-14,Standard,470.98
2965,Nancy Miller,nancy.miller@gmail.com,USA,2021-10-16,Basic,49.54
2966,Jessica Wallace,jessica.wallace@outlook.com,USA,2024-11-27,Standard,198.65
2967,Victoria Lara,victoria.lara@gmail.com,USA,2020-03-26,Premium,1080.31
2968,Keith Shaffer,keith.shaffer@protonmail.com,India,2025-06-11,Standard,305.65
2969,Tara Coleman,tara.coleman@yahoo.com,UAE,2023-02-22,Standard,145.84
2970,Peggy Taylor,peggy.taylor@gmail.com,USA,2024-05-22,Basic,30.94
2971,Brenda Miller,brenda.miller@hotmail.com,Spain,2021-07-29,Standard,309.73
2972,Jared Wells,jared.wells@icloud.com,USA,2025-03-01,Premium,559.75
2973,Mikayla Hatfield,mikayla.hatfield@protonmail.com,India,2023-08-24,Premium,3977.98
2974,Carl Choi,carl.choi@gmail.com,USA,2024-06-27,Premium,3089.75
2975,Katelyn Davis,katelyn.davis@hotmail.com,UK,2024-12-17,Standard,407.08
2976,Robert Rocha,robert.rocha@icloud.com,India,2024-05-02,Basic,86.53
2977,Robert Peters,robert.peters@gmail.com,UK,2024-07-19,Standard,308.77
2978,Jennifer Fischer,jennifer.fischer@icloud.com,USA,2024-09-10,Basic,48.65
2979,Derrick Lopez,derrick.lopez@gmail.com,France,2025-11-18,Premium,1252.78
2980,Patrick Spencer,patrick.spencer@icloud.com,Singapore,2022-06-03,Standard,125.95
2981,Bobby Mckenzie,bobby.mckenzie@yahoo.com,UK,2025-09-15,Basic,34.33
2982,Mary Torres,mary.torres@outlook.com,Germany,2023-06-05,Standard,454.54
2983,Anita Ford,anita.ford@outlook.com,Australia,2022-03-09,Basic,10.2
2984,Anthony Smith,anthony.smith@hotmail.com,USA,2022-07-31,Standard,275.02
2985,Jose Blanchard,jose.blanchard@hotmail.com,Brazil,2023-01-21,Standard,218.5
2986,Mary Kennedy,mary.kennedy@icloud.com,USA,2022-03-29,Standard,204.25
2987,Desiree Stafford,desiree.stafford@protonmail.com,Australia,2025-10-16,Premium,1871.37
2988,Robert Vasquez,robert.vasquez@icloud.com,USA,2024-06-28,Basic,33.9
2989,Gwendolyn Sanchez,gwendolyn.sanchez@hotmail.com,USA,2025-12-13,Standard,409.69
2990,David Ramirez,david.ramirez@icloud.com,UK,2021-06-04,Premium,3771.43
2991,Virginia Jones,virginia.jones@hotmail.com,UK,2024-04-25,Basic,17.4
2992,Julie Perkins,julie.perkins@yahoo.com,Japan,2021-06-07,Basic,60.81
2993,Ariana Oneill,ariana.oneill@protonmail.com,UAE,2023-05-08,Basic,46.14
2994,Courtney Alvarez,courtney.alvarez@icloud.com,USA,2023-09-18,Basic,90.59
2995,Heather Wilson,heather.wilson@hotmail.com,USA,2024-11-23,Standard,330.28
2996,William Johnston,william.johnston@icloud.com,USA,2024-08-18,Standard,313.12
2997,Megan Martin,megan.martin@yahoo.com,UK,2022-05-16,Basic,76.43
2998,Brian Flores,brian.flores@outlook.com,UK,2022-02-10,Standard,457.61
2999,Natalie Taylor,natalie.taylor@gmail.com,Japan,2023-04-14,Standard,187.53
3000,Frank Nelson,frank.nelson@protonmail.com,Canada,2022-04-11,Basic,83.05
3001,Robert Barr,robert.barr@icloud.com,USA,2024-04-08,Premium,3242.92
3002,Michael Roberts,michael.roberts@icloud.com,UK,2024-05-05,Basic,69.08
3003,Alyssa Mayer,alyssa.mayer@hotmail.com,Germany,2025-08-04,Standard,499.11
3004,Willie Miranda,willie.miranda@protonmail.com,UK,2025-04-24,Basic,41.48
3005,Isaac Davis,isaac.davis@yahoo.com,USA,2023-03-14,Standard,285.56
3006,Karen Stephens,karen.stephens@icloud.com,UK,2025-11-02,Standard,184.4
3007,Monique Serrano,monique.serrano@gmail.com,UK,2024-12-17,Basic,11.18
3008,Gail Turner,gail.turner@outlook.com,USA,2021-10-21,Premium,3612.32
3009,Gina Barker,gina.barker@outlook.com,Canada,2025-11-27,Standard,308.73
3010,Cody Carpenter,cody.carpenter@outlook.com,USA,2023-09-06,Basic,14.45
3011,Madeline Smith,madeline.smith@hotmail.com,Germany,2024-05-24,Basic,79.36
3012,April Watson,april.watson@icloud.com,UK,2024-02-09,Basic,80.42
3013,Todd Peterson,todd.peterson@outlook.com,Brazil,2025-04-23,Standard,241.2
3014,Renee Garcia,renee.garcia@gmail.com,USA,2024-08-24,Standard,131.27
3015,Eric Walker,eric.walker@yahoo.com,USA,2025-08-16,Standard,465.49
3016,Jacob Prince,jacob.prince@hotmail.com,USA,2023-02-04,Standard,201.2
3017,Christina Guerra,christina.guerra@protonmail.com,UK,2025-01-05,Standard,307.2
3018,Alicia Patel,alicia.patel@yahoo.com,USA,2024-09-24,Premium,4668.79
3019,Andrea Avila,andrea.avila@outlook.com,Canada,2024-05-14,Premium,1169.38
3020,Daniel Stevens,daniel.stevens@outlook.com,USA,2025-01-11,Standard,230.0
3021,Charles Fuentes,charles.fuentes@icloud.com,USA,2021-07-06,Standard,460.31
3022,Sandra Mendoza,sandra.mendoza@protonmail.com,UK,2023-03-21,Standard,412.52
3023,Larry Cox,larry.cox@gmail.com,Canada,2025-06-25,Premium,4403.91
3024,Lisa Preston,lisa.preston@gmail.com,Japan,2025-11-12,Basic,87.19
3025,Carla Gallagher,carla.gallagher@hotmail.com,India,2024-05-26,Basic,41.16
3026,Matthew Mckinney,matthew.mckinney@icloud.com,Germany,2023-03-17,Standard,191.37
3027,Anthony Olsen,anthony.olsen@gmail.com,India,2022-08-13,Basic,96.57
3028,Jeffrey Vincent,jeffrey.vincent@hotmail.com,India,2024-08-09,Basic,47.11
3029,Douglas Perez,douglas.perez@gmail.com,USA,2023-03-30,Standard,360.79
3030,David Anderson,david.anderson@yahoo.com,Germany,2025-03-18,Premium,920.19
3031,Christian Vazquez,christian.vazquez@icloud.com,Canada,2024-02-04,Standard,440.18
3032,Kristen Jones,kristen.jones@protonmail.com,USA,2023-05-20,Premium,4731.53
3033,Kim Todd,kim.todd@protonmail.com,India,2023-07-01,Standard,376.6
3034,Brad Rodriguez,brad.rodriguez@icloud.com,UK,2025-10-29,Standard,449.8
3035,Laura Palmer,laura.palmer@hotmail.com,UK,2024-02-29,Basic,29.5
3036,Brian Wilson,brian.wilson@hotmail.com,USA,2022-02-24,Standard,278.22
3037,Johnny Jones,johnny.jones@hotmail.com,India,2024-02-26,Standard,360.35
3038,Elizabeth Webster,elizabeth.webster@icloud.com,Brazil,2023-05-13,Basic,96.77
3039,Kimberly Mora,kimberly.mora@yahoo.com,USA,2022-10-26,Basic,75.19
3040,Jamie Santana,jamie.santana@hotmail.com,USA,2024-09-09,Basic,13.56
3041,Jack Bell,jack.bell@gmail.com,USA,2022-01-31,Basic,48.89
3042,Christopher Singleton,christopher.singleton@protonmail.com,USA,2023-11-30,Basic,18.46
3043,Shelly Rush,shelly.rush@protonmail.com,UAE,2023-06-03,Standard,417.57
3044,Michael Martin,michael.martin@outlook.com,UK,2023-04-27,Basic,93.64
3045,Vincent Chandler,vincent.chandler@yahoo.com,USA,2024-12-08,Premium,756.38
3046,John Hudson,john.hudson@gmail.com,USA,2024-08-13,Standard,158.23
3047,Cory Lane,cory.lane@outlook.com,Singapore,2021-06-10,Standard,459.12
3048,Alexis Robinson,alexis.robinson@protonmail.com,USA,2022-01-27,Premium,4718.12
3049,James Campbell,james.campbell@hotmail.com,India,2024-12-29,Premium,3516.11
3050,Rachel Medina,rachel.medina@outlook.com,USA,2025-05-11,Premium,1629.56
3051,Teresa Garcia,teresa.garcia@hotmail.com,USA,2020-06-07,Standard,171.93
3052,Jason Gordon,jason.gordon@hotmail.com,India,2020-01-08,Premium,782.32
3053,Jasmine Richardson,jasmine.richardson@outlook.com,USA,2025-08-31,Standard,108.3
3054,Bridget Gonzales,bridget.gonzales@icloud.com,India,2021-04-21,Basic,70.88
3055,Susan White,susan.white@gmail.com,USA,2025-03-05,Standard,232.91
3056,Michael Gray,michael.gray@gmail.com,Canada,2025-01-12,Standard,144.97
3057,Jason Perez,jason.perez@outlook.com,Canada,2021-03-24,Premium,1067.8
3058,Daniel Rollins,daniel.rollins@outlook.com,India,2021-06-22,Basic,21.43
3059,David Rodriguez,david.rodriguez@protonmail.com,USA,2025-04-22,Premium,3756.06
3060,Derek Farmer,derek.farmer@hotmail.com,India,2022-08-27,Standard,253.2
3061,Janet Hawkins,janet.hawkins@protonmail.com,UAE,2024-12-06,Standard,414.89
3062,Billy Murphy,billy.murphy@gmail.com,USA,2022-08-10,Basic,49.31
3063,Darrell Campbell,darrell.campbell@icloud.com,USA,2024-01-22,Basic,47.16
3064,Caroline Collins,caroline.collins@yahoo.com,France,2025-07-19,Basic,99.19
3065,Theresa Wallace,theresa.wallace@protonmail.com,USA,2024-12-14,Basic,20.1
3066,Angela Roberts,angela.roberts@yahoo.com,India,2020-12-24,Standard,401.85
3067,Melissa Lopez,melissa.lopez@outlook.com,Canada,2024-09-06,Standard,461.42
3068,Chad Randall,chad.randall@gmail.com,USA,2024-04-28,Premium,2296.86
3069,Thomas Shelton,thomas.shelton@outlook.com,Germany,2022-11-14,Standard,141.6
3070,Harry Lutz,harry.lutz@outlook.com,Germany,2024-09-16,Basic,82.88
3071,Travis Garcia,travis.garcia@yahoo.com,USA,2024-11-19,Basic,29.73
3072,Samuel Barrett,samuel.barrett@hotmail.com,Brazil,2020-09-05,Standard,134.29
3073,Christopher Thomas,christopher.thomas1@yahoo.com,USA,2025-11-11,Standard,292.72
3074,Richard Garza,richard.garza@yahoo.com,USA,2023-08-16,Standard,440.55
3075,Cristian Schaefer,cristian.schaefer@gmail.com,Japan,2022-07-04,Standard,303.46
3076,Tiffany Brown,tiffany.brown@gmail.com,USA,2021-06-19,Standard,340.28
3077,Theresa Morgan,theresa.morgan@gmail.com,France,2023-09-19,Standard,422.07
3078,Brooke Ewing,brooke.ewing@gmail.com,USA,2022-01-11,Premium,2066.35
3079,David Massey,david.massey@protonmail.com,UK,2022-06-07,Premium,944.12
3080,Jessica Ramirez,jessica.ramirez@icloud.com,USA,2025-10-02,Standard,309.15
3081,Jennifer Perkins,jennifer.perkins@hotmail.com,India,2024-01-01,Basic,66.82
3082,Joshua Clarke,joshua.clarke@icloud.com,Australia,2021-05-04,Standard,390.74
3083,Dawn Ross,dawn.ross@icloud.com,Japan,2024-03-06,Standard,100.48
3084,Thomas Morrison,thomas.morrison@hotmail.com,UAE,2024-02-01,Standard,276.16
3085,Richard Washington,richard.washington@yahoo.com,India,2024-09-30,Basic,64.35
3086,Joshua Tate,joshua.tate@icloud.com,Canada,2025-01-06,Standard,336.64
3087,Daniel King,daniel.king@gmail.com,UK,2022-06-25,Basic,81.69
3088,Tyler Fuller,tyler.fuller@hotmail.com,Spain,2020-04-03,Standard,387.57
3089,Dennis Garcia,dennis.garcia@protonmail.com,India,2020-08-19,Standard,349.2
3090,Brian Jones,brian.jones@outlook.com,Mexico,2023-05-29,Standard,105.14
3091,Erika Stanton,erika.stanton@hotmail.com,USA,2023-03-10,Basic,85.98
3092,Patrick Shelton,patrick.shelton@outlook.com,UK,2020-08-13,Basic,62.03
3093,Eric Howell,eric.howell@protonmail.com,India,2024-07-11,Basic,16.92
3094,Cole Jones,cole.jones@protonmail.com,USA,2025-05-07,Basic,65.72
3095,Karen Saunders,karen.saunders@hotmail.com,USA,2025-02-15,Premium,4644.47
3096,Laura Harris,laura.harris@yahoo.com,Singapore,2024-01-27,Standard,371.91
3097,Ebony Henry,ebony.henry@outlook.com,UK,2024-04-20,Premium,4386.54
3098,Jose Cooper,jose.cooper@gmail.com,USA,2024-10-29,Standard,233.28
3099,Michele Payne,michele.payne@outlook.com,USA,2023-06-18,Standard,483.64
3100,Stephanie Johnson,stephanie.johnson@gmail.com,UK,2023-08-10,Basic,10.54
3101,Russell Melendez,russell.melendez@yahoo.com,Germany,2022-10-11,Basic,42.52
3102,Patrick Edwards,patrick.edwards@protonmail.com,Italy,2021-04-11,Basic,84.89
3103,Nicholas Stevens,nicholas.stevens@hotmail.com,UAE,2024-12-20,Standard,124.82
3104,Antonio Hawkins,antonio.hawkins@yahoo.com,India,2023-05-23,Basic,35.17
3105,Michelle Turner,michelle.turner@hotmail.com,India,2021-11-24,Basic,88.09
3106,Janice Henry,janice.henry@outlook.com,USA,2022-11-25,Basic,13.84
3107,Dennis Baldwin,dennis.baldwin@protonmail.com,Japan,2025-01-19,Standard,320.56
3108,Tony Rodriguez,tony.rodriguez@protonmail.com,USA,2022-03-02,Standard,145.06
3109,Emily Keller,emily.keller@outlook.com,USA,2023-04-06,Basic,73.85
3110,Gina Armstrong,gina.armstrong@icloud.com,Singapore,2021-09-03,Basic,80.67
3111,Thomas Dickerson,thomas.dickerson@hotmail.com,Brazil,2021-01-23,Premium,3948.86
3112,William Myers,william.myers@icloud.com,USA,2024-06-28,Standard,225.2
3113,Troy Arellano,troy.arellano@icloud.com,India,2020-08-11,Standard,419.81
3114,Christina Gomez,christina.gomez@yahoo.com,UK,2022-02-07,Standard,422.92
3115,Tiffany Flores,tiffany.flores@yahoo.com,USA,2025-07-27,Basic,65.8
3116,Anthony Williams,anthony.williams@gmail.com,USA,2023-11-17,Premium,3694.94
3117,Mary Bailey,mary.bailey@hotmail.com,USA,2024-08-01,Standard,234.41
3118,Judy Johnson,judy.johnson@hotmail.com,Germany,2024-07-05,Basic,85.29
3119,Patricia Peterson,patricia.peterson@icloud.com,UK,2022-12-30,Standard,402.46
3120,Connor Reed,connor.reed@outlook.com,UK,2023-10-16,Premium,3647.38
3121,Michael Bell,michael.bell@gmail.com,USA,2023-10-07,Standard,197.27
3122,Donna Wright,donna.wright@outlook.com,Italy,2022-06-04,Standard,322.4
3123,Deborah Watkins,deborah.watkins@gmail.com,India,2022-07-20,Basic,63.75
3124,Renee Jones,renee.jones1@gmail.com,Mexico,2024-12-22,Basic,86.97
3125,Kevin Morgan,kevin.morgan@outlook.com,USA,2021-10-30,Basic,84.73
3126,Andrew Nguyen,andrew.nguyen@hotmail.com,Germany,2021-10-17,Premium,3556.42
3127,Steven Boyer,steven.boyer@hotmail.com,Japan,2024-04-03,Basic,87.02
3128,Ashley Valenzuela,ashley.valenzuela@icloud.com,USA,2023-04-13,Standard,389.96
3129,Joseph Dominguez,joseph.dominguez@yahoo.com,USA,2024-02-10,Basic,59.26
3130,Brianna Odom,brianna.odom@protonmail.com,USA,2020-04-26,Standard,381.78
3131,Nicholas Myers,nicholas.myers@protonmail.com,USA,2024-11-09,Standard,106.21
3132,Ashley Stokes,ashley.stokes@hotmail.com,UK,2025-02-11,Premium,4664.83
3133,Craig Leonard,craig.leonard@hotmail.com,USA,2024-03-28,Basic,75.77
3134,Matthew Shaw,matthew.shaw@icloud.com,USA,2025-10-24,Basic,76.65
3135,Kathy Morgan,kathy.morgan@protonmail.com,India,2023-01-12,Premium,3809.41
3136,Christina Cox,christina.cox@hotmail.com,USA,2020-12-17,Standard,247.52
3137,Ryan Crawford,ryan.crawford@hotmail.com,USA,2023-09-17,Basic,34.88
3138,Melanie Cobb,melanie.cobb@protonmail.com,India,2023-12-31,Standard,183.34
3139,Mary Herrera,mary.herrera@outlook.com,USA,2025-04-22,Standard,167.16
3140,Karl Williams,karl.williams@icloud.com,USA,2023-12-15,Basic,61.43
3141,Wendy Morales,wendy.morales@yahoo.com,USA,2022-04-01,Standard,153.8
3142,Jeremiah Newton,jeremiah.newton@gmail.com,USA,2025-11-16,Basic,15.64
3143,Christopher Richard,christopher.richard@protonmail.com,UK,2022-08-23,Standard,344.05
3144,Cody Rogers,cody.rogers@outlook.com,USA,2024-10-09,Basic,71.37
3145,Carlos Solis,carlos.solis@protonmail.com,USA,2023-11-02,Premium,671.14
3146,Thomas Clark,thomas.clark@gmail.com,UAE,2025-06-07,Basic,17.29
3147,Laura Pearson,laura.pearson@outlook.com,Spain,2022-05-28,Standard,324.33
3148,Kevin Brock,kevin.brock@yahoo.com,USA,2024-08-05,Basic,93.23
3149,Ryan Fernandez,ryan.fernandez@yahoo.com,USA,2024-12-03,Basic,37.88
3150,James Morales,james.morales@outlook.com,UK,2025-09-13,Standard,385.08
3151,Colleen Chavez,colleen.chavez@yahoo.com,Japan,2025-12-16,Standard,133.57
3152,Kathryn White,kathryn.white@yahoo.com,Australia,2025-08-14,Premium,2332.69
3153,Andrew Warner,andrew.warner@hotmail.com,USA,2021-05-07,Standard,347.0
3154,Michelle Ray,michelle.ray@outlook.com,USA,2023-04-13,Standard,114.35
3155,Jason Hayden,jason.hayden@gmail.com,UK,2025-10-11,Premium,890.59
3156,Judy Mcdonald,judy.mcdonald@hotmail.com,Brazil,2024-04-30,Premium,3177.17
3157,Sharon Patel,sharon.patel@icloud.com,Brazil,2025-08-16,Basic,69.96
3158,Christina Hammond,christina.hammond@protonmail.com,USA,2025-12-29,Standard,260.55
3159,Ryan Knight,ryan.knight@hotmail.com,Germany,2022-02-20,Standard,155.18
3160,Courtney Boyd,courtney.boyd@yahoo.com,USA,2022-07-06,Standard,253.5
3161,Michael Hernandez,michael.hernandez@hotmail.com,India,2023-11-30,Standard,304.37
3162,Edward Jennings,edward.jennings@hotmail.com,Spain,2024-06-14,Standard,444.94
3163,Kevin Graham,kevin.graham@gmail.com,UK,2023-10-18,Basic,74.25
3164,Lucas Greer,lucas.greer@outlook.com,USA,2020-07-12,Standard,193.87
3165,Caleb Harris,caleb.harris@gmail.com,Germany,2024-07-26,Premium,1020.94
3166,Robert Colon,robert.colon@outlook.com,UK,2020-07-15,Standard,440.58
3167,Debbie Scott,debbie.scott@hotmail.com,France,2023-07-07,Premium,808.14
3168,Carolyn Sullivan,carolyn.sullivan@gmail.com,USA,2023-01-12,Basic,87.44
3169,Daniel Lee,daniel.lee@icloud.com,Brazil,2024-03-23,Premium,2865.65
3170,John Wilcox,john.wilcox@icloud.com,USA,2021-10-11,Standard,201.28
3171,Steven Castro,steven.castro@outlook.com,USA,2024-09-26,Standard,130.12
3172,Ryan Lucas,ryan.lucas@icloud.com,USA,2025-10-01,Premium,787.95
3173,Benjamin Moore,benjamin.moore@yahoo.com,USA,2024-04-11,Standard,202.68
3174,Derek Green,derek.green@yahoo.com,USA,2025-11-22,Standard,313.79
3175,Linda Hopkins,linda.hopkins@yahoo.com,India,2022-11-04,Basic,62.41
3176,Gregory Phelps,gregory.phelps@outlook.com,USA,2021-10-22,Premium,2981.04
3177,Tamara Tucker,tamara.tucker@outlook.com,USA,2020-06-13,Standard,363.19
3178,Andrew Heath,andrew.heath@yahoo.com,USA,2024-04-14,Basic,92.69
3179,Christopher Guzman,christopher.guzman@outlook.com,USA,2021-11-28,Premium,827.3
3180,Michelle Lester,michelle.lester@hotmail.com,Brazil,2025-12-01,Standard,172.75
3181,Richard Cox,richard.cox@yahoo.com,Netherlands,2024-09-06,Basic,84.08
3182,Diane Davis,diane.davis@hotmail.com,USA,2025-03-30,Basic,20.14
3183,Sherry Ramsey,sherry.ramsey@yahoo.com,Canada,2023-10-04,Basic,49.82
3184,Donald Rodriguez,donald.rodriguez@yahoo.com,Canada,2024-06-27,Basic,78.57
3185,Jessica Fitzpatrick,jessica.fitzpatrick@icloud.com,UAE,2023-04-03,Standard,138.86
3186,Alejandra Calderon,alejandra.calderon@protonmail.com,USA,2024-12-16,Basic,72.97
3187,Stephanie Huynh,stephanie.huynh@yahoo.com,USA,2024-08-26,Standard,233.18
3188,Johnathan Wilkerson,johnathan.wilkerson@outlook.com,UK,2022-12-30,Standard,189.02
3189,John Martinez,john.martinez@gmail.com,Japan,2025-03-07,Basic,38.65
3190,Lindsay Murphy,lindsay.murphy@gmail.com,India,2024-09-27,Basic,31.33
3191,Breanna Price,breanna.price@hotmail.com,UK,2024-04-24,Basic,57.67
3192,Kaitlin Young,kaitlin.young@protonmail.com,USA,2022-08-26,Premium,1171.47
3193,Rodney Thomas,rodney.thomas@gmail.com,India,2021-08-27,Basic,44.29
3194,Gregory Booker,gregory.booker@gmail.com,Japan,2020-05-06,Standard,131.61
3195,Scott King,scott.king@protonmail.com,UK,2024-12-22,Basic,72.38
3196,Bridget Henry,bridget.henry@yahoo.com,India,2021-02-06,Basic,42.96
3197,Nicholas Fry,nicholas.fry@outlook.com,UK,2025-01-30,Premium,2936.89
3198,Leslie Coleman,leslie.coleman@outlook.com,UK,2025-09-13,Basic,15.09
3199,Felicia Richmond,felicia.richmond@protonmail.com,UK,2020-12-03,Standard,249.65
3200,Natasha Giles,natasha.giles@gmail.com,Australia,2024-03-26,Standard,151.94
3201,Michael Baldwin,michael.baldwin@protonmail.com,Singapore,2022-02-23,Basic,86.48
3202,Lori Smith,lori.smith@yahoo.com,UK,2023-06-25,Standard,419.38
3203,Tammy Obrien,tammy.obrien@gmail.com,USA,2022-03-24,Standard,227.18
3204,Mckenzie Bates,mckenzie.bates@icloud.com,USA,2025-05-31,Premium,2545.33
3205,Shelley Vazquez,shelley.vazquez@gmail.com,USA,2025-02-05,Premium,702.51
3206,Kristina Allen,kristina.allen@icloud.com,USA,2020-12-30,Premium,3499.44
3207,Angela Parker,angela.parker@gmail.com,USA,2022-01-20,Standard,409.03
3208,Susan Cox,susan.cox@protonmail.com,UK,2023-05-12,Standard,418.58
3209,Lisa Martinez,lisa.martinez@gmail.com,USA,2024-12-13,Standard,110.63
3210,Michelle Mathews,michelle.mathews@icloud.com,USA,2021-12-18,Standard,166.3
3211,Paul Browning,paul.browning@gmail.com,Australia,2025-04-19,Premium,3321.25
3212,Phillip Spence,phillip.spence@icloud.com,USA,2025-09-19,Standard,168.09
3213,Jonathan Davis,jonathan.davis@protonmail.com,Germany,2023-02-19,Basic,35.79
3214,Mackenzie Young,mackenzie.young@icloud.com,Mexico,2025-04-29,Premium,1932.0
3215,Jason Zamora,jason.zamora@gmail.com,Germany,2024-03-03,Standard,488.32
3216,Ruth Welch,ruth.welch@yahoo.com,USA,2024-10-19,Premium,4910.09
3217,Natasha Wang,natasha.wang@hotmail.com,USA,2025-02-07,Standard,130.23
3218,Richard Johnson,richard.johnson@yahoo.com,Germany,2023-07-15,Basic,65.3
3219,Michelle Morrow,michelle.morrow@outlook.com,UK,2024-08-20,Premium,919.66
3220,Shelby Ruiz,shelby.ruiz@icloud.com,USA,2022-11-04,Standard,295.89
3221,Robert Randall,robert.randall@outlook.com,UK,2024-05-14,Basic,55.4
3222,Jennifer Mcdowell,jennifer.mcdowell@protonmail.com,Germany,2021-01-15,Standard,186.03
3223,Lori Holloway,lori.holloway@gmail.com,USA,2022-12-31,Basic,59.73
3224,Holly Hunter,holly.hunter@yahoo.com,Germany,2023-01-29,Standard,217.13
3225,Michael Guzman,michael.guzman@outlook.com,USA,2023-03-09,Premium,4661.15
3226,Lisa Rojas,lisa.rojas@outlook.com,USA,2022-10-22,Basic,59.22
3227,Shawn Johnson,shawn.johnson@icloud.com,France,2022-12-14,Standard,249.15
3228,Brett May,brett.may@outlook.com,USA,2025-11-12,Premium,2603.94
3229,Crystal Gibbs,crystal.gibbs@icloud.com,Germany,2024-11-06,Basic,91.06
3230,Derek Morales,derek.morales@protonmail.com,UK,2023-06-18,Standard,171.2
3231,Courtney Edwards,courtney.edwards@gmail.com,USA,2025-03-12,Basic,36.0
3232,Christopher Moore,christopher.moore@protonmail.com,Spain,2025-03-23,Standard,255.3
3233,Zachary Booker,zachary.booker@hotmail.com,USA,2021-07-04,Premium,892.01
3234,Maria Hines,maria.hines@yahoo.com,USA,2024-11-28,Basic,10.22
3235,Melanie Jennings,melanie.jennings@hotmail.com,Spain,2022-02-20,Standard,103.36
3236,Laura Flores,laura.flores@icloud.com,Canada,2024-12-27,Standard,264.26
3237,Timothy Moss,timothy.moss@yahoo.com,India,2024-03-12,Basic,20.68
3238,Jorge Mcdaniel,jorge.mcdaniel@gmail.com,USA,2020-05-15,Standard,490.36
3239,Margaret Marsh,margaret.marsh@outlook.com,USA,2024-07-19,Standard,241.69
3240,James Perry,james.perry@yahoo.com,India,2022-05-14,Basic,20.56
3241,Hunter Walter,hunter.walter@hotmail.com,USA,2024-07-08,Standard,269.68
3242,Shirley Wilkerson,shirley.wilkerson@hotmail.com,USA,2021-09-24,Standard,176.78
3243,Jeffrey Vaughan,jeffrey.vaughan@icloud.com,Australia,2025-02-20,Basic,62.33
3244,Sandra Holland,sandra.holland@hotmail.com,USA,2024-09-28,Standard,299.0
3245,Courtney Meadows,courtney.meadows@gmail.com,USA,2022-10-16,Basic,85.7
3246,Terri Gonzalez,terri.gonzalez@hotmail.com,USA,2024-12-01,Basic,44.04
3247,Jacqueline Jackson,jacqueline.jackson@outlook.com,UK,2020-11-26,Standard,383.62
3248,Richard Patterson,richard.patterson@protonmail.com,Germany,2024-08-16,Standard,321.51
3249,Jorge Davis,jorge.davis@outlook.com,Brazil,2024-01-08,Basic,60.43
3250,Micheal Valentine,micheal.valentine@icloud.com,USA,2020-10-12,Basic,98.95
3251,David Higgins,david.higgins@outlook.com,USA,2022-06-08,Premium,4955.71
3252,Ryan Mora,ryan.mora@outlook.com,UK,2020-03-03,Standard,483.28
3253,Shawn Nunez,shawn.nunez@yahoo.com,USA,2024-08-03,Standard,365.03
3254,David Reeves,david.reeves@outlook.com,UK,2024-07-28,Basic,98.46
3255,James Atkins,james.atkins@hotmail.com,Italy,2021-01-17,Basic,46.94
3256,Kimberly Roberts,kimberly.roberts@protonmail.com,Germany,2021-11-16,Basic,25.04
3257,Troy Anderson,troy.anderson@gmail.com,UK,2025-07-27,Standard,309.43
3258,Melissa Greene,melissa.greene@yahoo.com,UAE,2022-10-22,Basic,92.64
3259,Wanda Campbell,wanda.campbell@yahoo.com,USA,2022-04-05,Premium,3619.15
3260,Erica Barnes,erica.barnes@yahoo.com,Italy,2024-07-19,Standard,365.11
3261,Ricky Thomas,ricky.thomas@hotmail.com,UK,2020-03-14,Standard,209.07
3262,Kelly Green,kelly.green@gmail.com,UK,2025-07-20,Standard,101.18
3263,Christine Solomon,christine.solomon@icloud.com,Italy,2020-09-19,Standard,164.63
3264,Mike Sutton,mike.sutton@gmail.com,UK,2025-12-06,Standard,444.24
3265,Stephen Smith,stephen.smith@hotmail.com,UK,2023-08-16,Standard,456.42
3266,Dean Morris,dean.morris@yahoo.com,USA,2021-12-27,Basic,79.75
3267,Heather Mcdaniel,heather.mcdaniel@outlook.com,India,2023-08-17,Premium,2521.77
3268,Jennifer Erickson,jennifer.erickson@gmail.com,Germany,2025-10-24,Standard,381.77
3269,Jill Scott,jill.scott@outlook.com,USA,2024-06-21,Premium,2750.16
3270,Cody Brown,cody.brown@yahoo.com,India,2020-03-24,Standard,415.44
3271,Marvin Young,marvin.young@hotmail.com,India,2025-11-17,Standard,106.59
3272,Rebekah Barajas,rebekah.barajas@yahoo.com,UK,2021-02-10,Basic,99.21
3273,Sheila Coffey,sheila.coffey@outlook.com,USA,2020-03-06,Standard,394.61
3274,Carmen Goodman,carmen.goodman@protonmail.com,UK,2020-06-24,Standard,308.54
3275,Brandon King,brandon.king@yahoo.com,USA,2025-02-09,Basic,22.41
3276,Christine Turner,christine.turner@icloud.com,USA,2021-07-30,Premium,2199.33
3277,Ralph Wood,ralph.wood@protonmail.com,UK,2021-10-19,Basic,97.48
3278,Tammy Hansen,tammy.hansen@gmail.com,USA,2025-10-24,Standard,262.37
3279,Beverly Green,beverly.green@hotmail.com,USA,2024-06-25,Basic,24.1
3280,William Conrad,william.conrad@icloud.com,India,2022-09-11,Premium,2513.11
3281,Natalie Anderson,natalie.anderson@outlook.com,USA,2024-11-09,Standard,360.81
3282,Logan Moreno,logan.moreno@yahoo.com,UAE,2022-03-04,Standard,264.39
3283,Donald Wilson,donald.wilson@gmail.com,Spain,2023-09-05,Standard,443.17
3284,Bradley Anderson,bradley.anderson@gmail.com,Germany,2023-05-09,Basic,70.25
3285,Monica Davenport,monica.davenport@yahoo.com,Singapore,2024-03-04,Premium,4571.21
3286,Julie Howe,julie.howe@icloud.com,Brazil,2024-07-29,Standard,407.44
3287,Justin Mcdowell,justin.mcdowell@icloud.com,USA,2023-05-25,Basic,94.65
3288,Chloe Juarez,chloe.juarez@protonmail.com,Canada,2021-09-20,Basic,23.83
3289,Joseph Edwards,joseph.edwards@outlook.com,USA,2023-07-20,Standard,208.7
3290,Patricia Stewart,patricia.stewart@icloud.com,India,2024-11-01,Standard,413.13
3291,Virginia Gallagher,virginia.gallagher@gmail.com,UK,2025-06-30,Basic,37.17
3292,Edward Farrell,edward.farrell@icloud.com,USA,2025-11-08,Basic,86.54
3293,Diane Yates,diane.yates@hotmail.com,USA,2025-07-04,Basic,74.55
3294,Brian Hernandez,brian.hernandez1@yahoo.com,Netherlands,2025-04-15,Basic,41.4
3295,Jerry Johnson,jerry.johnson@outlook.com,USA,2025-12-11,Standard,394.51
3296,Jorge Mccarthy,jorge.mccarthy@hotmail.com,USA,2024-01-27,Standard,283.09
3297,Samuel Carney,samuel.carney@icloud.com,USA,2022-05-25,Standard,192.4
3298,Sara Williams,sara.williams@hotmail.com,UK,2024-12-30,Premium,1111.06
3299,Michael Fletcher,michael.fletcher@icloud.com,Japan,2022-04-25,Basic,86.38
3300,Todd Vasquez,todd.vasquez@gmail.com,Canada,2021-02-18,Standard,250.46
3301,Meghan Camacho,meghan.camacho@protonmail.com,UK,2022-08-20,Premium,2016.03
3302,David Davis,david.davis@outlook.com,USA,2023-05-30,Standard,320.05
3303,Miranda White,miranda.white@yahoo.com,USA,2024-12-14,Standard,448.36
3304,Gary Hicks,gary.hicks@yahoo.com,UK,2023-02-10,Premium,3062.43
3305,Joshua Macdonald,joshua.macdonald@hotmail.com,France,2020-08-27,Standard,230.3
3306,Brenda Silva,brenda.silva@yahoo.com,India,2025-04-07,Basic,63.8
3307,Teresa Fox,teresa.fox@icloud.com,UK,2024-05-31,Standard,462.03
3308,Ashley Butler,ashley.butler@outlook.com,Germany,2022-03-01,Premium,684.88
3309,Chase Tate,chase.tate@outlook.com,UK,2022-11-25,Standard,458.45
3310,Erica Clay,erica.clay@yahoo.com,Germany,2021-06-02,Premium,3892.5
3311,Anthony Maldonado,anthony.maldonado@yahoo.com,UK,2025-11-05,Basic,32.94
3312,Erin Long,erin.long@hotmail.com,India,2022-08-27,Standard,394.86
3313,Brittany Bean,brittany.bean@yahoo.com,UK,2025-05-11,Basic,95.14
3314,Mary Hernandez,mary.hernandez@protonmail.com,Italy,2022-12-20,Premium,2690.28
3315,Christopher Rivas,christopher.rivas@icloud.com,UK,2025-01-28,Premium,4635.36
3316,Donna Gibson,donna.gibson@hotmail.com,USA,2020-07-10,Standard,155.53
3317,Stephanie Wheeler,stephanie.wheeler@yahoo.com,USA,2023-09-25,Basic,71.84
3318,Adam Booker,adam.booker@yahoo.com,UK,2023-02-21,Basic,34.74
3319,Diana Tapia,diana.tapia@outlook.com,Germany,2023-11-12,Standard,487.83
3320,Mark Dennis,mark.dennis@outlook.com,Germany,2025-05-28,Standard,153.83
3321,Jessica Bernard,jessica.bernard@protonmail.com,India,2024-05-08,Premium,2784.28
3322,Ashley Lewis,ashley.lewis@gmail.com,USA,2022-04-20,Standard,344.52
3323,Brandon Schneider,brandon.schneider@icloud.com,India,2024-01-03,Standard,426.59
3324,Marcus Brown,marcus.brown@outlook.com,India,2021-11-05,Basic,80.52
3325,Chad Crane,chad.crane@outlook.com,UK,2025-04-21,Standard,352.95
3326,Patrick Ross,patrick.ross@hotmail.com,UK,2023-05-14,Basic,45.03
3327,Gregory Hanna,gregory.hanna@protonmail.com,USA,2022-09-16,Basic,85.92
3328,Michelle Davis,michelle.davis@gmail.com,UK,2022-10-31,Premium,1539.89
3329,Melissa Martin,melissa.martin@icloud.com,Australia,2021-08-29,Standard,206.83
3330,Kimberly Mitchell,kimberly.mitchell@outlook.com,Spain,2025-08-18,Basic,43.05
3331,Karen Valdez,karen.valdez@icloud.com,Germany,2022-10-16,Standard,474.99
3332,David Henry,david.henry@protonmail.com,USA,2021-04-16,Standard,447.53
3333,Ryan Drake,ryan.drake@hotmail.com,India,2025-09-28,Basic,60.94
3334,Kyle Cohen,kyle.cohen@outlook.com,Canada,2022-07-11,Standard,227.72
3335,David Wade,david.wade@protonmail.com,USA,2021-03-16,Basic,17.5
3336,Marilyn Hunt,marilyn.hunt@protonmail.com,France,2024-09-17,Standard,188.98
3337,Tracy Mcclure,tracy.mcclure@hotmail.com,USA,2020-06-30,Standard,455.93
3338,Thomas Hart,thomas.hart@outlook.com,USA,2025-09-02,Standard,167.69
3339,Rodney Avila,rodney.avila@outlook.com,USA,2024-09-25,Standard,185.93
3340,Lisa Austin,lisa.austin@yahoo.com,USA,2022-10-12,Premium,849.7
3341,Ryan Simmons,ryan.simmons@outlook.com,Brazil,2023-02-21,Premium,4703.86
3342,Billy Peterson,billy.peterson@gmail.com,UK,2022-04-13,Standard,160.25
3343,Steven Walker,steven.walker@hotmail.com,USA,2024-03-19,Standard,244.44
3344,Gina Moore,gina.moore@protonmail.com,UK,2024-11-02,Standard,161.01
3345,Tyler Soto,tyler.soto@protonmail.com,UK,2024-01-06,Premium,4392.46
3346,Alicia Roberts,alicia.roberts@protonmail.com,USA,2023-04-20,Premium,846.13
3347,Samuel Solomon,samuel.solomon@outlook.com,USA,2025-01-11,Standard,459.83
3348,Tim Hernandez,tim.hernandez@hotmail.com,India,2020-07-10,Standard,344.2
3349,David Leach,david.leach@yahoo.com,USA,2025-08-13,Standard,308.88
3350,Mckenzie Mills,mckenzie.mills@outlook.com,Australia,2022-10-08,Premium,4577.39
3351,Kenneth Williams,kenneth.williams@outlook.com,USA,2025-08-22,Standard,437.55
3352,Charles Williams,charles.williams@icloud.com,India,2023-01-04,Basic,53.22
3353,Daniel Coleman,daniel.coleman@protonmail.com,France,2021-08-09,Standard,180.49
3354,Cody Guerrero,cody.guerrero@protonmail.com,USA,2023-02-28,Standard,154.5
3355,Ashley King,ashley.king@hotmail.com,USA,2025-04-14,Basic,84.11
3356,Jonathan Miller,jonathan.miller@yahoo.com,Netherlands,2025-01-11,Standard,340.97
3357,Wesley Wilson,wesley.wilson@icloud.com,UK,2024-01-25,Standard,337.28
3358,Dorothy White,dorothy.white@outlook.com,Germany,2023-04-03,Standard,162.94
3359,Ian Long,ian.long@outlook.com,USA,2024-06-19,Standard,192.44
3360,Christopher Mcdowell,christopher.mcdowell@protonmail.com,USA,2022-05-19,Standard,353.22
3361,Kenneth Matthews,kenneth.matthews@yahoo.com,UK,2024-12-08,Standard,347.13
3362,Spencer Santiago,spencer.santiago@hotmail.com,Mexico,2022-07-05,Standard,322.8
3363,Cindy Baker,cindy.baker@icloud.com,USA,2025-06-22,Standard,325.12
3364,Tammy Savage,tammy.savage@protonmail.com,Australia,2024-07-27,Premium,2714.88
3365,Jacob Lopez,jacob.lopez@outlook.com,India,2023-10-15,Premium,2258.35
3366,Julie Munoz,julie.munoz@icloud.com,USA,2024-02-09,Premium,3393.73
3367,Monica Rodriguez,monica.rodriguez@outlook.com,USA,2023-10-18,Standard,412.01
3368,Amanda Smith,amanda.smith@yahoo.com,USA,2021-04-03,Premium,3411.59
3369,Darryl Jackson,darryl.jackson@icloud.com,UK,2022-12-31,Standard,141.83
3370,Thomas Holt,thomas.holt@protonmail.com,Germany,2022-07-10,Standard,222.15
3371,Misty Church,misty.church@protonmail.com,UK,2022-10-16,Standard,229.89
3372,Carolyn Tucker,carolyn.tucker@protonmail.com,USA,2024-09-25,Basic,24.44
3373,Christine Dickson,christine.dickson@hotmail.com,India,2024-01-25,Basic,19.37
3374,Michael Nunez,michael.nunez@yahoo.com,Germany,2023-04-06,Standard,439.81
3375,Hannah Foster,hannah.foster@outlook.com,UK,2025-02-24,Standard,113.36
3376,Kevin Martinez,kevin.martinez@gmail.com,Germany,2025-11-08,Standard,249.95
3377,Alexander Rodriguez,alexander.rodriguez@yahoo.com,USA,2021-08-03,Basic,17.54
3378,Allen Waller,allen.waller@protonmail.com,India,2023-11-28,Standard,301.78
3379,Michele Clark,michele.clark@outlook.com,USA,2025-02-02,Premium,3352.15
3380,Deborah Santos,deborah.santos@gmail.com,USA,2022-05-14,Basic,41.81
3381,Ryan Garrett,ryan.garrett@hotmail.com,USA,2023-05-29,Premium,2786.55
3382,Kristy Lee,kristy.lee@icloud.com,Germany,2025-08-15,Basic,23.18
3383,Kevin Ford,kevin.ford@protonmail.com,Germany,2024-10-03,Premium,622.15
3384,Thomas Johnson,thomas.johnson@gmail.com,USA,2025-09-13,Premium,1324.84
3385,Gabriel Hernandez,gabriel.hernandez@yahoo.com,Japan,2025-06-13,Basic,60.54
3386,Jacqueline Maynard,jacqueline.maynard@gmail.com,Japan,2021-08-25,Standard,416.41
3387,Thomas Heath,thomas.heath@yahoo.com,USA,2024-07-07,Standard,452.05
3388,Brenda Harris,brenda.harris@icloud.com,India,2025-12-15,Basic,97.84
3389,Ashley Bass,ashley.bass@yahoo.com,UK,2022-04-27,Basic,12.9
3390,Brent Smith,brent.smith@yahoo.com,UAE,2020-09-18,Standard,200.76
3391,Crystal Marquez,crystal.marquez@yahoo.com,USA,2021-10-08,Basic,10.45
3392,Tiffany Allison,tiffany.allison@hotmail.com,USA,2024-10-11,Standard,128.06
3393,Jillian Larson,jillian.larson@hotmail.com,UK,2024-11-17,Premium,3430.91
3394,Angela Roberts,angela.roberts@icloud.com,USA,2025-03-01,Basic,55.7
3395,Tony Tucker,tony.tucker@hotmail.com,India,2022-07-04,Standard,451.62
3396,Brittany Carr,brittany.carr@outlook.com,UK,2024-07-13,Basic,59.54
3397,Erika Velasquez,erika.velasquez@yahoo.com,USA,2020-04-26,Premium,3778.27
3398,Tony Klein,tony.klein@yahoo.com,UK,2025-01-19,Premium,4855.79
3399,Allison Henderson,allison.henderson@outlook.com,Mexico,2024-08-09,Premium,4305.49
3400,Leslie Brown,leslie.brown@protonmail.com,Australia,2024-10-12,Standard,187.26
3401,Patricia Butler,patricia.butler@outlook.com,UK,2022-04-16,Basic,35.02
3402,Thomas Simpson,thomas.simpson@icloud.com,USA,2021-03-24,Standard,106.36
3403,Sheila Reed,sheila.reed@icloud.com,USA,2020-10-29,Premium,2920.34
3404,Heidi Smith,heidi.smith@outlook.com,Brazil,2025-08-04,Standard,296.68
3405,Keith Lee,keith.lee@hotmail.com,India,2021-02-15,Standard,274.44
3406,Maurice Hall,maurice.hall@protonmail.com,Germany,2025-04-18,Standard,456.82
3407,Jeffrey Stout,jeffrey.stout@icloud.com,Brazil,2022-09-13,Standard,165.06
3408,Matthew Guzman,matthew.guzman@icloud.com,USA,2024-09-13,Premium,2967.65
3409,Megan Sandoval,megan.sandoval@protonmail.com,India,2022-01-30,Standard,127.82
3410,David Carter,david.carter@yahoo.com,USA,2020-02-23,Standard,424.2
3411,Jennifer Moyer,jennifer.moyer@gmail.com,USA,2024-10-30,Standard,343.27
3412,Marissa Nunez,marissa.nunez@gmail.com,UK,2023-01-06,Standard,226.85
3413,Jessica Flynn,jessica.flynn@protonmail.com,USA,2023-05-27,Standard,213.75
3414,Lauren Richard,lauren.richard@outlook.com,Italy,2024-07-31,Standard,124.88
3415,Christy Campbell,christy.campbell@icloud.com,USA,2022-01-08,Premium,3145.4
3416,Kara Estrada,kara.estrada@gmail.com,France,2024-04-06,Standard,374.61
3417,David Gonzalez,david.gonzalez@gmail.com,Canada,2024-10-11,Basic,65.0
3418,Catherine Garcia,catherine.garcia@yahoo.com,India,2021-12-28,Standard,357.17
3419,Robert Chaney,robert.chaney@yahoo.com,Spain,2023-10-10,Basic,67.69
3420,Kevin Clark,kevin.clark@hotmail.com,UK,2021-10-21,Standard,256.24
3421,Brandon Smith,brandon.smith@gmail.com,USA,2020-06-07,Standard,234.07
3422,Nicole Kelly,nicole.kelly@outlook.com,USA,2020-07-29,Basic,43.72
3423,Eric Clayton,eric.clayton@hotmail.com,USA,2024-12-27,Standard,341.2
3424,Patricia Johnson,patricia.johnson@yahoo.com,Brazil,2021-05-03,Standard,303.27
3425,Bryce Jordan,bryce.jordan@gmail.com,UK,2025-10-12,Premium,4127.53
3426,Christina Martinez,christina.martinez@gmail.com,USA,2024-08-21,Standard,100.93
3427,Jeffrey Scott,jeffrey.scott@icloud.com,USA,2020-11-13,Standard,463.92
3428,Matthew Kelly,matthew.kelly@gmail.com,UK,2024-11-15,Basic,70.4
3429,Brandon Rich,brandon.rich@hotmail.com,India,2020-01-10,Standard,480.31
3430,Joseph Hernandez,joseph.hernandez@outlook.com,USA,2021-01-25,Standard,159.79
3431,Hannah Robertson,hannah.robertson@outlook.com,Canada,2025-08-18,Standard,284.72
3432,Elizabeth Mccarthy,elizabeth.mccarthy@hotmail.com,Germany,2023-10-03,Premium,3349.15
3433,Sara Kim,sara.kim@hotmail.com,Australia,2020-01-02,Basic,67.85
3434,Stephen Skinner,stephen.skinner@protonmail.com,USA,2025-11-10,Premium,4334.66
3435,Daniel Rodriguez,daniel.rodriguez@hotmail.com,Germany,2025-02-27,Basic,41.26
3436,Cheryl Casey,cheryl.casey@yahoo.com,USA,2024-02-13,Premium,3881.67
3437,Stacey Colon,stacey.colon@yahoo.com,USA,2024-08-17,Standard,293.77
3438,Bobby Garcia,bobby.garcia@outlook.com,India,2025-04-20,Premium,4041.94
3439,Crystal Pitts,crystal.pitts@hotmail.com,Germany,2024-10-16,Basic,54.21
3440,Rhonda Moore,rhonda.moore@icloud.com,USA,2023-02-15,Standard,286.14
3441,Kelly Alexander,kelly.alexander@gmail.com,Japan,2025-11-24,Standard,333.63
3442,William Oconnor,william.oconnor@icloud.com,USA,2024-10-02,Basic,36.52
3443,Cory Holland,cory.holland@outlook.com,Germany,2022-05-06,Standard,146.85
3444,Matthew Taylor,matthew.taylor@protonmail.com,UAE,2020-05-05,Premium,1263.26
3445,Melinda Gonzales,melinda.gonzales@protonmail.com,UK,2023-07-16,Basic,45.44
3446,Robert Mack,robert.mack@protonmail.com,Australia,2021-11-02,Standard,253.09
3447,John Lamb,john.lamb@outlook.com,Germany,2020-03-18,Premium,879.06
3448,Matthew Wagner,matthew.wagner@yahoo.com,Australia,2023-04-03,Standard,378.95
3449,Christopher Watson,christopher.watson@gmail.com,India,2025-08-17,Basic,65.8
3450,Kari Ward,kari.ward@gmail.com,India,2021-11-10,Standard,201.12
3451,Elizabeth Hernandez,elizabeth.hernandez1@icloud.com,USA,2022-06-21,Basic,25.14
3452,Karen Fisher,karen.fisher@outlook.com,Canada,2025-03-21,Basic,43.38
3453,Jeremy Pham,jeremy.pham@gmail.com,USA,2023-09-16,Standard,433.48
3454,Robert Ortiz,robert.ortiz@outlook.com,UAE,2024-04-22,Standard,259.11
3455,Stephen Phelps,stephen.phelps@gmail.com,USA,2024-11-20,Basic,80.22
3456,Laura Cox,laura.cox@outlook.com,USA,2024-09-09,Standard,262.86
3457,Anthony Thomas,anthony.thomas1@protonmail.com,Japan,2021-05-05,Premium,3755.43
3458,Alejandro Drake,alejandro.drake@gmail.com,USA,2023-02-04,Standard,317.39
3459,Sherry Miller,sherry.miller@outlook.com,USA,2024-01-23,Basic,66.1
3460,Leroy Holden,leroy.holden@yahoo.com,India,2020-07-27,Standard,123.92
3461,Frank Brown,frank.brown@icloud.com,USA,2022-06-03,Standard,176.98
3462,Katherine Keller,katherine.keller@gmail.com,USA,2023-10-19,Premium,4609.77
3463,Darlene Orr,darlene.orr@protonmail.com,UK,2024-04-25,Premium,631.94
3464,Brian Welch,brian.welch@outlook.com,USA,2024-11-24,Basic,86.01
3465,Jennifer Guerrero,jennifer.guerrero@protonmail.com,USA,2024-10-18,Standard,242.55
3466,April Phillips,april.phillips@hotmail.com,USA,2024-01-30,Basic,97.74
3467,Richard Becker,richard.becker@gmail.com,USA,2020-06-29,Basic,42.1
3468,Angela Torres,angela.torres@hotmail.com,USA,2025-10-11,Standard,368.28
3469,Julia Blankenship,julia.blankenship@gmail.com,USA,2025-01-16,Basic,96.26
3470,Alan Ramirez,alan.ramirez@yahoo.com,Germany,2022-07-22,Basic,26.94
3471,Allison Knapp,allison.knapp@outlook.com,Germany,2023-01-06,Basic,59.7
3472,Isabella Griffin,isabella.griffin@gmail.com,USA,2022-08-05,Basic,18.97
3473,Jamie Stephens,jamie.stephens@yahoo.com,USA,2025-07-18,Standard,272.69
3474,Kristina Pearson,kristina.pearson@hotmail.com,Brazil,2023-06-09,Basic,97.77
3475,Heidi Barron,heidi.barron@outlook.com,Germany,2023-04-18,Premium,4478.72
3476,Kimberly Sullivan,kimberly.sullivan@hotmail.com,UK,2025-05-06,Basic,26.16
3477,James Turner,james.turner@yahoo.com,UK,2024-02-25,Standard,476.26
3478,Benjamin Cook,benjamin.cook@protonmail.com,USA,2021-01-09,Standard,187.66
3479,Jessica Singh,jessica.singh@protonmail.com,France,2024-05-04,Basic,69.11
3480,David Braun,david.braun@icloud.com,Spain,2025-05-18,Standard,108.17
3481,Justin Davis,justin.davis@protonmail.com,Spain,2023-07-08,Premium,4480.1
3482,Andrea Boyd,andrea.boyd@gmail.com,USA,2024-11-20,Basic,99.24
3483,Katherine Moore,katherine.moore@icloud.com,USA,2024-05-05,Basic,21.02
3484,Anthony Hogan,anthony.hogan@gmail.com,USA,2024-01-26,Standard,446.84
3485,Brittany Allen,brittany.allen@icloud.com,USA,2025-10-01,Basic,66.48
3486,Kim Barber,kim.barber@gmail.com,USA,2024-06-30,Basic,51.16
3487,Valerie Rodriguez,valerie.rodriguez@yahoo.com,Germany,2024-06-29,Basic,42.75
3488,Brian Watson,brian.watson@outlook.com,USA,2025-06-23,Standard,184.13
3489,Courtney Gomez,courtney.gomez@yahoo.com,Spain,2021-02-12,Standard,184.52
3490,Brandon Curtis,brandon.curtis@protonmail.com,USA,2020-12-21,Basic,99.16
3491,David Evans,david.evans@protonmail.com,USA,2025-10-02,Basic,85.35
3492,Jillian Chavez,jillian.chavez@outlook.com,Japan,2024-02-07,Premium,1053.62
3493,Tonya Trujillo,tonya.trujillo@gmail.com,India,2023-02-03,Premium,784.38
3494,Vanessa Cunningham,vanessa.cunningham@outlook.com,USA,2020-09-30,Standard,122.56
3495,Patricia Burton,patricia.burton@protonmail.com,Germany,2021-12-13,Basic,68.86
3496,Amanda Larson,amanda.larson@hotmail.com,USA,2020-03-03,Basic,83.58
3497,Michael Mitchell,michael.mitchell@protonmail.com,USA,2023-10-28,Standard,325.56
3498,Kristen Espinoza,kristen.espinoza@yahoo.com,UK,2024-02-03,Premium,2303.5
3499,Emily Klein,emily.klein@yahoo.com,USA,2021-07-20,Standard,397.52
3500,April Wright,april.wright@icloud.com,Germany,2024-04-19,Basic,88.58
3501,Mark Aguilar,mark.aguilar@outlook.com,USA,2025-04-02,Standard,499.28
3502,Mackenzie Ward,mackenzie.ward@outlook.com,India,2025-02-11,Premium,4248.27
3503,Corey Dawson,corey.dawson@outlook.com,Canada,2025-02-18,Standard,403.73
3504,Maria Miller,maria.miller@protonmail.com,USA,2023-11-11,Basic,38.16
3505,Bryan Beasley,bryan.beasley@gmail.com,USA,2024-02-07,Standard,499.96
3506,Thomas Griffin,thomas.griffin@hotmail.com,UK,2024-12-21,Premium,3905.69
3507,Mike Fox,mike.fox@outlook.com,Canada,2021-05-22,Standard,153.76
3508,Brianna Stone,brianna.stone@outlook.com,India,2025-06-02,Basic,74.83
3509,Ralph Baker,ralph.baker@yahoo.com,India,2024-02-25,Standard,106.72
3510,Victor Henderson,victor.henderson@protonmail.com,UK,2024-11-26,Standard,380.0
3511,Scott Galvan,scott.galvan@hotmail.com,USA,2022-09-11,Premium,4762.34
3512,Tracy Mcpherson,tracy.mcpherson@protonmail.com,UK,2021-07-10,Standard,227.23
3513,Madison Thomas,madison.thomas@icloud.com,USA,2025-11-28,Basic,98.72
3514,David Dawson,david.dawson@yahoo.com,India,2021-01-08,Basic,39.76
3515,David Bush,david.bush@hotmail.com,USA,2020-05-12,Standard,144.49
3516,Michelle Wilson,michelle.wilson@protonmail.com,USA,2024-03-22,Basic,12.2
3517,Jason Kennedy,jason.kennedy@icloud.com,UK,2024-09-11,Standard,142.76
3518,Julie Raymond,julie.raymond@outlook.com,UK,2021-11-20,Basic,62.56
3519,Mike Crane,mike.crane@yahoo.com,Germany,2022-05-10,Premium,4139.99
3520,Carolyn Ortiz,carolyn.ortiz@gmail.com,UK,2025-08-26,Standard,401.21
3521,David Armstrong,david.armstrong@protonmail.com,Spain,2025-11-17,Basic,82.69
3522,Billy Hernandez,billy.hernandez@protonmail.com,Japan,2023-10-12,Basic,75.69
3523,Nathan Ritter,nathan.ritter@gmail.com,Brazil,2025-05-18,Basic,68.66
3524,Kevin Tucker,kevin.tucker@yahoo.com,Germany,2022-07-26,Standard,485.38
3525,Kylie Thomas,kylie.thomas@hotmail.com,Germany,2024-07-02,Basic,29.96
3526,Brittany Williams,brittany.williams@yahoo.com,Germany,2024-06-16,Basic,47.32
3527,Patricia Small,patricia.small@hotmail.com,UK,2025-06-21,Standard,332.41
3528,Jason Fuentes,jason.fuentes@yahoo.com,USA,2024-12-12,Standard,212.43
3529,Tracy Martinez,tracy.martinez@icloud.com,Germany,2022-12-20,Standard,411.83
3530,Michael Harrell,michael.harrell@yahoo.com,USA,2021-03-08,Standard,212.18
3531,Robert Berry,robert.berry@gmail.com,USA,2025-11-28,Basic,82.12
3532,Ariel Mccullough,ariel.mccullough@icloud.com,Japan,2020-02-22,Standard,333.83
3533,Kimberly Alvarez,kimberly.alvarez@hotmail.com,USA,2024-04-11,Premium,3333.88
3534,Jennifer Obrien,jennifer.obrien@yahoo.com,UK,2023-03-05,Standard,240.77
3535,Kathleen Wagner,kathleen.wagner@outlook.com,Germany,2020-05-22,Basic,58.39
3536,Steven Cole,steven.cole@gmail.com,USA,2024-03-28,Premium,3774.86
3537,Shane Cline,shane.cline@gmail.com,Mexico,2023-10-23,Basic,67.6
3538,Mark Marsh,mark.marsh@yahoo.com,USA,2025-11-26,Premium,4057.23
3539,Elizabeth Ortiz,elizabeth.ortiz@icloud.com,Mexico,2022-01-17,Standard,133.89
3540,Jesse Foster,jesse.foster@hotmail.com,Canada,2020-08-29,Basic,74.97
3541,Amber Rubio,amber.rubio@icloud.com,USA,2021-12-20,Standard,101.33
3542,Pamela Fitzgerald,pamela.fitzgerald@yahoo.com,USA,2022-03-28,Basic,84.86
3543,Debbie Cline,debbie.cline@outlook.com,USA,2024-11-22,Premium,2589.94
3544,Jasmine Armstrong,jasmine.armstrong@icloud.com,UK,2023-06-26,Standard,441.45
3545,Laura Zimmerman,laura.zimmerman@gmail.com,USA,2021-06-17,Standard,414.97
3546,Ann Martinez,ann.martinez@hotmail.com,UAE,2025-12-13,Basic,33.57
3547,Anita Lee,anita.lee@yahoo.com,USA,2021-04-11,Premium,4723.71
3548,Christine Ray,christine.ray@gmail.com,France,2023-06-04,Standard,106.29
3549,Brian Hudson,brian.hudson@icloud.com,USA,2025-07-03,Standard,346.7
3550,Jaime Alvarez,jaime.alvarez@outlook.com,Singapore,2024-03-30,Basic,75.47
3551,Penny Martinez,penny.martinez@gmail.com,USA,2022-03-27,Basic,20.77
3552,Sharon White,sharon.white@gmail.com,UK,2025-04-02,Basic,58.05
3553,Andrew Buchanan,andrew.buchanan@icloud.com,Germany,2024-11-09,Standard,311.73
3554,John Thornton,john.thornton@gmail.com,USA,2020-11-06,Standard,125.67
3555,Pam Wallace,pam.wallace@hotmail.com,France,2020-05-16,Basic,49.17
3556,Lindsay Lawson,lindsay.lawson@hotmail.com,USA,2025-10-20,Basic,64.96
3557,Richard Williams,richard.williams@icloud.com,Germany,2022-10-14,Basic,40.47
3558,Michelle Johnson,michelle.johnson@outlook.com,Germany,2025-12-07,Basic,83.23
3559,Samuel Perry,samuel.perry@icloud.com,Germany,2020-12-01,Basic,33.65
3560,Michele Stewart,michele.stewart@outlook.com,USA,2021-01-03,Premium,3269.67
3561,Jonathan Wilson,jonathan.wilson@gmail.com,USA,2025-06-29,Standard,411.58
3562,Cory Jackson,cory.jackson@icloud.com,USA,2025-02-05,Basic,63.59
3563,Douglas Scott,douglas.scott@gmail.com,USA,2020-03-13,Standard,305.84
3564,Christopher Parker,christopher.parker1@hotmail.com,USA,2021-02-27,Premium,4605.54
3565,Richard Jackson,richard.jackson@protonmail.com,Italy,2024-03-08,Standard,330.03
3566,Christina Nguyen,christina.nguyen@protonmail.com,UK,2024-01-03,Standard,162.58
3567,Anthony Brown,anthony.brown@icloud.com,Germany,2023-07-02,Basic,13.69
3568,Peter Flores,peter.flores@gmail.com,USA,2022-07-18,Basic,26.59
3569,Robert Nguyen,robert.nguyen@yahoo.com,USA,2025-09-23,Premium,4407.31
3570,Nicholas Carey,nicholas.carey@gmail.com,UK,2021-10-04,Standard,125.36
3571,David Harris,david.harris@icloud.com,USA,2022-07-01,Premium,1000.3
3572,Karen Willis,karen.willis@gmail.com,USA,2023-05-30,Basic,85.56
3573,Trevor Goodwin,trevor.goodwin@hotmail.com,UK,2021-01-16,Premium,1632.43
3574,Paul Wilson,paul.wilson@hotmail.com,UK,2024-10-29,Standard,262.37
3575,Bruce Marshall,bruce.marshall@gmail.com,UAE,2023-03-27,Standard,479.76
3576,Richard Washington,richard.washington@gmail.com,USA,2024-02-26,Standard,415.44
3577,Rick Hall,rick.hall@protonmail.com,UK,2023-03-06,Standard,485.22
3578,Olivia Adams,olivia.adams@protonmail.com,USA,2021-10-14,Basic,34.88
3579,Tabitha Leonard,tabitha.leonard@yahoo.com,USA,2025-12-26,Standard,145.78
3580,John Peters,john.peters@gmail.com,India,2024-11-10,Premium,3647.43
3581,Kristen Torres,kristen.torres@yahoo.com,USA,2023-03-05,Standard,318.55
3582,Richard Miller,richard.miller@icloud.com,Germany,2020-01-05,Standard,329.25
3583,Cynthia Harris,cynthia.harris@icloud.com,UK,2024-08-01,Standard,263.41
3584,Tammy Brooks,tammy.brooks@protonmail.com,USA,2025-10-28,Basic,93.77
3585,Tricia Casey,tricia.casey@gmail.com,Italy,2024-07-14,Standard,369.58
3586,Amanda Henderson,amanda.henderson@yahoo.com,UK,2025-02-23,Basic,99.83
3587,Rhonda Hayes,rhonda.hayes@icloud.com,Australia,2021-11-10,Premium,4770.62
3588,Aaron Marshall,aaron.marshall@icloud.com,UK,2025-10-11,Basic,39.06
3589,Maria Roberts,maria.roberts@hotmail.com,Italy,2022-03-22,Premium,2799.71
3590,Teresa Smith,teresa.smith@gmail.com,USA,2022-01-31,Standard,320.73
3591,Sarah Olson,sarah.olson@gmail.com,UK,2024-05-15,Standard,391.17
3592,Carla Franco,carla.franco@icloud.com,Canada,2020-08-17,Standard,198.61
3593,Omar Bell,omar.bell@protonmail.com,USA,2023-09-25,Standard,224.45
3594,Crystal Richards,crystal.richards@icloud.com,USA,2022-04-01,Basic,47.67
3595,William Williams,william.williams@yahoo.com,UAE,2024-02-27,Standard,230.06
3596,Jocelyn Hart,jocelyn.hart@hotmail.com,Germany,2024-04-05,Basic,11.96
3597,Kevin Foster,kevin.foster@protonmail.com,India,2024-04-20,Basic,52.02
3598,David Taylor,david.taylor@outlook.com,India,2023-10-30,Standard,172.19
3599,Angela Ramirez,angela.ramirez1@gmail.com,France,2022-04-30,Basic,12.64
3600,Ryan Bishop,ryan.bishop@icloud.com,Japan,2025-01-28,Standard,242.45
3601,Susan Flores,susan.flores@hotmail.com,Germany,2024-07-01,Standard,399.3
3602,Evelyn Cooper,evelyn.cooper@gmail.com,USA,2023-10-06,Standard,465.59
3603,Jose Mullins,jose.mullins@yahoo.com,USA,2021-11-28,Basic,19.13
3604,Shawn Sanchez,shawn.sanchez@outlook.com,Germany,2022-02-10,Premium,2735.56
3605,Tonya Peterson,tonya.peterson@protonmail.com,France,2023-08-04,Standard,339.16
3606,Steve Greene,steve.greene@gmail.com,UK,2024-06-26,Standard,492.48
3607,Allen Holt,allen.holt@icloud.com,USA,2025-07-05,Standard,474.12
3608,Deborah Smith,deborah.smith@protonmail.com,USA,2025-12-27,Standard,277.61
3609,Thomas Valenzuela,thomas.valenzuela@gmail.com,UK,2023-02-18,Standard,230.37
3610,Emily Gutierrez,emily.gutierrez@outlook.com,Japan,2023-05-11,Basic,89.95
3611,Paula Warner,paula.warner@icloud.com,USA,2024-12-17,Standard,167.86
3612,Kathryn Medina,kathryn.medina@hotmail.com,Germany,2023-01-08,Standard,432.27
3613,Kristin Banks,kristin.banks@yahoo.com,Canada,2024-07-23,Basic,77.61
3614,Chris Johnson,chris.johnson@hotmail.com,Italy,2024-05-01,Basic,24.27
3615,Marilyn Powers,marilyn.powers@icloud.com,USA,2022-04-07,Premium,718.16
3616,Emily Gomez,emily.gomez@yahoo.com,Italy,2022-05-21,Standard,139.69
3617,Lisa Carey,lisa.carey@outlook.com,Germany,2023-06-19,Premium,4096.51
3618,Michael Thompson,michael.thompson@protonmail.com,Canada,2024-01-18,Basic,90.7
3619,Katrina Terry,katrina.terry@protonmail.com,USA,2022-02-14,Standard,362.39
3620,Alan Ford,alan.ford@yahoo.com,UK,2022-03-29,Standard,437.97
3621,Sharon Wallace,sharon.wallace@gmail.com,Germany,2021-01-04,Standard,268.55
3622,Jeffrey Smith,jeffrey.smith@gmail.com,USA,2025-12-18,Standard,145.16
3623,Juan Morse,juan.morse@icloud.com,UK,2025-10-05,Premium,3769.78
3624,Michael Davis,michael.davis@outlook.com,Germany,2025-04-27,Basic,15.44
3625,Christina Turner,christina.turner@yahoo.com,Germany,2025-11-01,Standard,461.95
3626,Jennifer Young,jennifer.young@icloud.com,USA,2021-02-16,Standard,439.13
3627,Troy Cox,troy.cox@icloud.com,UK,2021-11-01,Basic,61.93
3628,Juan Conway,juan.conway@icloud.com,USA,2023-10-13,Premium,677.65
3629,Jasmine Clark,jasmine.clark@yahoo.com,Spain,2024-06-30,Premium,4851.46
3630,James Nicholson,james.nicholson@yahoo.com,Singapore,2024-10-10,Standard,207.25
3631,Randy Kane,randy.kane@yahoo.com,USA,2022-08-16,Basic,29.13
3632,Ashley Snyder,ashley.snyder@yahoo.com,USA,2025-03-23,Premium,1352.06
3633,Andrea Keller,andrea.keller@protonmail.com,USA,2022-03-11,Basic,54.94
3634,Ariel Fleming,ariel.fleming@icloud.com,UK,2024-04-23,Standard,411.18
3635,Annette Jones,annette.jones@hotmail.com,Brazil,2025-11-23,Standard,295.04
3636,David Brown,david.brown@hotmail.com,UK,2024-03-11,Standard,499.2
3637,Jordan Hudson,jordan.hudson@gmail.com,USA,2024-01-18,Premium,2973.4
3638,Jeremy Mills,jeremy.mills@yahoo.com,USA,2024-03-21,Standard,475.06
3639,Kimberly Lee,kimberly.lee@protonmail.com,USA,2025-04-29,Basic,96.22
3640,Erica Braun,erica.braun@hotmail.com,Japan,2025-12-22,Standard,477.19
3641,Heather Patel,heather.patel@yahoo.com,Germany,2023-10-17,Standard,396.49
3642,Johnny Castro,johnny.castro@outlook.com,Germany,2023-12-14,Basic,30.13
3643,Shawn Pace,shawn.pace@hotmail.com,USA,2025-10-23,Premium,1010.7
3644,Danielle Hahn,danielle.hahn@gmail.com,Italy,2024-05-12,Standard,260.73
3645,Brett Mcmillan,brett.mcmillan@outlook.com,USA,2024-12-30,Standard,228.39
3646,Ryan Carney,ryan.carney@outlook.com,Japan,2023-07-22,Premium,3350.71
3647,Joshua Frazier,joshua.frazier@protonmail.com,Mexico,2022-09-05,Basic,20.81
3648,Steven Ward,steven.ward@protonmail.com,UK,2023-07-24,Basic,67.12
3649,Katherine Stephenson,katherine.stephenson@outlook.com,Mexico,2025-11-26,Standard,482.92
3650,Jeffrey Ramirez,jeffrey.ramirez@protonmail.com,USA,2022-03-27,Basic,28.95
3651,Robert Cole,robert.cole@yahoo.com,India,2022-09-07,Premium,2702.68
3652,Adam Lee,adam.lee@icloud.com,USA,2021-09-29,Basic,86.36
3653,Christopher Armstrong,christopher.armstrong@outlook.com,UK,2023-01-04,Basic,89.09
3654,Anthony Mclaughlin,anthony.mclaughlin@yahoo.com,USA,2022-04-07,Standard,487.76
3655,Tiffany Coleman,tiffany.coleman@yahoo.com,USA,2024-06-06,Standard,440.98
3656,Charles Wright,charles.wright@gmail.com,USA,2021-03-14,Basic,57.26
3657,Frank Collins,frank.collins@icloud.com,USA,2022-01-24,Standard,393.94
3658,Connie Davis,connie.davis@outlook.com,Germany,2020-12-10,Standard,437.25
3659,Timothy Morton,timothy.morton@hotmail.com,UK,2020-09-06,Standard,147.58
3660,Brittany Sims,brittany.sims@icloud.com,USA,2025-12-26,Premium,2047.83
3661,Matthew Wright,matthew.wright@hotmail.com,UAE,2025-08-19,Premium,1728.41
3662,Daniel Allen,daniel.allen@protonmail.com,Italy,2024-10-29,Standard,251.37
3663,Matthew Brown,matthew.brown@outlook.com,USA,2025-05-23,Basic,10.4
3664,Matthew Bauer,matthew.bauer@hotmail.com,UK,2021-07-29,Standard,200.29
3665,Sherry Parsons,sherry.parsons@yahoo.com,India,2025-12-03,Standard,413.26
3666,Christine Duran,christine.duran@icloud.com,India,2023-12-14,Premium,2253.85
3667,Colleen Riley,colleen.riley@outlook.com,USA,2024-08-30,Premium,2533.11
3668,Christopher Brown,christopher.brown1@protonmail.com,Canada,2024-11-28,Standard,229.7
3669,Arthur Edwards,arthur.edwards@outlook.com,USA,2023-04-30,Premium,2146.75
3670,Melanie Brown,melanie.brown@outlook.com,USA,2022-07-01,Standard,455.09
3671,David Ellison,david.ellison@hotmail.com,India,2021-03-17,Standard,360.52
3672,Scott Turner,scott.turner@protonmail.com,Germany,2023-04-22,Standard,133.06
3673,Connie Jones,connie.jones@yahoo.com,Japan,2023-12-15,Standard,414.31
3674,Erica Hansen,erica.hansen@yahoo.com,USA,2025-12-14,Basic,46.02
3675,Kenneth James,kenneth.james@protonmail.com,USA,2020-10-04,Premium,3430.15
3676,Cody Walton,cody.walton@outlook.com,USA,2024-08-14,Basic,13.62
3677,Jesse Greene,jesse.greene@protonmail.com,USA,2024-01-27,Standard,178.11
3678,Donna Smith,donna.smith@gmail.com,USA,2020-10-01,Premium,4092.54
3679,Patrick Pope,patrick.pope@hotmail.com,UK,2023-08-25,Standard,176.83
3680,Nichole Harvey,nichole.harvey@outlook.com,UK,2023-10-11,Standard,145.39
3681,Matthew Pace,matthew.pace@outlook.com,India,2023-11-23,Standard,253.91
3682,Krista Gibson,krista.gibson@gmail.com,USA,2022-09-23,Basic,25.25
3683,Mark Lee,mark.lee@gmail.com,USA,2020-04-25,Basic,54.57
3684,Curtis Larson,curtis.larson@outlook.com,India,2022-07-01,Standard,138.88
3685,Carlos Clarke,carlos.clarke@icloud.com,USA,2025-07-20,Basic,16.76
3686,James Berry,james.berry@protonmail.com,Brazil,2025-12-04,Standard,268.71
3687,Dana Scott,dana.scott@hotmail.com,USA,2022-06-10,Premium,3096.47
3688,Robert Hardy,robert.hardy@yahoo.com,UK,2024-10-13,Basic,16.26
3689,Sean Sanchez,sean.sanchez@protonmail.com,Mexico,2025-09-14,Standard,464.21
3690,Laura Brown,laura.brown@gmail.com,Germany,2021-06-10,Premium,559.69
3691,Larry Graham,larry.graham@protonmail.com,Germany,2021-04-01,Premium,4734.71
3692,Susan Webster,susan.webster@outlook.com,India,2020-02-13,Standard,105.45
3693,Larry Mcclure,larry.mcclure@icloud.com,USA,2021-12-08,Standard,445.21
3694,Kimberly Hernandez,kimberly.hernandez@outlook.com,India,2025-06-18,Standard,102.16
3695,Kyle Cooper,kyle.cooper@gmail.com,Brazil,2025-08-02,Standard,426.7
3696,Miguel Smith,miguel.smith@protonmail.com,Singapore,2024-04-14,Basic,25.55
3697,Brenda Gregory,brenda.gregory@outlook.com,UK,2023-11-27,Basic,79.11
3698,Brian Hunter,brian.hunter@yahoo.com,USA,2025-06-13,Premium,4572.57
3699,Mary Trevino,mary.trevino@outlook.com,Canada,2022-08-10,Premium,4748.4
3700,Robert Gonzalez,robert.gonzalez@protonmail.com,Germany,2021-02-07,Standard,274.57
3701,James Kerr,james.kerr@outlook.com,USA,2021-09-05,Premium,2335.54
3702,Kristen Peterson,kristen.peterson@gmail.com,USA,2025-05-08,Standard,378.17
3703,Elizabeth Neal,elizabeth.neal@yahoo.com,USA,2024-08-09,Standard,213.02
3704,Tina Greene,tina.greene@protonmail.com,UK,2024-06-11,Basic,73.62
3705,Mark Lane,mark.lane@yahoo.com,USA,2024-08-17,Standard,281.21
3706,Sylvia Jensen,sylvia.jensen@yahoo.com,USA,2021-04-05,Standard,145.84
3707,Robert Martin,robert.martin@protonmail.com,USA,2023-11-03,Standard,428.13
3708,Shawn Mccormick,shawn.mccormick@hotmail.com,Italy,2025-08-12,Basic,61.42
3709,Bobby Robinson,bobby.robinson@hotmail.com,USA,2025-02-19,Standard,278.69
3710,Adam Walker,adam.walker@yahoo.com,USA,2024-06-26,Basic,51.53
3711,Jerry Hanson,jerry.hanson@outlook.com,UK,2021-03-30,Basic,21.14
3712,John Navarro,john.navarro@protonmail.com,USA,2025-12-06,Standard,322.54
3713,Stephanie Rivera,stephanie.rivera@hotmail.com,Singapore,2023-11-11,Standard,368.79
3714,Jody Harris,jody.harris@gmail.com,Spain,2022-10-27,Standard,186.4
3715,Jack Fritz,jack.fritz@gmail.com,UK,2021-02-08,Standard,345.55
3716,Michael Jones,michael.jones@outlook.com,UK,2020-07-20,Standard,138.59
3717,Anthony Wilson,anthony.wilson@outlook.com,USA,2024-08-11,Standard,172.76
3718,Kelly Lee,kelly.lee@protonmail.com,USA,2024-02-09,Basic,98.67
3719,Brenda Cannon,brenda.cannon@icloud.com,USA,2022-07-22,Premium,1983.95
3720,Bradley Johnson,bradley.johnson@hotmail.com,USA,2021-02-05,Standard,466.69
3721,James Thompson,james.thompson@icloud.com,USA,2024-12-10,Premium,1656.3
3722,Nicole Higgins,nicole.higgins@gmail.com,Germany,2023-06-08,Standard,358.22
3723,Matthew Spencer,matthew.spencer@icloud.com,USA,2022-02-10,Standard,314.78
3724,Gregory Smith,gregory.smith@yahoo.com,USA,2022-03-21,Standard,190.11
3725,Megan Lozano,megan.lozano@gmail.com,UK,2025-08-09,Standard,224.03
3726,Andrew Byrd,andrew.byrd@gmail.com,UK,2025-07-20,Standard,204.92
3727,Nicholas Cobb,nicholas.cobb@outlook.com,USA,2023-06-28,Standard,472.89
3728,Daniel Boyle,daniel.boyle@hotmail.com,USA,2024-06-26,Basic,55.12
3729,Kevin Allen,kevin.allen@gmail.com,USA,2025-06-29,Premium,4354.53
3730,Lisa Guerrero,lisa.guerrero@gmail.com,USA,2020-09-06,Basic,12.76
3731,Shelley Rowland,shelley.rowland@gmail.com,Australia,2025-02-13,Standard,331.16
3732,Whitney Keith,whitney.keith@protonmail.com,Spain,2023-10-05,Basic,20.53
3733,Natalie Jones,natalie.jones@protonmail.com,UK,2024-07-03,Standard,357.0
3734,Drew Glass,drew.glass@icloud.com,UK,2024-05-26,Standard,377.4
3735,Laura Lee,laura.lee@hotmail.com,India,2022-05-06,Premium,3303.58
3736,Nicholas Brooks,nicholas.brooks@outlook.com,Germany,2025-10-07,Basic,96.02
3737,Carol Rowland,carol.rowland@icloud.com,USA,2024-08-21,Standard,240.63
3738,John Williams,john.williams@protonmail.com,USA,2021-09-21,Standard,421.79
3739,Christina Lopez,christina.lopez@gmail.com,UK,2024-05-31,Basic,42.63
3740,Amanda Clarke,amanda.clarke@outlook.com,Germany,2025-02-25,Standard,370.76
3741,Mark Brown,mark.brown@protonmail.com,USA,2025-06-12,Standard,153.16
3742,Laura Salas,laura.salas@outlook.com,USA,2024-07-24,Basic,99.09
3743,Melissa Schmitt,melissa.schmitt@yahoo.com,USA,2022-01-19,Premium,2819.83
3744,Norma Clark,norma.clark@gmail.com,USA,2023-12-08,Basic,96.32
3745,Christopher Ruiz,christopher.ruiz@outlook.com,UK,2021-05-05,Basic,25.44
3746,Elizabeth Brown,elizabeth.brown@icloud.com,India,2025-06-03,Basic,38.67
3747,William Potter,william.potter@outlook.com,UK,2024-06-25,Basic,63.64
3748,Deanna Hicks,deanna.hicks@outlook.com,USA,2025-10-08,Standard,353.66
3749,Victor Marshall,victor.marshall@gmail.com,USA,2020-11-22,Standard,394.28
3750,Marc Brooks,marc.brooks@hotmail.com,France,2025-07-09,Premium,1036.85
3751,Heather Baldwin,heather.baldwin@protonmail.com,UK,2025-10-21,Basic,74.27
3752,Troy Adams,troy.adams@yahoo.com,USA,2024-05-03,Premium,1543.81
3753,Richard Morse,richard.morse@hotmail.com,USA,2025-08-29,Basic,17.58
3754,Brandy Johnson,brandy.johnson@gmail.com,France,2023-10-15,Standard,190.75
3755,Jeffrey Harris,jeffrey.harris@protonmail.com,Canada,2022-08-05,Premium,1866.03
3756,Michelle Foster,michelle.foster@outlook.com,Brazil,2021-06-24,Premium,4102.83
3757,Kevin Oneal,kevin.oneal@gmail.com,Germany,2020-04-15,Basic,12.98
3758,Ashley Walls,ashley.walls@hotmail.com,UK,2020-01-29,Premium,835.14
3759,Neil Pierce,neil.pierce@icloud.com,UK,2024-06-17,Premium,874.76
3760,Dennis Miller,dennis.miller@protonmail.com,USA,2023-05-31,Premium,3640.35
3761,Sean Bell,sean.bell@hotmail.com,India,2020-11-18,Standard,188.57
3762,Brandy Marshall,brandy.marshall@yahoo.com,Germany,2021-11-16,Basic,98.03
3763,Christine Simmons,christine.simmons@protonmail.com,USA,2024-08-17,Standard,394.89
3764,Taylor Ortiz,taylor.ortiz@protonmail.com,Mexico,2025-06-26,Standard,129.94
3765,Linda Stewart,linda.stewart@protonmail.com,USA,2023-12-17,Premium,4753.7
3766,Patrick White,patrick.white@outlook.com,USA,2024-04-28,Premium,1380.83
3767,Jesus Brewer,jesus.brewer@protonmail.com,USA,2025-01-24,Standard,299.13
3768,Michael Miller,michael.miller@outlook.com,Brazil,2024-12-04,Premium,684.24
3769,Megan Hunt,megan.hunt@yahoo.com,Spain,2024-08-11,Premium,4260.03
3770,Dawn Hartman,dawn.hartman@gmail.com,UK,2024-05-18,Premium,3253.9
3771,Sara Garcia,sara.garcia@hotmail.com,Netherlands,2025-06-11,Standard,126.16
3772,Charles Johnson,charles.johnson@gmail.com,Brazil,2022-07-04,Basic,18.02
3773,James Gonzalez,james.gonzalez@gmail.com,France,2025-09-08,Premium,1895.44
3774,Mark Turner,mark.turner@gmail.com,Japan,2023-10-20,Standard,334.81
3775,Lisa Sutton,lisa.sutton@yahoo.com,USA,2021-12-08,Standard,395.1
3776,Joshua Thornton,joshua.thornton@icloud.com,Canada,2024-09-22,Basic,37.42
3777,Whitney Murillo,whitney.murillo@outlook.com,Germany,2025-06-11,Premium,3855.06
3778,Karen Singh,karen.singh@outlook.com,India,2025-09-21,Basic,72.31
3779,Rita Smith,rita.smith@outlook.com,USA,2025-01-03,Basic,11.56
3780,Kevin Short,kevin.short@hotmail.com,India,2024-01-25,Basic,12.84
3781,Krista Powell,krista.powell@icloud.com,Netherlands,2024-10-09,Basic,59.22
3782,Richard Carpenter,richard.carpenter@hotmail.com,USA,2025-07-04,Premium,885.2
3783,Diana Kennedy,diana.kennedy@protonmail.com,UAE,2022-10-10,Basic,18.36
3784,William Juarez,william.juarez@yahoo.com,USA,2020-03-22,Basic,83.7
3785,Edward Sanders,edward.sanders@icloud.com,USA,2023-09-10,Standard,137.05
3786,Jeremy Curry,jeremy.curry@icloud.com,USA,2024-01-28,Premium,2329.24
3787,Thomas Black,thomas.black@icloud.com,Australia,2024-08-08,Basic,32.21
3788,Kristi Todd,kristi.todd@protonmail.com,Germany,2025-08-02,Premium,2117.31
3789,Jennifer Murray,jennifer.murray@icloud.com,USA,2020-08-03,Basic,75.3
3790,Latoya Edwards,latoya.edwards@yahoo.com,Germany,2025-11-04,Standard,178.34
3791,Jacob Carrillo,jacob.carrillo@gmail.com,USA,2024-02-01,Basic,20.65
3792,Heidi Clark,heidi.clark@hotmail.com,UK,2025-03-02,Premium,1959.6
3793,Shannon Hansen,shannon.hansen@hotmail.com,Japan,2023-01-11,Basic,84.93
3794,Nicholas Ray,nicholas.ray@yahoo.com,India,2024-11-06,Standard,385.26
3795,David Harding,david.harding@yahoo.com,Canada,2024-05-10,Basic,73.61
3796,Alec Cochran,alec.cochran@hotmail.com,Germany,2024-07-29,Premium,3480.55
3797,Mary Morgan,mary.morgan@gmail.com,UAE,2021-02-02,Premium,4436.23
3798,Robert Jennings,robert.jennings@hotmail.com,USA,2020-05-07,Premium,1711.51
3799,Richard Osborne,richard.osborne@icloud.com,USA,2021-05-23,Premium,1612.84
3800,Amanda Nguyen,amanda.nguyen@gmail.com,USA,2023-12-29,Basic,68.16
3801,Andrew Floyd,andrew.floyd@hotmail.com,Germany,2024-11-24,Premium,4779.62
3802,Sandra Hernandez,sandra.hernandez@outlook.com,Germany,2024-07-31,Standard,420.21
3803,Stephanie Rivera,stephanie.rivera@outlook.com,India,2024-11-27,Basic,23.5
3804,Crystal Morrison,crystal.morrison@yahoo.com,USA,2020-04-08,Standard,260.65
3805,Cathy Camacho,cathy.camacho@protonmail.com,USA,2021-08-16,Standard,407.32
3806,Tina Harris,tina.harris@outlook.com,Germany,2024-05-06,Standard,437.08
3807,Peter Ferguson,peter.ferguson@yahoo.com,UAE,2025-08-27,Standard,248.81
3808,Jacob Rodriguez,jacob.rodriguez@gmail.com,USA,2024-09-06,Basic,86.68
3809,Ashley Hayes,ashley.hayes@outlook.com,USA,2024-05-02,Standard,254.79
3810,Patricia Davis,patricia.davis@icloud.com,USA,2025-09-10,Standard,271.93
3811,Damon Tran,damon.tran@gmail.com,UK,2025-03-06,Standard,441.67
3812,Antonio Barker,antonio.barker@yahoo.com,USA,2024-03-14,Basic,32.17
3813,Tracy Lopez,tracy.lopez@protonmail.com,USA,2022-11-13,Standard,356.78
3814,Chad Mccarty,chad.mccarty@outlook.com,India,2020-06-06,Basic,44.36
3815,Justin Hall,justin.hall@outlook.com,USA,2024-03-08,Standard,127.17
3816,Donna Jones,donna.jones@protonmail.com,UK,2023-11-28,Standard,117.89
3817,Brian Stone,brian.stone@outlook.com,USA,2021-01-23,Basic,77.69
3818,George Heath,george.heath@yahoo.com,Spain,2022-11-23,Premium,3693.71
3819,Robert Moore,robert.moore@hotmail.com,UK,2025-03-30,Standard,208.26
3820,Daniel Herrera,daniel.herrera@hotmail.com,USA,2020-12-17,Premium,3650.37
3821,Timothy Jones,timothy.jones@hotmail.com,USA,2025-10-30,Basic,50.17
3822,Stephanie Glenn,stephanie.glenn@gmail.com,Germany,2025-10-11,Standard,492.31
3823,David Harris,david.harris1@icloud.com,Brazil,2024-05-10,Standard,228.21
3824,Ryan Mckinney,ryan.mckinney@protonmail.com,USA,2020-01-16,Premium,3816.6
3825,Thomas Munoz,thomas.munoz@protonmail.com,USA,2025-03-29,Basic,32.85
3826,Sheila Matthews,sheila.matthews@icloud.com,USA,2024-08-19,Standard,395.53
3827,Wayne Cohen,wayne.cohen@gmail.com,Germany,2022-05-29,Standard,477.82
3828,Joshua Smith,joshua.smith1@hotmail.com,Spain,2024-02-29,Premium,2873.07
3829,Douglas Brown,douglas.brown@yahoo.com,UK,2021-08-14,Standard,346.95
3830,Reginald Aguirre,reginald.aguirre@hotmail.com,USA,2024-08-28,Standard,353.55
3831,Alicia Kent,alicia.kent@gmail.com,Canada,2025-10-16,Basic,83.27
3832,Natasha Stevens,natasha.stevens@yahoo.com,Canada,2024-12-23,Standard,475.88
3833,Barbara Mclaughlin,barbara.mclaughlin@yahoo.com,USA,2025-07-09,Premium,3676.76
3834,Keith Ibarra,keith.ibarra@yahoo.com,USA,2023-05-27,Standard,360.26
3835,Stephen Graves,stephen.graves@outlook.com,USA,2025-01-03,Standard,247.04
3836,Jennifer Evans,jennifer.evans@hotmail.com,Australia,2024-11-30,Premium,3537.52
3837,Chloe Patrick,chloe.patrick@protonmail.com,India,2021-01-07,Standard,309.07
3838,Gregory Wright,gregory.wright@outlook.com,India,2025-05-14,Standard,423.51
3839,Rachel Quinn,rachel.quinn@outlook.com,France,2025-02-11,Basic,64.37
3840,Stephen Bartlett,stephen.bartlett@outlook.com,USA,2023-09-17,Standard,338.18
3841,Isaac Carroll,isaac.carroll@gmail.com,USA,2025-04-11,Standard,417.28
3842,Phillip Bautista,phillip.bautista@icloud.com,USA,2022-10-17,Basic,42.48
3843,John Harrell,john.harrell@hotmail.com,Brazil,2020-04-07,Standard,365.56
3844,Joshua Fuller,joshua.fuller@protonmail.com,Germany,2022-05-15,Premium,2054.07
3845,Kelly Hendricks,kelly.hendricks@icloud.com,USA,2023-06-14,Standard,283.24
3846,Helen Bowen,helen.bowen@yahoo.com,USA,2020-10-30,Basic,95.75
3847,Jeff Snyder,jeff.snyder@gmail.com,India,2021-09-18,Standard,135.29
3848,Victoria Tran,victoria.tran@protonmail.com,Canada,2025-05-04,Standard,175.85
3849,Wanda Jones,wanda.jones@gmail.com,India,2023-08-31,Standard,339.26
3850,Daniel Miranda,daniel.miranda@gmail.com,USA,2025-12-25,Standard,279.08
3851,Mark Hayes,mark.hayes@hotmail.com,Spain,2022-02-08,Premium,3192.77
3852,Johnny Hunter,johnny.hunter@hotmail.com,Canada,2021-05-14,Standard,171.19
3853,Steven Jones,steven.jones@icloud.com,India,2025-05-16,Basic,31.44
3854,Heather Brady,heather.brady@icloud.com,India,2023-03-13,Basic,53.53
3855,Patrick Reese,patrick.reese@gmail.com,Spain,2023-10-23,Premium,4485.49
3856,Melissa Sanders,melissa.sanders@hotmail.com,Italy,2025-04-06,Standard,279.36
3857,Alex Wilson,alex.wilson@outlook.com,Germany,2022-11-04,Premium,4949.05
3858,Sally Murphy,sally.murphy@protonmail.com,UK,2023-11-07,Standard,297.61
3859,Kaitlyn Washington,kaitlyn.washington@protonmail.com,USA,2024-11-14,Standard,382.65
3860,Carlos Kelley,carlos.kelley@hotmail.com,France,2021-02-11,Standard,133.66
3861,John Dodson,john.dodson@yahoo.com,India,2024-12-08,Basic,93.2
3862,Donald Hoover,donald.hoover@outlook.com,USA,2023-06-17,Standard,364.73
3863,Mckenzie Jackson,mckenzie.jackson@hotmail.com,USA,2021-04-22,Standard,380.56
3864,Andrew Garcia,andrew.garcia@icloud.com,Mexico,2023-06-12,Basic,41.36
3865,Kelly Nichols,kelly.nichols@protonmail.com,Mexico,2023-06-10,Standard,282.22
3866,Peter Jones,peter.jones@protonmail.com,Netherlands,2024-12-11,Basic,89.65
3867,Kathryn Byrd,kathryn.byrd@yahoo.com,UK,2025-03-12,Basic,35.06
3868,Eric Howard,eric.howard@yahoo.com,Australia,2024-04-19,Standard,104.63
3869,Jay Johnson,jay.johnson@outlook.com,France,2023-07-13,Standard,293.08
3870,Emily Robinson,emily.robinson@yahoo.com,USA,2025-02-15,Standard,496.1
3871,Heather Copeland,heather.copeland@outlook.com,USA,2025-10-05,Basic,26.48
3872,Lisa Davidson,lisa.davidson@hotmail.com,UAE,2020-09-15,Premium,2032.85
3873,Jennifer Prince,jennifer.prince@protonmail.com,USA,2021-08-19,Basic,52.34
3874,Peter Parker,peter.parker@yahoo.com,Germany,2022-02-20,Standard,284.03
3875,Brian Smith,brian.smith@gmail.com,India,2021-12-18,Basic,77.33
3876,Kelsey Wang,kelsey.wang@icloud.com,India,2023-08-17,Standard,437.41
3877,Sarah Brooks,sarah.brooks@hotmail.com,USA,2023-10-30,Basic,89.94
3878,John Davis,john.davis@icloud.com,India,2025-02-09,Premium,1082.53
3879,Robert Hays,robert.hays@yahoo.com,USA,2023-10-19,Standard,498.14
3880,Matthew Lee,matthew.lee@gmail.com,France,2022-07-25,Basic,96.78
3881,Elizabeth Walker,elizabeth.walker@gmail.com,USA,2025-08-30,Standard,134.13
3882,Nicole Robles,nicole.robles@protonmail.com,India,2024-12-05,Standard,435.68
3883,Maria Jackson,maria.jackson@protonmail.com,Australia,2020-07-15,Basic,76.95
3884,Gary Perry,gary.perry@hotmail.com,USA,2021-05-09,Basic,65.42
3885,Daniel Murphy,daniel.murphy@yahoo.com,USA,2024-05-31,Premium,2872.1
3886,Anna Lopez,anna.lopez@yahoo.com,Australia,2023-08-21,Standard,121.55
3887,Jamie Weaver,jamie.weaver@gmail.com,USA,2024-02-05,Standard,132.96
3888,Sheila Martinez,sheila.martinez@hotmail.com,USA,2025-08-06,Standard,265.16
3889,Jason Kelly,jason.kelly@yahoo.com,UK,2024-07-02,Standard,300.11
3890,Glenn Morales,glenn.morales@outlook.com,Italy,2025-01-15,Premium,4082.26
3891,Leslie Price,leslie.price@protonmail.com,Germany,2024-09-13,Standard,375.16
3892,Stephen Jones,stephen.jones@protonmail.com,USA,2024-01-13,Standard,360.69
3893,Lisa Santos,lisa.santos@protonmail.com,Singapore,2021-07-02,Basic,78.45
3894,Miguel Jones,miguel.jones@icloud.com,UK,2023-02-05,Standard,398.68
3895,Jeffery Turner,jeffery.turner@gmail.com,UK,2023-12-18,Standard,440.39
3896,Carol Bird,carol.bird@hotmail.com,UK,2024-11-23,Basic,16.82
3897,Cristian Herrera,cristian.herrera@protonmail.com,USA,2023-07-13,Basic,32.2
3898,Veronica Jefferson,veronica.jefferson@outlook.com,USA,2024-07-18,Standard,382.63
3899,George Haley,george.haley@icloud.com,India,2023-09-30,Basic,99.24
3900,Carol Jarvis,carol.jarvis@protonmail.com,USA,2024-12-16,Standard,198.86
3901,Heather Gregory,heather.gregory@protonmail.com,India,2023-12-01,Standard,453.61
3902,Teresa Benson,teresa.benson@hotmail.com,USA,2025-09-22,Standard,203.06
3903,Martin Reid,martin.reid@outlook.com,USA,2023-03-10,Premium,2460.23
3904,Nicole Stewart,nicole.stewart@protonmail.com,USA,2024-01-15,Standard,213.57
3905,Melissa Olson,melissa.olson@yahoo.com,Germany,2024-01-27,Standard,309.8
3906,Matthew Franklin,matthew.franklin@outlook.com,India,2023-08-14,Basic,20.02
3907,Brenda Reyes,brenda.reyes@yahoo.com,USA,2025-11-15,Standard,138.72
3908,Danielle Hall,danielle.hall@yahoo.com,USA,2025-05-25,Premium,2754.42
3909,Briana Mcneil,briana.mcneil@yahoo.com,USA,2024-08-01,Standard,227.64
3910,Jesse Jensen,jesse.jensen@hotmail.com,France,2025-09-18,Premium,2036.12
3911,Penny Parker,penny.parker@hotmail.com,USA,2023-04-03,Basic,50.79
3912,Joann Todd,joann.todd@protonmail.com,Australia,2025-02-11,Basic,96.95
3913,Christine Brown,christine.brown@protonmail.com,USA,2025-07-20,Basic,22.96
3914,Nicholas Phillips,nicholas.phillips@yahoo.com,USA,2024-10-18,Basic,74.83
3915,Edward Harris,edward.harris@protonmail.com,India,2025-06-07,Standard,493.48
3916,Benjamin Mclean,benjamin.mclean@icloud.com,UK,2024-07-02,Premium,1457.38
3917,Carly Bautista,carly.bautista@gmail.com,USA,2024-10-16,Standard,471.5
3918,Jocelyn Murphy,jocelyn.murphy@icloud.com,Netherlands,2024-04-06,Basic,10.6
3919,Joshua Schneider,joshua.schneider@gmail.com,USA,2023-08-11,Standard,393.11
3920,Kathleen Meyer,kathleen.meyer@hotmail.com,USA,2024-04-05,Premium,4836.45
3921,Tiffany Wong,tiffany.wong@outlook.com,USA,2023-03-03,Standard,420.46
3922,Keith Johnson,keith.johnson@protonmail.com,UK,2024-11-16,Standard,168.35
3923,Melanie Rivera,melanie.rivera@gmail.com,Australia,2024-07-02,Standard,111.22
3924,John Ryan,john.ryan@protonmail.com,USA,2023-08-23,Premium,2959.16
3925,Rebecca Ortega,rebecca.ortega@protonmail.com,Italy,2021-10-12,Standard,300.51
3926,John Mcdaniel,john.mcdaniel@protonmail.com,India,2022-05-10,Standard,154.67
3927,Jennifer Franklin,jennifer.franklin@gmail.com,Netherlands,2024-01-19,Basic,57.59
3928,Patrick Morris,patrick.morris@protonmail.com,France,2023-12-02,Basic,78.94
3929,Scott Smith,scott.smith1@yahoo.com,Italy,2020-05-23,Premium,4926.77
3930,Molly Jones,molly.jones@icloud.com,Germany,2023-03-09,Basic,99.79
3931,James Walters,james.walters@yahoo.com,USA,2023-03-25,Basic,25.14
3932,Donald Harris,donald.harris@hotmail.com,UK,2022-11-10,Standard,287.54
3933,Christopher Watkins,christopher.watkins@protonmail.com,India,2022-11-22,Basic,77.32
3934,Marie Frederick,marie.frederick@gmail.com,UK,2024-02-27,Basic,20.97
3935,Joel Miller,joel.miller@yahoo.com,India,2024-06-12,Standard,324.62
3936,Jessica Collins,jessica.collins@protonmail.com,USA,2025-06-04,Standard,184.8
3937,Jennifer Sanchez,jennifer.sanchez@protonmail.com,France,2021-03-21,Standard,303.96
3938,Gregory Wright,gregory.wright@icloud.com,USA,2022-01-06,Standard,275.58
3939,Justin West,justin.west@icloud.com,Netherlands,2020-01-13,Basic,88.58
3940,Cynthia Nelson,cynthia.nelson@icloud.com,USA,2024-08-14,Standard,164.08
3941,Kimberly Miller,kimberly.miller@protonmail.com,USA,2020-10-08,Standard,297.05
3942,Teresa Sanders,teresa.sanders@gmail.com,France,2022-07-06,Basic,33.05
3943,Gary Alexander,gary.alexander@protonmail.com,France,2024-05-24,Basic,89.03
3944,William Moss,william.moss@gmail.com,Canada,2023-02-23,Standard,349.48
3945,Kathleen Weiss,kathleen.weiss@gmail.com,Netherlands,2024-03-20,Basic,50.03
3946,Laura Smith,laura.smith@hotmail.com,USA,2024-07-14,Standard,148.72
3947,Patrick Dickerson,patrick.dickerson@hotmail.com,France,2025-01-29,Standard,293.62
3948,Katherine Dorsey,katherine.dorsey@protonmail.com,USA,2023-05-30,Standard,468.4
3949,Brooke Hernandez,brooke.hernandez@gmail.com,UK,2022-09-12,Basic,90.71
3950,Jessica Scott,jessica.scott@icloud.com,UK,2024-12-05,Standard,107.63
3951,Steven Chavez,steven.chavez@protonmail.com,USA,2020-11-18,Standard,483.39
3952,Nicholas Obrien,nicholas.obrien@hotmail.com,Germany,2020-06-14,Standard,354.4
3953,Charles Taylor,charles.taylor@icloud.com,Canada,2023-05-07,Basic,18.88
3954,Taylor Moore,taylor.moore@protonmail.com,USA,2022-04-06,Premium,862.45
3955,Jake Smith,jake.smith@outlook.com,Italy,2020-06-27,Standard,361.43
3956,Vincent Swanson,vincent.swanson@icloud.com,UK,2024-01-02,Basic,30.6
3957,Travis Frost,travis.frost@outlook.com,USA,2025-01-27,Basic,96.92
3958,Shelby Waller,shelby.waller@outlook.com,India,2021-10-21,Standard,112.4
3959,Nathan Burns,nathan.burns@protonmail.com,USA,2024-10-24,Standard,430.9
3960,Danielle Chapman,danielle.chapman@icloud.com,USA,2025-10-21,Standard,451.37
3961,Riley Williams,riley.williams@protonmail.com,India,2022-06-20,Standard,195.77
3962,Sandra Cruz,sandra.cruz@yahoo.com,USA,2024-11-14,Standard,433.86
3963,Ariel Lee,ariel.lee@outlook.com,USA,2021-04-11,Basic,62.26
3964,Samuel Scott,samuel.scott@gmail.com,Canada,2025-07-23,Premium,2693.88
3965,Robin Bowen,robin.bowen@yahoo.com,USA,2020-08-10,Basic,17.56
3966,William Burns,william.burns@gmail.com,France,2022-06-15,Premium,1759.42
3967,Haley Horton,haley.horton@icloud.com,Australia,2025-01-01,Basic,56.73
3968,Debra House,debra.house@hotmail.com,USA,2024-05-13,Premium,2440.57
3969,Jill Allen,jill.allen@hotmail.com,UK,2022-02-10,Premium,2775.29
3970,Austin Li,austin.li@outlook.com,USA,2025-04-09,Premium,502.62
3971,Crystal Rhodes,crystal.rhodes@outlook.com,Germany,2025-10-12,Standard,351.14
3972,Heidi Brewer,heidi.brewer@outlook.com,USA,2023-07-12,Standard,348.82
3973,Jose Gibson,jose.gibson@yahoo.com,Netherlands,2021-04-29,Standard,149.21
3974,Erin King,erin.king@yahoo.com,USA,2022-05-11,Basic,81.0
3975,Carrie Lynn,carrie.lynn@outlook.com,India,2025-08-11,Standard,416.5
3976,Mckenzie Smith,mckenzie.smith@outlook.com,USA,2021-11-26,Standard,199.86
3977,Kelli Newman,kelli.newman@outlook.com,USA,2022-11-30,Standard,365.04
3978,Sabrina Sanders,sabrina.sanders@hotmail.com,UK,2021-07-24,Basic,55.29
3979,Brenda Santana,brenda.santana@outlook.com,Germany,2021-06-21,Premium,832.54
3980,April Lopez,april.lopez@gmail.com,UAE,2024-01-20,Standard,232.39
3981,Rodney Gallegos,rodney.gallegos@gmail.com,USA,2023-03-16,Premium,889.75
3982,Johnny Turner,johnny.turner@icloud.com,USA,2020-01-09,Standard,491.36
3983,Tammy Barrett,tammy.barrett@protonmail.com,USA,2021-03-19,Standard,493.88
3984,Patrick Parker,patrick.parker@hotmail.com,USA,2020-07-18,Premium,1363.25
3985,Robert Walter,robert.walter@outlook.com,Mexico,2020-02-23,Premium,1403.62
3986,Jessica Davis,jessica.davis1@gmail.com,Spain,2021-05-13,Basic,28.45
3987,Daisy Frank,daisy.frank@protonmail.com,Brazil,2024-10-30,Premium,2151.64
3988,Maxwell Thomas,maxwell.thomas@outlook.com,USA,2020-07-11,Standard,300.49
3989,Kaitlyn Conrad,kaitlyn.conrad@outlook.com,UK,2022-08-29,Standard,498.96
3990,Raymond Parker,raymond.parker@icloud.com,Canada,2024-06-11,Basic,39.04
3991,Valerie Velasquez,valerie.velasquez@hotmail.com,USA,2024-12-22,Basic,99.79
3992,Aaron Jones,aaron.jones@hotmail.com,India,2024-10-12,Premium,4089.51
3993,Heather Warren,heather.warren@yahoo.com,USA,2025-05-29,Basic,58.5
3994,Diamond Quinn,diamond.quinn@hotmail.com,USA,2022-05-09,Standard,347.54
3995,George Brooks,george.brooks@outlook.com,Japan,2020-10-29,Standard,249.63
3996,Jane Gonzalez,jane.gonzalez@gmail.com,USA,2020-07-14,Standard,409.99
3997,Hunter Fry,hunter.fry@outlook.com,Singapore,2021-03-18,Basic,64.93
3998,Shannon Olsen,shannon.olsen@yahoo.com,USA,2025-10-11,Standard,120.86
3999,Jacob Brown,jacob.brown@icloud.com,USA,2024-04-02,Standard,110.1
4000,Ian Malone,ian.malone@outlook.com,USA,2025-01-03,Premium,2649.28
4001,Jordan Barrera,jordan.barrera@hotmail.com,USA,2025-09-13,Standard,253.22
4002,Riley Sims,riley.sims@hotmail.com,UK,2025-08-15,Basic,27.23
4003,Claudia Oneill,claudia.oneill@hotmail.com,USA,2023-11-02,Standard,245.04
4004,Gabriel Carter,gabriel.carter@outlook.com,Germany,2025-09-16,Basic,21.69
4005,Nicholas Hill,nicholas.hill@yahoo.com,Brazil,2023-10-26,Premium,2831.27
4006,Matthew Richards,matthew.richards@outlook.com,USA,2021-12-21,Basic,46.48
4007,Timothy Chambers,timothy.chambers@outlook.com,USA,2024-11-15,Basic,47.09
4008,Craig Brown,craig.brown@protonmail.com,UK,2025-02-09,Standard,375.05
4009,Karen Smith,karen.smith@outlook.com,Australia,2025-03-08,Premium,4099.34
4010,Brandi Huerta,brandi.huerta@protonmail.com,Germany,2023-05-03,Standard,402.57
4011,Collin Boyd,collin.boyd@yahoo.com,USA,2025-06-25,Premium,2916.52
4012,Adrian Morrison,adrian.morrison@yahoo.com,UK,2023-09-26,Standard,366.02
4013,Valerie Juarez,valerie.juarez@hotmail.com,UK,2024-08-31,Basic,69.31
4014,Sarah Kennedy,sarah.kennedy@hotmail.com,USA,2023-08-02,Standard,422.87
4015,Matthew Jordan,matthew.jordan@outlook.com,USA,2022-04-20,Premium,1317.04
4016,Nathan Wu,nathan.wu@hotmail.com,UAE,2022-09-26,Standard,315.93
4017,Yvonne Montoya,yvonne.montoya@outlook.com,USA,2025-11-25,Standard,486.03
4018,Shelley Ortega,shelley.ortega@protonmail.com,USA,2025-11-13,Standard,319.02
4019,Nicholas Brown,nicholas.brown@yahoo.com,USA,2022-10-03,Standard,233.73
4020,Michael Rivera,michael.rivera@protonmail.com,Germany,2021-01-06,Basic,80.24
4021,Craig Bryant,craig.bryant@icloud.com,UK,2020-10-13,Premium,536.17
4022,Holly Hardy,holly.hardy@yahoo.com,USA,2024-11-12,Standard,452.58
4023,Pamela Taylor,pamela.taylor@gmail.com,UK,2024-04-27,Standard,106.9
4024,Carolyn Melton,carolyn.melton@outlook.com,India,2024-11-16,Premium,817.33
4025,Joshua Lyons,joshua.lyons@hotmail.com,USA,2020-03-25,Standard,317.03
4026,Lisa Richardson,lisa.richardson@hotmail.com,Spain,2021-10-26,Standard,412.73
4027,Christine Hopkins,christine.hopkins@icloud.com,USA,2025-09-06,Standard,431.47
4028,Thomas Gutierrez,thomas.gutierrez@gmail.com,USA,2024-09-07,Basic,67.39
4029,Jacob Andersen,jacob.andersen@outlook.com,Netherlands,2022-03-03,Standard,275.97
4030,Susan Hess,susan.hess@outlook.com,France,2022-06-14,Standard,107.4
4031,Allen Ward,allen.ward@outlook.com,USA,2022-05-29,Basic,30.44
4032,Brandon Aguirre,brandon.aguirre@yahoo.com,Japan,2020-02-02,Basic,59.17
4033,Mark Wallace,mark.wallace@icloud.com,UK,2020-03-27,Premium,1356.7
4034,Catherine Ross,catherine.ross@protonmail.com,USA,2024-10-14,Basic,82.91
4035,Cheyenne Miller,cheyenne.miller@protonmail.com,Japan,2022-08-30,Basic,27.07
4036,Ronnie Huynh,ronnie.huynh@yahoo.com,Canada,2023-08-19,Premium,3709.95
4037,Sarah Hatfield,sarah.hatfield@protonmail.com,USA,2024-03-26,Standard,153.18
4038,Mercedes Stein,mercedes.stein@outlook.com,Germany,2023-06-08,Premium,2409.38
4039,Jessica Carter,jessica.carter@icloud.com,USA,2023-02-25,Standard,176.69
4040,James Thomas,james.thomas@hotmail.com,USA,2025-07-02,Basic,57.47
4041,Abigail Armstrong,abigail.armstrong@protonmail.com,Singapore,2022-07-16,Standard,492.81
4042,Melissa Wagner,melissa.wagner@yahoo.com,Germany,2025-01-15,Standard,414.52
4043,David Robles,david.robles@gmail.com,Germany,2022-05-09,Standard,401.16
4044,Kevin Nunez,kevin.nunez@protonmail.com,Germany,2022-09-26,Standard,347.94
4045,Ana Baxter,ana.baxter@yahoo.com,Germany,2020-08-19,Basic,69.72
4046,Gary Griffin,gary.griffin@icloud.com,USA,2024-09-30,Standard,152.65
4047,Darrell Bates,darrell.bates@protonmail.com,Singapore,2023-05-12,Standard,436.8
4048,John Lewis,john.lewis@icloud.com,Germany,2024-07-19,Standard,154.77
4049,Karen Keller,karen.keller@protonmail.com,India,2021-12-18,Basic,98.91
4050,Christopher Graham,christopher.graham@yahoo.com,UK,2024-07-06,Basic,57.99
4051,Jennifer Martin,jennifer.martin@protonmail.com,USA,2020-04-16,Standard,306.46
4052,Sarah Orr,sarah.orr@outlook.com,USA,2022-12-20,Standard,201.83
4053,Katie Robinson,katie.robinson@yahoo.com,USA,2024-04-21,Standard,459.0
4054,Jonathan Alvarez,jonathan.alvarez@hotmail.com,USA,2020-05-20,Standard,489.01
4055,Priscilla Martinez,priscilla.martinez@gmail.com,India,2023-05-08,Standard,101.85
4056,Derek Nichols,derek.nichols@yahoo.com,Brazil,2024-12-15,Standard,194.8
4057,Jessica Davis,jessica.davis2@gmail.com,USA,2024-09-11,Basic,14.26
4058,Heather Wiggins,heather.wiggins@outlook.com,USA,2024-09-30,Standard,188.03
4059,Sarah Miranda,sarah.miranda@hotmail.com,India,2021-10-20,Premium,4849.7
4060,Caroline Schneider,caroline.schneider@gmail.com,USA,2020-01-17,Basic,43.12
4061,Nicholas Love,nicholas.love@icloud.com,Italy,2023-09-19,Premium,4983.96
4062,Jill James,jill.james1@protonmail.com,USA,2022-05-13,Basic,99.55
4063,Dawn Hoffman,dawn.hoffman@protonmail.com,USA,2022-11-25,Standard,387.72
4064,Melissa Stokes,melissa.stokes@protonmail.com,USA,2023-05-20,Basic,58.32
4065,Jeffrey Wilson,jeffrey.wilson@outlook.com,Italy,2023-09-20,Standard,374.29
4066,Christopher Davis,christopher.davis1@yahoo.com,USA,2024-04-15,Basic,60.15
4067,Joy Pineda,joy.pineda@outlook.com,India,2020-11-01,Basic,52.76
4068,Julie Wilson,julie.wilson@yahoo.com,USA,2022-07-26,Standard,231.01
4069,Michael Castaneda,michael.castaneda@icloud.com,USA,2022-02-28,Standard,126.39
4070,Stephanie Ray,stephanie.ray@yahoo.com,Brazil,2022-05-29,Premium,3342.96
4071,Aaron Brown,aaron.brown@protonmail.com,USA,2025-10-05,Standard,133.62
4072,Amanda Boone,amanda.boone@protonmail.com,USA,2022-04-27,Basic,82.71
4073,Tina Flores,tina.flores@icloud.com,UK,2021-02-10,Standard,497.31
4074,Michael Shelton,michael.shelton@icloud.com,Japan,2025-08-19,Basic,94.6
4075,Laura Meyer,laura.meyer@icloud.com,USA,2023-09-24,Standard,485.55
4076,Carolyn Walker,carolyn.walker@protonmail.com,USA,2022-08-31,Standard,207.23
4077,Randall Medina,randall.medina@gmail.com,UAE,2024-10-19,Basic,30.35
4078,Steven Thomas,steven.thomas@icloud.com,India,2024-07-25,Premium,2178.68
4079,Sherri Hood,sherri.hood@outlook.com,Japan,2025-10-19,Standard,403.8
4080,Vincent Bryant,vincent.bryant@gmail.com,Canada,2025-11-12,Standard,198.78
4081,Carolyn Thomas,carolyn.thomas@outlook.com,India,2024-12-31,Premium,4124.17
4082,Elizabeth Solis,elizabeth.solis@yahoo.com,USA,2021-05-22,Standard,151.07
4083,Jacqueline George,jacqueline.george@gmail.com,USA,2023-05-08,Standard,142.47
4084,Kyle Mooney,kyle.mooney@icloud.com,India,2021-08-13,Premium,1008.15
4085,David Shea,david.shea@hotmail.com,India,2024-06-06,Basic,70.08
4086,Jasmine Mendoza,jasmine.mendoza@protonmail.com,Netherlands,2025-06-15,Standard,452.66
4087,Maria Simpson,maria.simpson@outlook.com,Germany,2020-03-29,Premium,2857.51
4088,Janet Bennett,janet.bennett@protonmail.com,USA,2025-11-30,Standard,241.28
4089,Tina Cook,tina.cook@icloud.com,UK,2024-06-22,Premium,4697.8
4090,Maria Clark,maria.clark@icloud.com,Germany,2021-07-02,Basic,87.78
4091,Jessica Cochran,jessica.cochran@yahoo.com,UK,2025-12-10,Standard,202.44
4092,Isabella Williams,isabella.williams@yahoo.com,Australia,2024-10-14,Premium,3441.9
4093,Michelle White,michelle.white@outlook.com,Germany,2023-12-27,Standard,334.23
4094,Tony Myers,tony.myers@outlook.com,USA,2023-10-17,Standard,238.28
4095,Tracey Hopkins,tracey.hopkins@protonmail.com,Germany,2021-08-10,Standard,411.43
4096,Melinda Ritter,melinda.ritter@hotmail.com,Germany,2021-12-19,Premium,1633.28
4097,Amy Rogers,amy.rogers@yahoo.com,Spain,2024-01-29,Premium,4893.37
4098,Erica Mooney,erica.mooney@hotmail.com,UK,2025-08-08,Standard,106.9
4099,Katherine Myers,katherine.myers@outlook.com,Germany,2024-07-09,Standard,474.42
4100,Allison Campbell,allison.campbell@yahoo.com,UK,2025-12-26,Standard,230.28
4101,Heather Lee,heather.lee@yahoo.com,UK,2025-10-13,Standard,283.48
4102,Melissa Long,melissa.long@gmail.com,USA,2020-05-25,Standard,403.28
4103,David Goodwin,david.goodwin@icloud.com,Mexico,2024-04-08,Standard,270.55
4104,Betty Trujillo,betty.trujillo@protonmail.com,Spain,2024-03-31,Premium,1141.87
4105,Melissa Mckinney,melissa.mckinney@outlook.com,Germany,2023-05-19,Standard,483.69
4106,Stephen Martin,stephen.martin@yahoo.com,Germany,2023-06-02,Standard,373.29
4107,Devin Dominguez,devin.dominguez@yahoo.com,USA,2024-04-14,Standard,446.14
4108,Kelly Thomas,kelly.thomas@gmail.com,Germany,2025-08-17,Standard,480.18
4109,Jeffery Goodman,jeffery.goodman@yahoo.com,UK,2025-04-29,Standard,315.21
4110,Jill Smith,jill.smith@hotmail.com,India,2023-03-11,Standard,154.35
4111,Jessica Johnston,jessica.johnston@yahoo.com,USA,2025-08-02,Premium,4115.38
4112,Erika Hinton,erika.hinton@hotmail.com,India,2023-03-14,Standard,381.17
4113,Dylan Clements,dylan.clements@protonmail.com,USA,2025-09-03,Standard,293.02
4114,Ronald Skinner,ronald.skinner@hotmail.com,India,2024-10-07,Premium,3172.58
4115,Sara Davis,sara.davis@icloud.com,Germany,2025-12-12,Standard,405.48
4116,Terri White,terri.white@yahoo.com,USA,2025-11-20,Basic,42.52
4117,Brian Baird,brian.baird@protonmail.com,UK,2023-10-24,Basic,99.28
4118,Debra Watkins,debra.watkins@hotmail.com,Japan,2025-03-01,Standard,304.47
4119,Tara Sims,tara.sims@hotmail.com,Germany,2024-11-11,Standard,258.65
4120,Richard Johnson,richard.johnson1@yahoo.com,USA,2022-07-05,Standard,399.05
4121,John Burns,john.burns@gmail.com,UK,2020-10-28,Basic,27.96
4122,Hailey Blevins,hailey.blevins@protonmail.com,USA,2024-05-23,Standard,257.8
4123,Denise Bennett,denise.bennett@protonmail.com,India,2022-02-25,Standard,136.46
4124,Heather Pope,heather.pope@hotmail.com,Germany,2022-09-29,Basic,86.68
4125,Donna Strickland,donna.strickland@icloud.com,USA,2024-12-14,Premium,4803.33
4126,Michelle Santos,michelle.santos@outlook.com,Germany,2020-12-30,Standard,133.2
4127,Joshua Delgado,joshua.delgado@gmail.com,India,2023-05-25,Standard,132.86
4128,Michael Wilson,michael.wilson@hotmail.com,Canada,2025-09-05,Standard,488.96
4129,Christopher Burns,christopher.burns@outlook.com,USA,2020-01-14,Basic,57.37
4130,Elizabeth Hicks,elizabeth.hicks@hotmail.com,USA,2024-07-14,Standard,165.31
4131,Andrew Berry,andrew.berry@hotmail.com,UK,2021-11-01,Standard,257.89
4132,Ashley Hill,ashley.hill@protonmail.com,USA,2025-06-03,Standard,484.78
4133,Julie Bauer,julie.bauer@gmail.com,UK,2023-04-01,Premium,2234.61
4134,Herbert Washington,herbert.washington@outlook.com,USA,2025-10-09,Basic,53.2
4135,Deanna Hamilton,deanna.hamilton@icloud.com,USA,2024-08-08,Basic,53.0
4136,Ashley Garcia,ashley.garcia@hotmail.com,India,2025-04-14,Basic,24.65
4137,Bryan Stout,bryan.stout@gmail.com,USA,2024-11-07,Basic,34.77
4138,Laura Lopez,laura.lopez@outlook.com,India,2023-12-31,Standard,104.03
4139,Lisa Smith,lisa.smith@hotmail.com,USA,2020-11-18,Standard,478.95
4140,Angela Herrera,angela.herrera@icloud.com,Germany,2024-01-22,Standard,351.03
4141,Lisa Freeman,lisa.freeman@yahoo.com,USA,2024-10-13,Premium,3269.14
4142,April Richards,april.richards@protonmail.com,Australia,2024-11-18,Standard,152.99
4143,Jennifer Tyler,jennifer.tyler@icloud.com,Australia,2021-12-13,Standard,320.2
4144,David Mullins,david.mullins@hotmail.com,USA,2024-05-06,Premium,2863.33
4145,Tammy Merritt,tammy.merritt@protonmail.com,Germany,2023-05-04,Basic,50.99
4146,Henry George,henry.george@gmail.com,USA,2024-02-27,Premium,4300.91
4147,Hector Peters,hector.peters@gmail.com,Germany,2024-05-22,Standard,286.8
4148,Lauren Martinez,lauren.martinez@hotmail.com,USA,2023-11-28,Basic,91.63
4149,David Harris,david.harris@outlook.com,UK,2024-10-15,Standard,112.01
4150,Evan Hart,evan.hart@protonmail.com,USA,2023-11-27,Premium,1349.31
4151,Melissa Johnson,melissa.johnson@protonmail.com,Mexico,2024-06-09,Standard,461.2
4152,Tina Hunter,tina.hunter@hotmail.com,UK,2025-02-04,Basic,21.98
4153,Michael Stephens,michael.stephens1@icloud.com,Germany,2022-07-30,Basic,52.09
4154,Rodney Landry,rodney.landry@protonmail.com,USA,2022-05-23,Standard,423.87
4155,Aaron Turner,aaron.turner@protonmail.com,USA,2024-11-23,Premium,4961.43
4156,Sophia Stone,sophia.stone@icloud.com,USA,2024-02-15,Standard,370.5
4157,Kirsten Hopkins,kirsten.hopkins@hotmail.com,Spain,2020-11-14,Standard,196.21
4158,Sean Ray,sean.ray@protonmail.com,Australia,2023-06-25,Basic,10.65
4159,Heather Mills,heather.mills@gmail.com,USA,2022-02-19,Standard,150.23
4160,Valerie Bell,valerie.bell@icloud.com,Canada,2024-09-15,Basic,66.0
4161,Amanda Clark,amanda.clark@gmail.com,UK,2021-01-15,Basic,63.61
4162,Corey Weiss,corey.weiss@outlook.com,USA,2024-01-25,Standard,180.88
4163,Joel Lopez,joel.lopez@outlook.com,UK,2024-11-25,Basic,50.25
4164,Kevin Wall,kevin.wall@yahoo.com,USA,2025-10-13,Standard,225.72
4165,Susan Guzman,susan.guzman@outlook.com,USA,2025-02-10,Premium,4496.86
4166,Jason Howard,jason.howard@yahoo.com,India,2023-03-01,Basic,41.47
4167,David Dean,david.dean@yahoo.com,USA,2024-09-13,Standard,336.72
4168,Charles Scott,charles.scott@protonmail.com,Mexico,2024-12-05,Basic,98.89
4169,Patrick Mckee,patrick.mckee@icloud.com,India,2025-02-23,Standard,190.63
4170,Ricardo Miller,ricardo.miller@icloud.com,France,2024-08-21,Standard,158.69
4171,Jonathan Coleman,jonathan.coleman@hotmail.com,Germany,2021-07-17,Basic,43.55
4172,Heather Herrera,heather.herrera@gmail.com,Brazil,2025-11-21,Premium,4631.43
4173,Chad Oconnor,chad.oconnor@outlook.com,USA,2020-04-04,Standard,138.27
4174,Wanda Terry,wanda.terry@hotmail.com,Germany,2025-12-28,Standard,159.96
4175,James Watson,james.watson@gmail.com,UK,2022-03-05,Premium,1634.78
4176,Diane Hoover,diane.hoover@icloud.com,Spain,2023-05-05,Premium,1165.01
4177,Cassidy Barnes,cassidy.barnes@hotmail.com,USA,2025-04-28,Basic,11.98
4178,Eric Riddle,eric.riddle@hotmail.com,Germany,2024-10-20,Premium,1685.98
4179,Ryan Johnson,ryan.johnson1@icloud.com,Canada,2024-10-26,Basic,68.22
4180,Cassandra Jones,cassandra.jones@icloud.com,USA,2023-06-25,Basic,97.51
4181,David Rodriguez,david.rodriguez@yahoo.com,Brazil,2022-05-22,Standard,171.36
4182,Amy Jones,amy.jones@outlook.com,USA,2020-07-30,Standard,156.06
4183,Danielle Cox,danielle.cox@icloud.com,USA,2024-04-11,Premium,4584.83
4184,Matthew Nelson,matthew.nelson@icloud.com,Germany,2023-11-22,Basic,51.92
4185,Misty Perez,misty.perez@gmail.com,UK,2022-06-24,Premium,3050.53
4186,Alejandro Bennett,alejandro.bennett@gmail.com,USA,2023-01-31,Standard,201.26
4187,Tanya Gray,tanya.gray@outlook.com,USA,2025-07-31,Basic,38.9
4188,Daniel Frost,daniel.frost@hotmail.com,USA,2025-03-19,Standard,358.94
4189,Gregory Chandler,gregory.chandler@protonmail.com,Canada,2023-07-26,Standard,230.83
4190,Kristopher Nicholson,kristopher.nicholson@icloud.com,Mexico,2025-12-09,Basic,79.99
4191,Tracy Rice,tracy.rice@outlook.com,Germany,2023-08-06,Premium,1442.59
4192,Jackie Grimes,jackie.grimes@yahoo.com,USA,2023-08-25,Premium,3594.82
4193,Andrea Lawson,andrea.lawson@hotmail.com,UK,2023-08-01,Standard,355.18
4194,Peggy Jackson,peggy.jackson@outlook.com,Japan,2025-03-01,Basic,40.15
4195,Stacey Price,stacey.price@icloud.com,Canada,2022-11-22,Basic,22.34
4196,Michael Figueroa,michael.figueroa@gmail.com,USA,2022-08-04,Basic,90.79
4197,Tammy Schmidt,tammy.schmidt@protonmail.com,USA,2025-01-06,Basic,97.04
4198,Brooke Atkinson,brooke.atkinson@icloud.com,Mexico,2024-11-19,Premium,3717.79
4199,Thomas Anderson,thomas.anderson@outlook.com,Japan,2024-09-16,Standard,447.09
4200,Albert Palmer,albert.palmer@protonmail.com,USA,2024-03-03,Premium,3649.71
4201,Eric Martinez,eric.martinez@icloud.com,France,2024-05-05,Basic,88.81
4202,Nicholas Moss,nicholas.moss@gmail.com,USA,2021-07-14,Basic,78.92
4203,Brian Swanson,brian.swanson@gmail.com,USA,2024-03-02,Standard,196.82
4204,Terri Zimmerman,terri.zimmerman@protonmail.com,Canada,2022-11-02,Basic,45.57
4205,John Franklin,john.franklin@yahoo.com,UK,2021-07-12,Standard,390.21
4206,Jasmine White,jasmine.white@protonmail.com,UK,2025-03-03,Premium,1861.36
4207,Valerie Lindsey,valerie.lindsey@icloud.com,Spain,2020-04-29,Standard,466.67
4208,Wayne Hill,wayne.hill@outlook.com,Japan,2020-02-20,Basic,43.42
4209,Ronald David,ronald.david@hotmail.com,USA,2022-12-17,Standard,433.95
4210,Nicole Cervantes,nicole.cervantes@outlook.com,Germany,2025-09-02,Premium,2970.19
4211,Kevin Hodge,kevin.hodge@outlook.com,Canada,2025-11-03,Basic,95.18
4212,Stacey Russell,stacey.russell@yahoo.com,Germany,2021-12-04,Standard,355.65
4213,Lawrence Davis,lawrence.davis@yahoo.com,UAE,2023-09-23,Standard,410.12
4214,Christopher Blair,christopher.blair@yahoo.com,India,2024-10-23,Basic,75.98
4215,Shirley Martin,shirley.martin@outlook.com,USA,2024-03-06,Standard,403.83
4216,Brian Paul,brian.paul@gmail.com,USA,2022-05-23,Standard,179.92
4217,Angela Vasquez,angela.vasquez@outlook.com,France,2023-02-07,Premium,1581.41
4218,Nancy Hayden,nancy.hayden@icloud.com,UAE,2024-07-04,Basic,32.22
4219,Roger Romero,roger.romero@icloud.com,USA,2020-08-31,Standard,485.76
4220,Jessica Castillo,jessica.castillo@hotmail.com,USA,2024-01-17,Standard,152.26
4221,Zachary Cuevas,zachary.cuevas@icloud.com,Canada,2022-04-01,Basic,82.39
4222,Pamela Wolfe,pamela.wolfe@icloud.com,USA,2025-04-10,Premium,1361.88
4223,Richard Jensen,richard.jensen@protonmail.com,USA,2024-02-25,Basic,23.49
4224,Rhonda Reese,rhonda.reese@yahoo.com,Mexico,2024-09-20,Basic,73.73
4225,Jennifer Park,jennifer.park@outlook.com,Australia,2024-04-23,Basic,50.45
4226,Kara Sanchez,kara.sanchez@yahoo.com,Brazil,2020-08-17,Standard,490.02
4227,Joanne Tapia,joanne.tapia@gmail.com,India,2022-09-29,Standard,421.21
4228,Madeline Beard,madeline.beard@icloud.com,USA,2024-12-23,Standard,252.44
4229,Allison Lynch,allison.lynch@protonmail.com,Spain,2024-01-26,Basic,77.22
4230,Catherine Oconnell,catherine.oconnell@hotmail.com,USA,2025-02-14,Basic,49.47
4231,Emily Macias,emily.macias@gmail.com,USA,2023-09-27,Standard,323.34
4232,Alexandra Walker,alexandra.walker@gmail.com,Mexico,2025-05-15,Standard,305.74
4233,Charles Franco,charles.franco@hotmail.com,India,2022-03-31,Premium,833.62
4234,Willie Farley,willie.farley@protonmail.com,Mexico,2021-05-31,Standard,123.33
4235,Roberto Gray,roberto.gray@icloud.com,USA,2022-12-24,Basic,50.29
4236,Nathaniel Wilson,nathaniel.wilson@outlook.com,Netherlands,2025-11-19,Basic,95.66
4237,Robin Wright,robin.wright@yahoo.com,Germany,2024-06-13,Standard,268.14
4238,Amber Miranda,amber.miranda@protonmail.com,India,2023-11-23,Basic,13.12
4239,David Evans,david.evans@outlook.com,Spain,2024-06-27,Premium,1708.77
4240,Kelly Lewis,kelly.lewis@hotmail.com,USA,2020-10-02,Standard,434.69
4241,Joann Carroll,joann.carroll@yahoo.com,India,2021-08-15,Standard,262.77
4242,Jeff Torres,jeff.torres@outlook.com,India,2021-07-22,Standard,329.66
4243,Sarah Day,sarah.day@protonmail.com,Australia,2021-08-20,Basic,93.0
4244,Margaret Johnson,margaret.johnson@yahoo.com,Mexico,2023-04-01,Standard,180.63
4245,Steven Williamson,steven.williamson@gmail.com,India,2022-03-11,Premium,3637.64
4246,Tracy Kelly,tracy.kelly@hotmail.com,USA,2025-11-27,Premium,1970.55
4247,Christina Murphy,christina.murphy@yahoo.com,USA,2025-06-03,Standard,487.28
4248,Michael Smith,michael.smith@yahoo.com,Netherlands,2025-02-23,Standard,451.82
4249,Pamela Lopez,pamela.lopez@protonmail.com,Singapore,2022-12-17,Standard,419.8
4250,Michael Garcia,michael.garcia@icloud.com,Singapore,2024-05-03,Standard,361.43
4251,Travis Miller,travis.miller@outlook.com,USA,2020-04-16,Premium,1043.76
4252,Willie Hernandez,willie.hernandez@yahoo.com,USA,2022-02-09,Basic,10.84
4253,David Freeman,david.freeman@outlook.com,Canada,2024-12-24,Standard,362.03
4254,Eric Douglas,eric.douglas@yahoo.com,Canada,2023-04-28,Standard,331.63
4255,Jeremy Foster,jeremy.foster@icloud.com,USA,2024-08-14,Standard,173.17
4256,Kevin Patterson,kevin.patterson@hotmail.com,Germany,2025-04-16,Standard,318.91
4257,Ian Cain,ian.cain@yahoo.com,USA,2020-11-03,Standard,151.84
4258,Daniel Gonzales,daniel.gonzales@icloud.com,UK,2025-11-10,Premium,3240.44
4259,Mary Martin,mary.martin@outlook.com,USA,2020-06-28,Basic,22.95
4260,Michael Hamilton,michael.hamilton@icloud.com,USA,2025-07-20,Standard,241.45
4261,Michael Harrell,michael.harrell@hotmail.com,USA,2024-03-10,Standard,451.99
4262,James Lopez,james.lopez@outlook.com,Spain,2020-06-17,Basic,17.18
4263,Billy Foster,billy.foster@hotmail.com,Canada,2023-04-21,Standard,172.6
4264,Julie Santana,julie.santana@icloud.com,Italy,2022-12-09,Standard,197.22
4265,Ethan Gonzalez,ethan.gonzalez@icloud.com,UK,2025-07-04,Standard,398.21
4266,Timothy Ortega,timothy.ortega@icloud.com,UK,2022-02-27,Standard,275.0
4267,Joseph Fisher,joseph.fisher@protonmail.com,USA,2025-08-27,Premium,4468.79
4268,Andrea Marsh,andrea.marsh@icloud.com,Germany,2022-08-27,Basic,17.21
4269,Jennifer Nguyen,jennifer.nguyen@icloud.com,USA,2025-04-28,Standard,240.37
4270,Kathy Macias,kathy.macias@outlook.com,Canada,2022-05-22,Basic,94.75
4271,Warren Mclean,warren.mclean@protonmail.com,Australia,2024-01-14,Basic,37.2
4272,Megan Price,megan.price@protonmail.com,Brazil,2025-06-29,Premium,888.78
4273,Daniel Rodriguez,daniel.rodriguez@icloud.com,USA,2022-06-26,Standard,142.85
4274,Andrew Moore,andrew.moore@yahoo.com,UK,2020-11-02,Premium,1715.38
4275,Vincent Saunders,vincent.saunders@yahoo.com,USA,2024-07-10,Standard,347.33
4276,Joel Gregory,joel.gregory@icloud.com,USA,2024-04-21,Basic,41.62
4277,Matthew Bray,matthew.bray@hotmail.com,India,2025-07-06,Premium,4124.46
4278,Joan Hamilton,joan.hamilton@protonmail.com,Germany,2022-06-15,Basic,54.18
4279,Keith Tucker,keith.tucker@gmail.com,India,2025-08-06,Standard,270.08
4280,Kathleen Wright,kathleen.wright@hotmail.com,USA,2025-09-23,Standard,101.96
4281,Elijah Dixon,elijah.dixon@gmail.com,UAE,2024-06-25,Premium,4653.57
4282,John Wang,john.wang@icloud.com,UAE,2020-08-13,Standard,294.56
4283,Michelle Gamble,michelle.gamble@gmail.com,UK,2021-10-09,Standard,257.2
4284,John Hoover,john.hoover@outlook.com,Brazil,2025-06-20,Standard,178.06
4285,James Mccarthy,james.mccarthy@yahoo.com,USA,2024-02-15,Standard,110.21
4286,Lisa Haynes,lisa.haynes@icloud.com,Canada,2024-09-24,Premium,2606.86
4287,Wayne White,wayne.white@outlook.com,Brazil,2025-12-09,Basic,25.91
4288,Victoria Garza,victoria.garza@yahoo.com,France,2020-03-30,Standard,355.49
4289,Cynthia Perez,cynthia.perez@yahoo.com,France,2024-01-20,Standard,301.37
4290,David Johnson,david.johnson@icloud.com,UK,2024-02-15,Basic,24.53
4291,Veronica Hickman,veronica.hickman@yahoo.com,France,2025-07-06,Basic,61.22
4292,Ronald Jensen,ronald.jensen@gmail.com,India,2024-03-18,Basic,34.41
4293,Christopher Williams,christopher.williams@outlook.com,USA,2023-04-14,Basic,22.76
4294,Richard Torres,richard.torres@gmail.com,USA,2020-12-19,Premium,3614.9
4295,Cynthia Hall,cynthia.hall@gmail.com,Canada,2025-02-10,Standard,242.86
4296,Matthew Mendoza,matthew.mendoza@yahoo.com,Germany,2024-03-04,Standard,193.75
4297,William Schneider,william.schneider@icloud.com,UK,2023-12-09,Premium,1115.39
4298,Kevin Adams,kevin.adams@hotmail.com,Spain,2025-11-18,Basic,85.77
4299,Juan Bell,juan.bell@gmail.com,India,2022-09-29,Premium,2735.25
4300,Robert Flores,robert.flores@hotmail.com,UK,2023-04-05,Basic,84.79
4301,Brandon Williams,brandon.williams@icloud.com,UK,2025-11-01,Basic,57.28
4302,Brett Garner,brett.garner@hotmail.com,Germany,2024-01-18,Standard,177.18
4303,Jason Kennedy,jason.kennedy@outlook.com,Canada,2025-01-21,Standard,171.94
4304,Rebekah Garcia,rebekah.garcia@hotmail.com,Germany,2025-07-05,Basic,86.88
4305,Jack Vaughan,jack.vaughan@gmail.com,UK,2024-08-27,Basic,64.08
4306,Michael Torres,michael.torres@yahoo.com,India,2022-10-01,Basic,67.59
4307,Collin Smith,collin.smith@protonmail.com,India,2025-06-11,Basic,83.38
4308,Andrea Atkins,andrea.atkins@yahoo.com,France,2024-04-23,Premium,4676.52
4309,Mark Figueroa,mark.figueroa@gmail.com,USA,2024-02-12,Premium,3369.56
4310,Michael Maxwell,michael.maxwell@outlook.com,Canada,2024-07-02,Premium,2415.93
4311,Allison Watson,allison.watson@icloud.com,UK,2020-06-06,Standard,116.88
4312,Debra Clark,debra.clark@outlook.com,USA,2020-10-02,Standard,240.94
4313,Patrick Eaton,patrick.eaton@yahoo.com,India,2024-06-23,Standard,439.04
4314,David Newton,david.newton@outlook.com,India,2025-07-30,Basic,86.63
4315,David Willis,david.willis@hotmail.com,UK,2023-02-20,Premium,1768.18
4316,Rhonda Pena,rhonda.pena@icloud.com,Australia,2022-03-25,Basic,89.77
4317,James Bush,james.bush@gmail.com,USA,2023-10-13,Standard,433.64
4318,Sara Jones,sara.jones@outlook.com,USA,2024-07-27,Standard,188.3
4319,Amy Cooper,amy.cooper@outlook.com,USA,2021-05-18,Premium,2976.35
4320,Jessica Mayo,jessica.mayo@outlook.com,UK,2024-01-07,Basic,67.57
4321,James Le,james.le@hotmail.com,India,2024-11-08,Basic,39.31
4322,Bradley Lee,bradley.lee@outlook.com,Japan,2023-09-06,Standard,293.43
4323,Andrea King,andrea.king@protonmail.com,India,2024-01-02,Standard,213.6
4324,Natalie Castaneda,natalie.castaneda@gmail.com,USA,2025-07-12,Standard,389.96
4325,Rebecca Hester,rebecca.hester@icloud.com,USA,2022-05-27,Standard,174.5
4326,Patricia West,patricia.west@outlook.com,USA,2021-01-23,Standard,385.88
4327,Jennifer Bartlett,jennifer.bartlett@icloud.com,India,2020-05-13,Standard,358.84
4328,Carlos Barnes,carlos.barnes@hotmail.com,USA,2024-03-22,Basic,77.92
4329,Sarah Gordon,sarah.gordon@protonmail.com,UK,2025-05-06,Basic,14.71
4330,Andrew Greene,andrew.greene@hotmail.com,Australia,2024-07-05,Premium,3791.51
4331,Heather Anderson,heather.anderson@protonmail.com,India,2025-12-07,Basic,97.38
4332,Brandon Knight,brandon.knight@gmail.com,USA,2024-06-16,Standard,344.75
4333,Laura Benson,laura.benson@protonmail.com,USA,2022-07-23,Basic,58.02
4334,Joy Sanders,joy.sanders@protonmail.com,India,2022-02-11,Standard,368.35
4335,Gail Berg,gail.berg@outlook.com,Germany,2024-12-19,Premium,1070.61
4336,Teresa Martin,teresa.martin@hotmail.com,USA,2024-04-24,Basic,16.93
4337,Karen Cruz,karen.cruz@protonmail.com,Brazil,2024-05-27,Premium,2667.52
4338,Kimberly Morales,kimberly.morales@protonmail.com,UK,2024-05-11,Basic,52.89
4339,Joseph White,joseph.white@gmail.com,UK,2023-10-21,Basic,29.25
4340,Ernest Robinson,ernest.robinson@gmail.com,USA,2023-10-04,Standard,417.32
4341,Heather Suarez,heather.suarez@hotmail.com,USA,2024-07-31,Standard,226.13
4342,Krystal Gibson,krystal.gibson@hotmail.com,USA,2024-12-08,Standard,245.56
4343,Jasmine Warren,jasmine.warren@hotmail.com,USA,2025-01-19,Standard,154.44
4344,Kevin Robinson,kevin.robinson@icloud.com,Germany,2022-11-22,Premium,1174.89
4345,Jeanette Arnold,jeanette.arnold@hotmail.com,UK,2025-06-13,Basic,72.28
4346,George Williams,george.williams@protonmail.com,Mexico,2022-07-29,Standard,361.35
4347,John Williams,john.williams@hotmail.com,Netherlands,2022-05-08,Standard,364.89
4348,Eddie Stephenson,eddie.stephenson@hotmail.com,USA,2025-01-04,Premium,1684.63
4349,Sara Nelson,sara.nelson@hotmail.com,USA,2025-02-15,Basic,50.97
4350,Krystal Day,krystal.day@icloud.com,Australia,2025-02-23,Basic,59.26
4351,John Colon,john.colon@icloud.com,UAE,2021-03-07,Standard,265.71
4352,Amanda Smith,amanda.smith1@yahoo.com,Brazil,2022-01-28,Standard,275.99
4353,Michael Jacobs,michael.jacobs@gmail.com,USA,2024-10-22,Basic,38.52
4354,Miguel Miller,miguel.miller@gmail.com,USA,2025-09-15,Standard,270.39
4355,Janice Dunn,janice.dunn@yahoo.com,USA,2024-03-26,Basic,37.31
4356,Jennifer Ortiz,jennifer.ortiz@yahoo.com,France,2020-04-20,Basic,76.81
4357,Cheryl Nguyen,cheryl.nguyen@outlook.com,Germany,2024-03-14,Basic,98.0
4358,Brian Cabrera,brian.cabrera@hotmail.com,UK,2020-09-08,Premium,2305.19
4359,Madison Robinson,madison.robinson@outlook.com,Germany,2022-12-31,Basic,29.46
4360,Tammy Thompson,tammy.thompson@protonmail.com,USA,2024-10-06,Basic,34.38
4361,Teresa Medina,teresa.medina@hotmail.com,Germany,2021-07-18,Standard,121.77
4362,Tiffany Osborne,tiffany.osborne@icloud.com,USA,2024-11-05,Basic,42.95
4363,Kimberly Rodriguez,kimberly.rodriguez@icloud.com,India,2024-08-01,Standard,470.91
4364,Julie Reyes,julie.reyes@outlook.com,India,2023-01-12,Basic,97.12
4365,Desiree Berg,desiree.berg@gmail.com,India,2023-07-11,Standard,412.3
4366,Cynthia Pierce,cynthia.pierce@icloud.com,USA,2025-06-22,Premium,4171.58
4367,Lisa Walker,lisa.walker@icloud.com,France,2024-11-18,Standard,252.67
4368,Joseph Perkins,joseph.perkins@hotmail.com,India,2025-09-21,Premium,4993.78
4369,Lindsey Mullins,lindsey.mullins@outlook.com,USA,2023-10-04,Standard,482.75
4370,Eric Hall,eric.hall@icloud.com,USA,2024-09-26,Basic,39.69
4371,Jessica Richardson,jessica.richardson@outlook.com,Germany,2025-10-29,Standard,366.54
4372,Rachel Davis,rachel.davis@hotmail.com,USA,2021-01-13,Basic,25.52
4373,Hunter Lopez,hunter.lopez@gmail.com,USA,2022-04-06,Premium,3846.04
4374,Michelle Lopez,michelle.lopez@yahoo.com,USA,2025-10-18,Standard,430.75
4375,Tracy Blair,tracy.blair@hotmail.com,USA,2023-01-25,Basic,16.49
4376,Deborah Smith,deborah.smith@outlook.com,UK,2022-04-20,Standard,372.5
4377,Frank Thompson,frank.thompson@protonmail.com,Germany,2025-11-04,Basic,88.24
4378,Phillip Franklin,phillip.franklin@outlook.com,USA,2021-03-17,Basic,79.07
4379,Chad Jones,chad.jones@yahoo.com,India,2024-08-22,Standard,470.69
4380,John Stout,john.stout@icloud.com,USA,2025-10-10,Basic,57.58
4381,Tara Garcia,tara.garcia@gmail.com,USA,2025-10-13,Premium,1887.25
4382,Alison Acosta,alison.acosta@gmail.com,USA,2023-10-14,Standard,412.47
4383,Lindsey Morrison,lindsey.morrison@gmail.com,Australia,2020-11-09,Standard,196.96
4384,Nicholas Smith,nicholas.smith@hotmail.com,Netherlands,2025-11-06,Basic,25.21
4385,Margaret Hines,margaret.hines@protonmail.com,UK,2025-10-09,Standard,471.97
4386,Deanna Williams,deanna.williams@hotmail.com,USA,2022-01-14,Standard,350.41
4387,John Miller,john.miller@gmail.com,USA,2023-08-29,Basic,83.36
4388,Douglas Burton,douglas.burton@yahoo.com,USA,2024-02-07,Premium,4592.44
4389,Alexander Burch,alexander.burch@hotmail.com,Japan,2021-12-29,Basic,70.49
4390,Susan Rodriguez,susan.rodriguez@yahoo.com,USA,2025-06-06,Premium,3357.57
4391,Jill Morgan,jill.morgan@icloud.com,Singapore,2025-01-20,Standard,401.21
4392,Jasmine Harris,jasmine.harris@outlook.com,Germany,2022-01-26,Standard,229.04
4393,Timothy Hart,timothy.hart@icloud.com,UK,2025-02-20,Standard,390.42
4394,Sean Martin,sean.martin@protonmail.com,Japan,2025-08-05,Standard,379.68
4395,Martin Moore,martin.moore@gmail.com,USA,2024-01-24,Basic,43.34
4396,Brian Holt,brian.holt@gmail.com,Australia,2025-05-29,Basic,64.22
4397,Courtney Martinez,courtney.martinez@protonmail.com,USA,2023-02-07,Premium,3412.57
4398,Mallory Garcia,mallory.garcia@protonmail.com,Japan,2025-05-25,Premium,4576.64
4399,Kenneth Hunt,kenneth.hunt@gmail.com,UK,2021-06-14,Premium,959.32
4400,Mary Thomas,mary.thomas@yahoo.com,USA,2023-02-07,Standard,201.72
4401,Rhonda Johnson,rhonda.johnson@hotmail.com,France,2024-03-28,Premium,4085.09
4402,Ronald Hernandez,ronald.hernandez@gmail.com,USA,2021-09-21,Standard,130.67
4403,Diana Perez,diana.perez@yahoo.com,USA,2024-11-07,Basic,18.65
4404,Natasha Cruz,natasha.cruz@hotmail.com,Australia,2023-10-14,Basic,20.05
4405,Nicole Carson,nicole.carson@gmail.com,UK,2023-05-18,Basic,77.58
4406,Daniel Jackson,daniel.jackson@icloud.com,Brazil,2024-04-02,Premium,1009.98
4407,Daniel Garcia,daniel.garcia@yahoo.com,Germany,2021-10-15,Standard,376.39
4408,Stephanie Howard,stephanie.howard@outlook.com,Germany,2022-11-22,Premium,3386.99
4409,Christina Wilson,christina.wilson@icloud.com,USA,2022-01-27,Standard,355.45
4410,Sandra Gillespie,sandra.gillespie@yahoo.com,USA,2025-10-28,Standard,133.47
4411,Paula Munoz,paula.munoz@icloud.com,Singapore,2024-02-19,Basic,70.98
4412,Gregory Moreno,gregory.moreno@gmail.com,USA,2024-10-16,Standard,241.26
4413,Carol Shelton,carol.shelton@gmail.com,UK,2024-09-26,Standard,166.95
4414,Edward Contreras,edward.contreras@yahoo.com,USA,2024-06-11,Standard,399.19
4415,Kevin Roth,kevin.roth@icloud.com,USA,2022-03-14,Basic,41.4
4416,Michael Garcia,michael.garcia@outlook.com,Germany,2021-08-18,Premium,2056.98
4417,Sabrina Stanley,sabrina.stanley@outlook.com,Australia,2024-11-15,Basic,96.11
4418,Sarah Cochran,sarah.cochran@hotmail.com,Australia,2022-08-23,Standard,412.96
4419,Jennifer Jones,jennifer.jones@icloud.com,Brazil,2025-11-27,Premium,3658.37
4420,Aaron Fitzpatrick,aaron.fitzpatrick@hotmail.com,USA,2022-10-10,Basic,17.22
4421,Edgar Rios,edgar.rios@protonmail.com,UK,2024-10-28,Premium,1735.54
4422,Luke Myers,luke.myers@hotmail.com,USA,2023-01-26,Basic,63.05
4423,Jennifer Floyd,jennifer.floyd@protonmail.com,Canada,2024-03-24,Premium,859.31
4424,Timothy Jones,timothy.jones@gmail.com,USA,2025-08-11,Standard,139.42
4425,Becky Moyer,becky.moyer@protonmail.com,Germany,2023-11-20,Standard,487.71
4426,Joshua Davis,joshua.davis@gmail.com,USA,2020-09-27,Basic,35.89
4427,Wanda White,wanda.white@gmail.com,France,2024-07-24,Basic,12.82
4428,Paul Flores,paul.flores@protonmail.com,France,2021-08-15,Standard,205.54
4429,Rodney Steele,rodney.steele@hotmail.com,Brazil,2021-06-16,Standard,171.55
4430,Robert Leon,robert.leon@outlook.com,USA,2024-12-27,Premium,1433.41
4431,Mathew Pham,mathew.pham@gmail.com,UAE,2021-06-02,Standard,201.84
4432,Desiree Sanchez,desiree.sanchez@yahoo.com,USA,2021-07-17,Standard,462.14
4433,Robert Crawford,robert.crawford@gmail.com,USA,2023-03-01,Premium,1133.66
4434,Amanda Patel,amanda.patel@hotmail.com,USA,2023-01-28,Basic,63.04
4435,Lori Cruz,lori.cruz@yahoo.com,USA,2025-08-08,Standard,428.56
4436,Bianca Fisher,bianca.fisher@icloud.com,Germany,2022-11-02,Premium,958.74
4437,Becky Steele,becky.steele@icloud.com,USA,2023-11-29,Basic,84.64
4438,Kaitlin Warner,kaitlin.warner@hotmail.com,UK,2024-08-24,Standard,238.82
4439,Joe Smith,joe.smith@protonmail.com,India,2025-09-30,Basic,65.86
4440,Victoria Smith,victoria.smith@protonmail.com,Japan,2023-05-09,Premium,559.65
4441,Angela Rosario,angela.rosario@icloud.com,India,2024-08-04,Standard,330.6
4442,Samantha Brown,samantha.brown@outlook.com,Germany,2024-02-26,Standard,462.53
4443,Michael Allison,michael.allison@outlook.com,USA,2022-02-28,Standard,214.84
4444,Michelle Fuentes,michelle.fuentes@icloud.com,France,2021-05-16,Basic,71.47
4445,Kenneth Thomas,kenneth.thomas@hotmail.com,USA,2024-01-30,Standard,380.95
4446,Melissa Bonilla,melissa.bonilla@icloud.com,USA,2022-06-01,Standard,173.18
4447,Robin Sanchez,robin.sanchez@gmail.com,USA,2022-02-10,Premium,2355.51
4448,Maria Brown,maria.brown@yahoo.com,India,2024-06-12,Standard,154.92
4449,Devin Hayden,devin.hayden@protonmail.com,USA,2021-06-26,Standard,300.98
4450,Jane Bennett,jane.bennett@protonmail.com,India,2022-12-25,Basic,74.2
4451,Anthony Hanna,anthony.hanna@gmail.com,USA,2023-01-05,Standard,290.75
4452,Nathan Miles,nathan.miles@outlook.com,UK,2025-01-08,Premium,2800.46
4453,Elizabeth Jones,elizabeth.jones@gmail.com,UK,2024-05-03,Standard,461.4
4454,Mary Harrell,mary.harrell@icloud.com,USA,2022-06-30,Standard,439.96
4455,Anthony Diaz,anthony.diaz@outlook.com,UK,2022-08-02,Standard,258.61
4456,Christian Jones,christian.jones@protonmail.com,India,2025-03-25,Basic,26.48
4457,Ashley Cervantes,ashley.cervantes@outlook.com,Germany,2024-10-17,Basic,89.47
4458,Edward White,edward.white@protonmail.com,USA,2024-04-28,Standard,297.85
4459,Julia Adkins,julia.adkins@outlook.com,India,2020-04-15,Standard,282.12
4460,Holly Evans,holly.evans@icloud.com,USA,2021-11-14,Premium,1120.89
4461,Robert Rogers,robert.rogers@outlook.com,USA,2022-04-17,Basic,72.57
4462,Kimberly Dominguez,kimberly.dominguez@protonmail.com,USA,2025-04-24,Standard,132.46
4463,Justin Moore,justin.moore@gmail.com,UK,2025-05-17,Standard,370.56
4464,Nicole Johnson,nicole.johnson@yahoo.com,USA,2022-12-26,Basic,90.29
4465,Karen Gordon,karen.gordon@yahoo.com,India,2024-07-24,Standard,410.93
4466,Alex Wall,alex.wall@protonmail.com,USA,2025-07-28,Basic,54.45
4467,Erin Liu,erin.liu@yahoo.com,Canada,2025-03-04,Standard,216.87
4468,Angela Gallegos,angela.gallegos@yahoo.com,USA,2023-06-15,Standard,494.24
4469,Samantha Shaw,samantha.shaw@yahoo.com,Germany,2022-08-11,Premium,4751.95
4470,Jenna Henderson,jenna.henderson@icloud.com,Australia,2025-04-05,Standard,127.59
4471,Eric Dudley,eric.dudley@yahoo.com,USA,2022-12-24,Standard,231.85
4472,Adrienne Spence,adrienne.spence@gmail.com,USA,2022-07-15,Standard,128.46
4473,David Lewis,david.lewis@gmail.com,UK,2022-11-11,Basic,10.06
4474,Christine Robinson,christine.robinson@gmail.com,UAE,2024-11-27,Standard,166.15
4475,Isaiah Reese,isaiah.reese@yahoo.com,Singapore,2021-03-08,Standard,430.32
4476,Anita Skinner,anita.skinner@icloud.com,USA,2024-05-21,Standard,202.41
4477,Lisa Mcdonald,lisa.mcdonald@protonmail.com,Canada,2025-08-06,Standard,201.76
4478,Lawrence May,lawrence.may@protonmail.com,USA,2024-04-14,Basic,14.1
4479,Margaret Martin,margaret.martin@yahoo.com,USA,2025-07-16,Premium,1082.39
4480,Linda Lucas,linda.lucas@gmail.com,India,2025-11-02,Basic,77.59
4481,James Rodriguez,james.rodriguez@yahoo.com,UK,2025-04-15,Premium,2902.0
4482,Christian Morrison,christian.morrison@hotmail.com,Germany,2024-07-30,Standard,366.58
4483,Melanie Johnson,melanie.johnson@yahoo.com,France,2025-06-02,Basic,68.73
4484,Julian Weaver,julian.weaver@outlook.com,USA,2024-03-02,Premium,2619.58
4485,Cameron Harper,cameron.harper@gmail.com,India,2022-02-04,Standard,476.43
4486,Katherine Parker,katherine.parker@gmail.com,USA,2025-05-27,Premium,3278.49
4487,Andrea Little,andrea.little@hotmail.com,USA,2024-06-28,Basic,12.41
4488,Antonio Adams,antonio.adams@outlook.com,USA,2025-01-23,Standard,205.82
4489,Tiffany Cunningham,tiffany.cunningham@protonmail.com,Netherlands,2023-09-04,Premium,3386.46
4490,Anne Tyler,anne.tyler@icloud.com,UK,2023-03-10,Standard,295.45
4491,Brandon Edwards,brandon.edwards@protonmail.com,USA,2024-05-14,Standard,327.42
4492,Sherry Smith,sherry.smith@yahoo.com,India,2024-05-02,Basic,90.66
4493,Michael Campbell,michael.campbell@yahoo.com,Singapore,2023-06-22,Premium,2419.6
4494,Raymond Lee,raymond.lee@protonmail.com,Spain,2025-09-14,Standard,412.28
4495,Karen Swanson,karen.swanson@hotmail.com,Germany,2024-06-09,Standard,143.58
4496,Terri Park,terri.park@hotmail.com,USA,2020-02-01,Standard,230.75
4497,Connor Russell,connor.russell@hotmail.com,Germany,2024-09-25,Basic,68.83
4498,Judith Garcia,judith.garcia@protonmail.com,France,2020-04-15,Standard,101.76
4499,Lindsey Hernandez,lindsey.hernandez@gmail.com,Japan,2023-08-23,Basic,60.8
4500,Brenda Reyes,brenda.reyes@protonmail.com,France,2022-10-09,Standard,374.47
4501,Brenda Christian,brenda.christian@protonmail.com,UK,2022-04-01,Standard,393.16
4502,Kelly Hernandez,kelly.hernandez@hotmail.com,USA,2025-06-27,Standard,329.91
4503,Steven Mcclure,steven.mcclure@outlook.com,Germany,2021-05-11,Standard,416.24
4504,Christopher Higgins,christopher.higgins@hotmail.com,USA,2024-03-12,Premium,1420.43
4505,Nicole Aguirre,nicole.aguirre@gmail.com,USA,2024-03-27,Premium,4052.98
4506,Destiny Mack,destiny.mack@hotmail.com,UK,2022-09-23,Basic,34.26
4507,Eugene Stuart,eugene.stuart@yahoo.com,India,2025-02-22,Basic,12.54
4508,Zachary Chandler,zachary.chandler@hotmail.com,Japan,2022-09-07,Standard,315.55
4509,Denise Conrad,denise.conrad@yahoo.com,Australia,2024-09-14,Standard,383.3
4510,Matthew Floyd,matthew.floyd@hotmail.com,Japan,2025-11-05,Basic,47.44
4511,Matthew Ward,matthew.ward@gmail.com,Canada,2024-10-29,Standard,274.31
4512,Melissa Jordan,melissa.jordan@yahoo.com,India,2022-09-16,Standard,320.46
4513,Pamela Schroeder,pamela.schroeder@protonmail.com,USA,2025-12-03,Basic,43.31
4514,Paul Clark,paul.clark@yahoo.com,Germany,2025-09-09,Standard,339.24
4515,Cheryl Jones,cheryl.jones@hotmail.com,USA,2023-12-31,Standard,130.9
4516,Elijah Burton,elijah.burton@gmail.com,USA,2024-08-06,Standard,192.98
4517,Tyler Ballard,tyler.ballard@icloud.com,USA,2023-11-19,Premium,4075.25
4518,Douglas Harrell,douglas.harrell@outlook.com,France,2023-08-30,Standard,292.14
4519,Amy Novak,amy.novak@icloud.com,Canada,2023-09-06,Basic,59.89
4520,Kimberly Miller,kimberly.miller@hotmail.com,Netherlands,2022-04-15,Basic,83.75
4521,Clinton Edwards,clinton.edwards@icloud.com,Singapore,2024-07-06,Premium,1657.04
4522,Sarah Martin,sarah.martin@outlook.com,Mexico,2021-08-31,Basic,11.68
4523,Joshua Cox,joshua.cox@hotmail.com,USA,2020-09-20,Basic,52.33
4524,Christopher White,christopher.white@gmail.com,Brazil,2023-08-20,Standard,162.89
4525,Kelsey Scott,kelsey.scott@hotmail.com,Japan,2020-09-19,Basic,75.09
4526,Thomas Scott,thomas.scott@hotmail.com,Brazil,2024-09-28,Basic,52.05
4527,Nancy Santos,nancy.santos@outlook.com,USA,2024-08-22,Basic,59.43
4528,Donald Martinez,donald.martinez@icloud.com,USA,2021-03-27,Basic,12.07
4529,Ashley Williams,ashley.williams@hotmail.com,Italy,2022-05-31,Standard,425.97
4530,Michele Morales,michele.morales@protonmail.com,USA,2020-04-27,Standard,399.6
4531,Melody Stark,melody.stark@gmail.com,USA,2024-08-22,Basic,41.79
4532,David Richardson,david.richardson@gmail.com,UK,2022-01-01,Basic,48.79
4533,Megan Crane,megan.crane@yahoo.com,USA,2024-05-23,Premium,1124.34
4534,Nathaniel Fleming,nathaniel.fleming@icloud.com,USA,2024-10-26,Standard,482.19
4535,William Baker,william.baker@icloud.com,UAE,2023-02-14,Standard,192.38
4536,Nancy Fleming,nancy.fleming@icloud.com,Brazil,2020-08-19,Basic,95.58
4537,Christine Schneider,christine.schneider@icloud.com,Spain,2023-12-07,Standard,472.54
4538,Joyce Sanchez,joyce.sanchez@gmail.com,USA,2023-06-10,Standard,494.36
4539,Lori Smith,lori.smith@protonmail.com,USA,2023-05-14,Standard,134.68
4540,Melissa Roberts,melissa.roberts@gmail.com,UK,2025-09-15,Premium,3002.83
4541,Eric Ross,eric.ross@yahoo.com,UK,2021-10-19,Basic,65.9
4542,Charles Price,charles.price@icloud.com,USA,2022-10-27,Standard,237.56
4543,Steven Davis,steven.davis@hotmail.com,Australia,2025-04-16,Premium,3907.61
4544,Steven Day,steven.day@icloud.com,UAE,2025-07-01,Standard,171.76
4545,Rachel Marshall,rachel.marshall@yahoo.com,UK,2023-05-17,Basic,82.06
4546,Christopher Dennis,christopher.dennis@yahoo.com,USA,2024-12-04,Standard,404.13
4547,Samantha Nielsen,samantha.nielsen@gmail.com,UK,2020-09-19,Standard,424.66
4548,Kayla Gonzalez,kayla.gonzalez@yahoo.com,USA,2025-03-15,Standard,331.83
4549,Mark Stewart,mark.stewart@hotmail.com,USA,2024-08-05,Basic,95.13
4550,Wendy Tucker,wendy.tucker@hotmail.com,UK,2023-01-06,Basic,97.35
4551,Jacqueline Alvarez,jacqueline.alvarez@outlook.com,UK,2022-09-23,Basic,12.02
4552,Joshua Johnson,joshua.johnson@yahoo.com,Germany,2023-07-09,Standard,127.91
4553,Eric Harrison,eric.harrison@protonmail.com,Japan,2024-08-08,Basic,50.64
4554,Danielle Flores,danielle.flores@hotmail.com,USA,2021-10-09,Basic,62.15
4555,Anthony Burke,anthony.burke@hotmail.com,USA,2024-10-14,Standard,247.51
4556,Omar Mayer,omar.mayer@icloud.com,USA,2020-11-09,Basic,87.97
4557,Michael Jordan,michael.jordan@gmail.com,USA,2024-08-27,Basic,33.73
4558,Thomas Brown,thomas.brown@outlook.com,Germany,2022-12-28,Basic,83.6
4559,Miranda Cisneros,miranda.cisneros@yahoo.com,France,2025-11-07,Basic,11.04
4560,Gabriela Nelson,gabriela.nelson@gmail.com,Mexico,2023-10-29,Standard,187.1
4561,Cynthia Miller,cynthia.miller@hotmail.com,Germany,2023-07-05,Standard,381.71
4562,Chad Sullivan,chad.sullivan@gmail.com,UK,2023-05-30,Premium,1596.31
4563,Kenneth Joseph,kenneth.joseph@protonmail.com,USA,2024-07-02,Standard,219.91
4564,Monica Warren,monica.warren@gmail.com,UK,2023-08-13,Standard,143.88
4565,Elizabeth Green,elizabeth.green@outlook.com,USA,2023-05-30,Standard,336.64
4566,Maria Davis,maria.davis@outlook.com,Brazil,2022-12-28,Basic,54.59
4567,Rachel Peterson,rachel.peterson@icloud.com,UK,2023-06-05,Premium,4951.46
4568,Karen Martin,karen.martin@yahoo.com,USA,2025-12-04,Basic,70.57
4569,Michael Barnes,michael.barnes@icloud.com,USA,2022-07-18,Standard,208.36
4570,Thomas Barker,thomas.barker@gmail.com,USA,2025-08-16,Premium,4252.88
4571,Ethan Horton,ethan.horton@icloud.com,Spain,2025-12-25,Premium,1269.37
4572,Michael Schwartz,michael.schwartz@yahoo.com,USA,2024-04-10,Standard,453.77
4573,Paul Smith,paul.smith@icloud.com,USA,2020-11-11,Standard,386.66
4574,Krista Harper,krista.harper@yahoo.com,USA,2024-02-07,Standard,382.5
4575,Christian Contreras,christian.contreras@hotmail.com,France,2025-06-21,Standard,248.5
4576,Christina Morris,christina.morris@yahoo.com,UK,2023-04-02,Standard,227.19
4577,Valerie Mcmillan,valerie.mcmillan@gmail.com,Germany,2022-07-15,Premium,1228.77
4578,Julia Doyle,julia.doyle@protonmail.com,USA,2023-07-05,Standard,119.28
4579,Leslie Hernandez,leslie.hernandez@gmail.com,USA,2023-05-30,Premium,4820.12
4580,Stephen Hernandez,stephen.hernandez@outlook.com,Japan,2020-09-27,Premium,808.71
4581,Michelle Wilson,michelle.wilson@outlook.com,USA,2022-09-09,Standard,178.45
4582,Tara Russell,tara.russell@yahoo.com,USA,2024-06-22,Basic,36.48
4583,Abigail Smith,abigail.smith@protonmail.com,Germany,2023-12-07,Standard,121.78
4584,Shannon Wall,shannon.wall@outlook.com,USA,2022-11-18,Basic,73.12
4585,David Cole,david.cole@icloud.com,USA,2025-05-13,Basic,89.17
4586,Tara Davis,tara.davis@yahoo.com,Australia,2022-05-29,Standard,379.35
4587,Jeffery Werner,jeffery.werner@gmail.com,UK,2021-10-15,Standard,214.56
4588,Robert Payne,robert.payne@protonmail.com,USA,2022-01-27,Premium,4406.57
4589,Gabriel Gray,gabriel.gray@icloud.com,USA,2022-03-26,Standard,472.72
4590,Michael Farley,michael.farley@hotmail.com,India,2024-04-25,Standard,265.96
4591,Teresa Ray,teresa.ray@yahoo.com,USA,2020-06-06,Standard,287.16
4592,Alexis Cervantes,alexis.cervantes@yahoo.com,USA,2025-12-18,Basic,32.06
4593,Allen Mosley,allen.mosley@yahoo.com,Germany,2025-08-11,Premium,1823.59
4594,Wayne Parrish,wayne.parrish@icloud.com,Germany,2022-02-17,Premium,1799.47
4595,Holly Banks,holly.banks@icloud.com,Singapore,2024-07-21,Basic,64.63
4596,Stephen Jenkins,stephen.jenkins@yahoo.com,USA,2024-04-06,Standard,494.93
4597,Michael Daniels,michael.daniels@gmail.com,USA,2025-05-13,Standard,432.82
4598,Alexandra Hubbard,alexandra.hubbard@yahoo.com,UK,2022-01-13,Premium,3628.48
4599,Daniel Thompson,daniel.thompson@yahoo.com,India,2024-04-21,Standard,314.76
4600,Ross Thompson,ross.thompson@yahoo.com,USA,2020-11-02,Basic,75.24
4601,Brooke Daniels,brooke.daniels@protonmail.com,Germany,2020-05-11,Standard,392.99
4602,Patrick Bruce,patrick.bruce@hotmail.com,USA,2025-06-01,Standard,125.39
4603,Haley Kim,haley.kim@yahoo.com,Japan,2022-08-31,Standard,474.73
4604,Justin Oliver,justin.oliver@outlook.com,Japan,2023-01-31,Standard,375.05
4605,Sara Vincent,sara.vincent@yahoo.com,UK,2022-11-03,Standard,338.65
4606,Wanda Shaffer,wanda.shaffer@gmail.com,Singapore,2025-06-27,Standard,194.88
4607,Dale Banks,dale.banks@protonmail.com,Singapore,2023-03-12,Premium,2283.33
4608,Christina Jenkins,christina.jenkins@gmail.com,USA,2021-08-23,Standard,225.87
4609,Tyler Walton,tyler.walton@yahoo.com,USA,2024-06-27,Basic,64.0
4610,Sara Garcia,sara.garcia@gmail.com,Germany,2022-03-18,Basic,76.73
4611,Sean Perkins,sean.perkins@outlook.com,USA,2022-08-18,Basic,63.27
4612,Antonio Roberts,antonio.roberts@icloud.com,USA,2024-06-23,Standard,245.92
4613,Robert Walker,robert.walker@outlook.com,USA,2025-07-20,Basic,78.92
4614,Shawn James,shawn.james@gmail.com,Netherlands,2024-09-15,Basic,76.39
4615,James Harrison,james.harrison@yahoo.com,UK,2021-03-18,Premium,4008.58
4616,David Ponce,david.ponce@yahoo.com,Canada,2022-05-03,Standard,193.23
4617,Robin Gutierrez,robin.gutierrez@protonmail.com,USA,2025-02-14,Standard,432.13
4618,Lori Padilla,lori.padilla@protonmail.com,USA,2022-08-16,Basic,85.72
4619,Joyce Smith,joyce.smith@icloud.com,Brazil,2024-07-24,Basic,87.43
4620,Nicholas Walker,nicholas.walker@yahoo.com,USA,2023-07-23,Basic,68.13
4621,Justin Hobbs,justin.hobbs@gmail.com,USA,2025-01-21,Standard,367.86
4622,Joseph Roberson,joseph.roberson@icloud.com,USA,2023-08-07,Basic,31.79
4623,Laura Perry,laura.perry@gmail.com,India,2025-02-11,Premium,2062.33
4624,John Mccullough,john.mccullough@icloud.com,USA,2023-01-22,Premium,3203.73
4625,Robert Smith,robert.smith@gmail.com,USA,2024-07-18,Standard,467.13
4626,Eric Brooks,eric.brooks@outlook.com,USA,2022-07-08,Basic,75.68
4627,Lisa Wilkins,lisa.wilkins@hotmail.com,USA,2024-08-31,Basic,72.97
4628,Carol Rogers,carol.rogers@yahoo.com,USA,2022-04-25,Standard,266.14
4629,Susan Haney,susan.haney@hotmail.com,UK,2020-02-13,Standard,360.19
4630,John Beltran,john.beltran@hotmail.com,USA,2023-04-21,Standard,319.52
4631,James Newman,james.newman@outlook.com,USA,2021-12-03,Premium,3573.11
4632,Maria Solis,maria.solis@outlook.com,India,2025-04-08,Basic,56.32
4633,Becky Anderson,becky.anderson@gmail.com,India,2025-08-08,Standard,440.06
4634,Daisy Madden,daisy.madden@yahoo.com,USA,2024-10-17,Premium,1918.56
4635,Glenn Strong,glenn.strong@gmail.com,USA,2023-12-02,Standard,158.96
4636,Zachary Kim,zachary.kim@gmail.com,USA,2022-04-11,Basic,13.05
4637,Cory Owen,cory.owen@outlook.com,Netherlands,2023-04-24,Basic,47.26
4638,William Welch,william.welch@gmail.com,USA,2022-03-30,Standard,105.04
4639,Kristen Cameron,kristen.cameron@gmail.com,USA,2024-01-04,Premium,4657.85
4640,Courtney Green,courtney.green@protonmail.com,UK,2025-09-26,Basic,72.86
4641,Angela Fry,angela.fry@icloud.com,USA,2022-10-14,Standard,377.68
4642,James Davis,james.davis@outlook.com,USA,2020-01-23,Standard,470.29
4643,Samuel Fuller,samuel.fuller@hotmail.com,USA,2021-06-06,Premium,2540.42
4644,Brittney Johnson,brittney.johnson@outlook.com,India,2023-11-20,Basic,28.41
4645,Jasmine Knapp,jasmine.knapp@yahoo.com,Germany,2020-04-24,Basic,86.95
4646,Christian Reyes,christian.reyes@protonmail.com,India,2023-07-09,Standard,268.06
4647,Julia Anderson,julia.anderson@protonmail.com,Canada,2021-12-15,Premium,4499.23
4648,Shawn Welch,shawn.welch@gmail.com,USA,2021-11-20,Premium,1454.91
4649,Michael Allen,michael.allen@protonmail.com,Spain,2024-11-04,Standard,362.68
4650,Rachael Phillips,rachael.phillips@protonmail.com,India,2025-09-10,Premium,715.24
4651,Amanda Sanchez,amanda.sanchez@outlook.com,France,2022-07-22,Standard,187.42
4652,Kimberly Hartman,kimberly.hartman@yahoo.com,India,2022-12-05,Premium,3027.35
4653,Kaylee Hopkins,kaylee.hopkins@outlook.com,USA,2022-08-14,Standard,197.31
4654,Joshua Donovan,joshua.donovan@hotmail.com,USA,2025-06-03,Standard,311.76
4655,Courtney Little,courtney.little@hotmail.com,UK,2024-10-24,Standard,344.63
4656,Beth Garcia,beth.garcia@hotmail.com,USA,2024-02-11,Basic,50.57
4657,Stephen Carlson,stephen.carlson@hotmail.com,UK,2024-04-18,Standard,315.57
4658,Daniel Campbell,daniel.campbell@yahoo.com,USA,2025-06-21,Basic,12.01
4659,Patricia Davis,patricia.davis@outlook.com,USA,2020-03-16,Basic,69.41
4660,Troy Ward,troy.ward@yahoo.com,Italy,2021-07-18,Basic,14.8
4661,Mary Myers,mary.myers@protonmail.com,India,2023-08-07,Premium,2764.65
4662,Travis Johnson,travis.johnson@protonmail.com,Germany,2023-02-24,Standard,100.78
4663,Charles Chung,charles.chung@protonmail.com,USA,2021-05-03,Standard,411.88
4664,Charles Mcdaniel,charles.mcdaniel@gmail.com,Germany,2025-02-18,Premium,4749.94
4665,Nicholas Edwards,nicholas.edwards@yahoo.com,Mexico,2024-07-17,Premium,3912.78
4666,Rebekah Stokes,rebekah.stokes@protonmail.com,India,2025-12-23,Premium,1681.93
4667,Hector Smith,hector.smith@protonmail.com,Germany,2025-08-01,Standard,236.26
4668,Guy Bradley,guy.bradley@yahoo.com,UK,2024-01-31,Basic,81.42
4669,Catherine Johnson,catherine.johnson@hotmail.com,USA,2025-01-05,Standard,447.53
4670,Theresa Chaney,theresa.chaney@icloud.com,India,2024-10-17,Basic,67.46
4671,Timothy Mendez,timothy.mendez@outlook.com,UAE,2023-08-04,Basic,86.11
4672,Amy Moore,amy.moore@hotmail.com,UK,2024-01-21,Premium,3813.76
4673,Judy House,judy.house@protonmail.com,UK,2025-03-07,Standard,108.14
4674,James Johnson,james.johnson1@icloud.com,UK,2024-04-24,Premium,1972.26
4675,Andrew Hunt,andrew.hunt@hotmail.com,UK,2024-03-11,Basic,73.98
4676,Edwin Camacho,edwin.camacho@protonmail.com,UAE,2022-07-24,Basic,92.81
4677,Danny Robinson,danny.robinson@gmail.com,India,2025-10-06,Standard,430.45
4678,Mark Robinson,mark.robinson@protonmail.com,USA,2023-11-26,Standard,422.54
4679,Jessica Case,jessica.case@outlook.com,USA,2024-02-13,Standard,174.19
4680,Joseph Olson,joseph.olson@icloud.com,UK,2024-05-27,Basic,39.89
4681,Stephanie Bailey,stephanie.bailey@icloud.com,USA,2024-11-20,Basic,57.18
4682,Andrea Phillips,andrea.phillips@hotmail.com,UK,2021-11-16,Basic,44.84
4683,Julie Simpson,julie.simpson@icloud.com,France,2024-11-27,Standard,128.69
4684,William Ross,william.ross@protonmail.com,India,2022-06-12,Premium,4555.07
4685,James Thompson,james.thompson@outlook.com,USA,2022-06-14,Premium,3797.11
4686,Gloria Clay,gloria.clay@icloud.com,India,2021-05-12,Premium,4231.45
4687,Juan Long,juan.long@protonmail.com,India,2024-08-19,Standard,424.74
4688,Brandy Miranda,brandy.miranda@icloud.com,USA,2021-07-15,Basic,67.39
4689,Larry Bauer,larry.bauer@protonmail.com,Germany,2023-07-12,Basic,61.06
4690,Stephanie Freeman,stephanie.freeman@hotmail.com,Germany,2025-09-09,Premium,1043.81
4691,Nicole Henderson,nicole.henderson@gmail.com,Japan,2023-10-08,Standard,242.08
4692,Julie Cabrera,julie.cabrera@gmail.com,USA,2025-01-05,Premium,3396.54
4693,Cindy Lawson,cindy.lawson@yahoo.com,USA,2023-08-12,Basic,75.32
4694,Ruben Bradley,ruben.bradley@yahoo.com,UK,2021-12-31,Basic,51.53
4695,Nathaniel Chen,nathaniel.chen@protonmail.com,USA,2024-12-22,Standard,331.11
4696,Caleb Jackson,caleb.jackson@hotmail.com,UK,2023-05-11,Standard,371.12
4697,Arthur Dixon,arthur.dixon@icloud.com,Australia,2025-03-13,Standard,486.52
4698,Brenda Carter,brenda.carter@protonmail.com,USA,2022-06-10,Standard,104.25
4699,Margaret Newman,margaret.newman@yahoo.com,UK,2025-08-28,Premium,1041.49
4700,Tammy Bell,tammy.bell@yahoo.com,UAE,2023-02-02,Standard,109.42
4701,Anthony White,anthony.white@protonmail.com,UK,2025-11-19,Standard,113.47
4702,Marcus Gibbs,marcus.gibbs@icloud.com,UK,2022-07-16,Standard,295.77
4703,Michael Jones,michael.jones@gmail.com,Germany,2024-11-29,Standard,464.46
4704,Diane Watson,diane.watson@hotmail.com,USA,2021-12-03,Basic,46.0
4705,Kimberly Martinez,kimberly.martinez@yahoo.com,USA,2025-06-22,Standard,430.27
4706,Lucas Smith,lucas.smith@yahoo.com,India,2022-02-13,Standard,145.77
4707,Mark Marshall,mark.marshall@icloud.com,UK,2023-12-03,Basic,12.65
4708,Laura Roach,laura.roach@protonmail.com,USA,2024-05-20,Standard,177.98
4709,Anna Cruz,anna.cruz@icloud.com,USA,2023-01-31,Standard,489.55
4710,Carolyn Rose,carolyn.rose@outlook.com,Japan,2024-03-01,Premium,2443.89
4711,Dakota Ramirez,dakota.ramirez@outlook.com,USA,2024-04-03,Basic,54.21
4712,Cathy Ware,cathy.ware@outlook.com,Canada,2021-10-07,Standard,363.89
4713,Michelle Jones,michelle.jones@yahoo.com,USA,2024-07-28,Standard,304.27
4714,Patricia Fisher,patricia.fisher@outlook.com,Germany,2023-02-18,Premium,2311.27
4715,Katelyn Stewart,katelyn.stewart@icloud.com,USA,2024-11-27,Basic,83.85
4716,Luke Gonzalez,luke.gonzalez@outlook.com,USA,2022-01-24,Standard,436.18
4717,Leah Jimenez,leah.jimenez@hotmail.com,UK,2023-10-30,Standard,420.78
4718,Veronica Fisher,veronica.fisher@gmail.com,India,2025-10-25,Standard,493.21
4719,David Jackson,david.jackson@protonmail.com,USA,2025-01-21,Standard,253.52
4720,Mark Reyes,mark.reyes@yahoo.com,UK,2025-12-20,Standard,321.07
4721,Barbara Mitchell,barbara.mitchell@yahoo.com,UK,2024-09-06,Standard,244.74
4722,Dawn Chase,dawn.chase@icloud.com,USA,2020-03-18,Standard,491.37
4723,Vanessa Buck,vanessa.buck@icloud.com,Germany,2023-05-13,Standard,324.35
4724,Justin Skinner,justin.skinner@outlook.com,USA,2022-03-30,Basic,97.03
4725,Richard Huang,richard.huang@yahoo.com,UK,2024-04-04,Standard,465.58
4726,Samantha Williams,samantha.williams@outlook.com,USA,2021-04-17,Standard,478.77
4727,Deanna Jones,deanna.jones@outlook.com,UK,2025-05-15,Basic,88.49
4728,Cody Lang,cody.lang@icloud.com,USA,2022-08-07,Basic,20.24
4729,Jennifer Hill,jennifer.hill@gmail.com,UK,2020-04-18,Standard,404.36
4730,Karen Ross,karen.ross@icloud.com,UK,2025-09-01,Basic,42.05
4731,Angela Edwards,angela.edwards@icloud.com,Spain,2022-03-13,Premium,4229.75
4732,Cheryl Long,cheryl.long@outlook.com,UK,2020-08-15,Basic,71.38
4733,Heather Gibson,heather.gibson@icloud.com,France,2024-06-24,Premium,2076.53
4734,Melinda Coffey,melinda.coffey@protonmail.com,USA,2025-05-20,Standard,112.44
4735,David Brooks,david.brooks@yahoo.com,USA,2022-12-11,Basic,42.99
4736,Christine Johnson,christine.johnson@yahoo.com,USA,2023-06-26,Premium,2107.2
4737,Brandon Smith,brandon.smith@outlook.com,UK,2022-05-10,Basic,71.71
4738,Daniel Morris,daniel.morris@hotmail.com,India,2024-09-02,Standard,424.09
4739,Grace Graham,grace.graham@hotmail.com,Japan,2023-01-27,Premium,4433.26
4740,George Lee,george.lee@yahoo.com,Germany,2024-12-16,Basic,99.02
4741,Rachel Wood,rachel.wood@icloud.com,India,2023-02-17,Standard,294.68
4742,Rebecca Mayo,rebecca.mayo@outlook.com,USA,2025-12-09,Basic,78.3
4743,Sarah Parrish,sarah.parrish@protonmail.com,USA,2024-01-23,Basic,88.33
4744,Jordan Glover,jordan.glover@protonmail.com,Australia,2024-11-02,Premium,4010.76
4745,Daniel Valentine,daniel.valentine@gmail.com,USA,2023-05-31,Standard,352.92
4746,Charles Murphy,charles.murphy@yahoo.com,USA,2022-09-19,Standard,258.66
4747,Cheyenne Burnett,cheyenne.burnett@icloud.com,Italy,2022-10-14,Standard,209.32
4748,Joseph Jackson,joseph.jackson@outlook.com,Singapore,2024-03-08,Premium,4365.05
4749,Devin Murray,devin.murray@icloud.com,Germany,2022-05-04,Standard,122.71
4750,David Atkins,david.atkins@outlook.com,USA,2021-10-31,Basic,81.91
4751,Karen Barron,karen.barron@yahoo.com,France,2023-10-20,Premium,2033.98
4752,Tammy Gutierrez,tammy.gutierrez1@gmail.com,USA,2021-08-09,Basic,11.25
4753,Sean Martinez,sean.martinez@yahoo.com,UK,2022-01-01,Standard,203.71
4754,Allison Lane,allison.lane@protonmail.com,USA,2024-07-11,Premium,3201.42
4755,Donna Bray,donna.bray@gmail.com,Spain,2025-02-18,Premium,4404.48
4756,Marc Simon,marc.simon@icloud.com,Spain,2022-12-17,Premium,1036.45
4757,Jeremiah Baker,jeremiah.baker@gmail.com,India,2025-10-28,Standard,345.7
4758,Kenneth Miller,kenneth.miller@yahoo.com,USA,2020-07-02,Premium,2700.79
4759,Angelica Salas,angelica.salas@icloud.com,UK,2025-10-01,Basic,28.8
4760,Donna Moss,donna.moss@protonmail.com,USA,2024-08-10,Basic,33.52
4761,Jamie Miller,jamie.miller@gmail.com,Mexico,2023-02-01,Premium,2987.96
4762,Teresa Brown,teresa.brown@yahoo.com,USA,2024-04-08,Basic,76.84
4763,Alexander Robinson,alexander.robinson@hotmail.com,USA,2023-08-26,Basic,30.19
4764,Lori Lopez,lori.lopez@protonmail.com,India,2023-11-11,Premium,2061.49
4765,Dan Clark,dan.clark@yahoo.com,UK,2023-09-16,Basic,34.06
4766,Brittany Rose,brittany.rose@icloud.com,Japan,2025-03-13,Standard,444.11
4767,Michele Hodges,michele.hodges@gmail.com,USA,2025-12-02,Standard,240.82
4768,Larry Gibson,larry.gibson@hotmail.com,Australia,2024-04-25,Premium,3661.54
4769,Eric Wagner,eric.wagner@protonmail.com,USA,2025-03-24,Basic,87.78
4770,Robin Robinson,robin.robinson@gmail.com,USA,2021-01-04,Basic,22.79
4771,Michael Hester,michael.hester@protonmail.com,UK,2024-02-14,Basic,38.6
4772,Miranda Palmer,miranda.palmer@protonmail.com,USA,2023-11-13,Basic,67.6
4773,Kimberly Lopez,kimberly.lopez@yahoo.com,Germany,2023-02-09,Premium,855.13
4774,Joshua Martin,joshua.martin@icloud.com,USA,2025-04-16,Standard,347.93
4775,Kurt Kane,kurt.kane@icloud.com,USA,2025-08-05,Standard,145.69
4776,Deborah Thomas,deborah.thomas@yahoo.com,India,2025-10-05,Premium,3345.19
4777,Nancy Mcgee,nancy.mcgee@protonmail.com,USA,2024-12-25,Premium,2986.68
4778,John Shannon,john.shannon@protonmail.com,India,2023-04-30,Basic,20.74
4779,Jacob Johnson,jacob.johnson@icloud.com,Canada,2024-12-02,Standard,115.07
4780,Dorothy Chavez,dorothy.chavez@outlook.com,USA,2021-05-08,Premium,2888.32
4781,Joseph Mcintosh,joseph.mcintosh@yahoo.com,Canada,2025-07-27,Basic,62.41
4782,Christopher Reynolds,christopher.reynolds@outlook.com,USA,2020-09-19,Basic,21.55
4783,Edward Shaw,edward.shaw1@protonmail.com,USA,2025-09-20,Standard,455.81
4784,William Brown,william.brown@icloud.com,USA,2024-01-12,Standard,114.32
4785,Joseph Davis,joseph.davis@icloud.com,Japan,2021-12-28,Basic,38.07
4786,Deborah Dennis,deborah.dennis@protonmail.com,Germany,2021-06-16,Standard,224.03
4787,Roberto Carter,roberto.carter@yahoo.com,UK,2023-07-23,Standard,384.59
4788,Richard Wheeler,richard.wheeler@yahoo.com,Singapore,2022-10-05,Standard,242.16
4789,Alyssa Snyder,alyssa.snyder@icloud.com,USA,2025-04-06,Premium,2959.84
4790,Ryan Maldonado,ryan.maldonado@yahoo.com,Mexico,2022-05-21,Standard,348.84
4791,Debbie Haley,debbie.haley@outlook.com,India,2023-08-12,Standard,457.78
4792,Jeffrey Brown,jeffrey.brown@protonmail.com,Italy,2022-01-02,Standard,140.74
4793,Austin Adams,austin.adams@yahoo.com,Spain,2021-10-15,Standard,333.42
4794,Cameron Garcia,cameron.garcia@yahoo.com,UAE,2022-01-23,Standard,477.02
4795,Jeremy Oliver,jeremy.oliver@hotmail.com,USA,2025-08-26,Standard,294.4
4796,Jennifer Myers,jennifer.myers@hotmail.com,Australia,2024-10-12,Standard,338.41
4797,Craig Gross,craig.gross@hotmail.com,France,2025-05-17,Premium,1834.86
4798,Natasha Adams,natasha.adams@icloud.com,India,2023-06-15,Basic,52.77
4799,Jamie Floyd,jamie.floyd@hotmail.com,USA,2022-09-17,Standard,289.2
4800,Michael Roberts,michael.roberts@outlook.com,Singapore,2020-01-07,Standard,373.86
4801,Caitlyn Gross,caitlyn.gross@gmail.com,USA,2023-01-26,Premium,4308.49
4802,Clinton Gordon,clinton.gordon@icloud.com,UK,2020-09-16,Basic,63.81
4803,Jackie Woods,jackie.woods@gmail.com,UK,2020-06-15,Standard,168.84
4804,Kevin Knox,kevin.knox@protonmail.com,USA,2024-08-27,Standard,143.8
4805,John Edwards,john.edwards@protonmail.com,India,2021-08-09,Basic,26.5
4806,Chad Lopez,chad.lopez@hotmail.com,USA,2024-08-06,Basic,23.6
4807,Rachel Thomas,rachel.thomas@hotmail.com,India,2024-02-04,Standard,288.35
4808,Alexander Wells,alexander.wells@gmail.com,Japan,2024-09-16,Standard,195.38
4809,Matthew Thompson,matthew.thompson@yahoo.com,USA,2023-07-01,Basic,81.9
4810,Joseph Jones,joseph.jones@hotmail.com,India,2024-07-20,Basic,63.74
4811,Erin Castaneda,erin.castaneda@outlook.com,USA,2023-03-22,Basic,21.2
4812,Brooke Montes,brooke.montes@yahoo.com,Japan,2021-02-24,Basic,97.55
4813,Brandy Freeman,brandy.freeman@protonmail.com,Netherlands,2022-02-01,Basic,23.64
4814,John Rodriguez,john.rodriguez@protonmail.com,USA,2020-03-16,Basic,80.92
4815,Lori Bradley,lori.bradley@icloud.com,India,2023-05-26,Premium,4059.03
4816,Veronica Conley,veronica.conley@protonmail.com,UK,2024-06-02,Basic,81.53
4817,Alicia Jackson,alicia.jackson@icloud.com,UK,2025-11-23,Basic,50.26
4818,Dwayne Davis,dwayne.davis@yahoo.com,India,2022-12-27,Standard,473.16
4819,Kevin Fitzgerald,kevin.fitzgerald@protonmail.com,UK,2021-01-06,Standard,325.66
4820,Shaun Navarro,shaun.navarro@gmail.com,Germany,2022-08-28,Standard,437.27
4821,Veronica Scott,veronica.scott@outlook.com,USA,2025-09-03,Basic,71.94
4822,Tom Diaz,tom.diaz@icloud.com,USA,2022-04-16,Standard,428.22
4823,Alexander Gomez,alexander.gomez@yahoo.com,Brazil,2023-01-24,Standard,362.96
4824,Jennifer Vance,jennifer.vance@icloud.com,USA,2020-03-14,Standard,406.23
4825,Kim Vincent,kim.vincent@hotmail.com,Germany,2025-10-16,Premium,1286.53
4826,Rachel Larson,rachel.larson@yahoo.com,USA,2023-10-17,Standard,435.0
4827,Daniel Jennings,daniel.jennings@yahoo.com,Japan,2021-01-20,Standard,272.0
4828,Jessica Smith,jessica.smith@gmail.com,Germany,2023-03-12,Standard,150.56
4829,Tiffany Chase,tiffany.chase@outlook.com,UK,2024-10-21,Premium,1819.3
4830,Donna Thomas,donna.thomas@hotmail.com,USA,2023-08-24,Premium,516.57
4831,Tyler Sanchez,tyler.sanchez@yahoo.com,UK,2025-01-30,Standard,344.1
4832,Joyce Mcpherson,joyce.mcpherson@yahoo.com,Netherlands,2025-05-16,Standard,451.88
4833,Michael Garner,michael.garner@gmail.com,UK,2024-01-31,Basic,66.14
4834,James Blevins,james.blevins@hotmail.com,UK,2025-09-14,Basic,65.01
4835,Danielle Sheppard,danielle.sheppard@hotmail.com,Canada,2025-09-06,Basic,32.44
4836,Natalie Shelton,natalie.shelton@outlook.com,USA,2023-10-08,Standard,321.86
4837,Rachel Cole,rachel.cole@hotmail.com,UK,2024-10-15,Premium,1047.94
4838,Susan Rose,susan.rose@icloud.com,USA,2024-02-16,Basic,45.6
4839,Joseph Shelton,joseph.shelton@icloud.com,USA,2024-05-22,Standard,151.39
4840,Pamela Myers,pamela.myers@yahoo.com,India,2024-01-30,Premium,863.49
4841,Robert Mcknight,robert.mcknight@protonmail.com,Brazil,2025-01-20,Standard,113.26
4842,Kyle Williams,kyle.williams@yahoo.com,Spain,2025-10-22,Standard,473.99
4843,Abigail Cooper,abigail.cooper@hotmail.com,Brazil,2022-06-05,Standard,174.7
4844,Cheryl Hamilton,cheryl.hamilton@gmail.com,UK,2024-04-30,Premium,4183.32
4845,Spencer Donaldson,spencer.donaldson@hotmail.com,USA,2024-12-06,Standard,195.47
4846,Laura Roberts,laura.roberts@gmail.com,India,2025-01-12,Premium,1888.78
4847,Tara Porter,tara.porter@outlook.com,Netherlands,2023-05-21,Standard,101.2
4848,Gina Owens,gina.owens@icloud.com,India,2022-09-06,Basic,21.21
4849,Edward Levy,edward.levy@hotmail.com,UK,2022-01-30,Basic,74.72
4850,Cindy Beck,cindy.beck@yahoo.com,India,2020-10-09,Standard,173.61
4851,Kevin Roberts,kevin.roberts@hotmail.com,Canada,2021-10-08,Premium,1838.7
4852,Lauren Smith,lauren.smith@protonmail.com,Spain,2022-04-23,Standard,148.97
4853,Blake Campbell,blake.campbell@protonmail.com,Canada,2021-03-24,Standard,115.51
4854,Brittany Brown,brittany.brown@yahoo.com,UK,2025-09-03,Basic,86.62
4855,Kevin Jordan,kevin.jordan@icloud.com,USA,2023-01-18,Basic,32.99
4856,Donna Smith,donna.smith@protonmail.com,UK,2023-05-07,Standard,257.02
4857,John Bell,john.bell@outlook.com,USA,2024-10-28,Basic,13.86
4858,Justin Trevino,justin.trevino@gmail.com,Netherlands,2022-08-13,Standard,312.91
4859,Elizabeth Mack,elizabeth.mack@protonmail.com,UK,2024-11-02,Standard,222.35
4860,Eric Miller,eric.miller@hotmail.com,UK,2025-02-07,Basic,21.75
4861,Joseph Ferrell,joseph.ferrell@gmail.com,USA,2023-08-19,Standard,318.3
4862,James Richards,james.richards@outlook.com,India,2023-08-05,Standard,154.84
4863,Christopher Robinson,christopher.robinson@hotmail.com,UK,2023-01-16,Basic,60.98
4864,Thomas Gomez,thomas.gomez@icloud.com,USA,2023-01-30,Standard,471.86
4865,Lisa Walsh,lisa.walsh@icloud.com,Brazil,2024-10-21,Standard,171.98
4866,Roberto Rasmussen,roberto.rasmussen@outlook.com,USA,2023-08-07,Premium,1094.11
4867,Corey Green,corey.green@protonmail.com,UK,2023-12-08,Standard,335.78
4868,Kevin Collins,kevin.collins@gmail.com,USA,2023-04-26,Standard,372.16
4869,Anne Shelton,anne.shelton@outlook.com,Germany,2020-01-01,Standard,215.14
4870,Marcus Lane,marcus.lane@hotmail.com,India,2021-03-27,Standard,238.47
4871,Felicia Gonzalez,felicia.gonzalez@icloud.com,Brazil,2024-02-01,Standard,487.2
4872,Derek Spencer,derek.spencer@outlook.com,USA,2020-06-20,Standard,442.56
4873,Kevin Miller,kevin.miller@icloud.com,Singapore,2024-01-22,Basic,86.03
4874,Ashley Fuller,ashley.fuller@protonmail.com,India,2025-08-27,Standard,371.51
4875,Amy Bennett,amy.bennett@protonmail.com,USA,2024-10-22,Standard,310.43
4876,Nancy Kim,nancy.kim@protonmail.com,USA,2022-08-20,Basic,90.98
4877,Dillon Ramos,dillon.ramos@gmail.com,USA,2023-02-15,Premium,750.5
4878,Lawrence Donovan,lawrence.donovan@protonmail.com,Brazil,2024-12-25,Standard,452.6
4879,Jennifer Mcdonald,jennifer.mcdonald@hotmail.com,USA,2024-07-07,Premium,4013.47
4880,Ronald Fisher,ronald.fisher@protonmail.com,UK,2025-11-18,Standard,286.74
4881,Robert Johnson,robert.johnson@yahoo.com,India,2023-02-05,Basic,53.26
4882,Angelica Bernard,angelica.bernard@gmail.com,Brazil,2022-05-09,Standard,109.26
4883,Robert Campos,robert.campos@yahoo.com,India,2023-12-17,Basic,74.42
4884,Christina Turner,christina.turner@hotmail.com,Canada,2025-10-14,Premium,3185.42
4885,John Hunt,john.hunt@protonmail.com,USA,2024-04-08,Standard,333.88
4886,David Daniels,david.daniels@icloud.com,Brazil,2025-09-06,Standard,338.94
4887,Ariana Carter,ariana.carter@icloud.com,USA,2024-02-16,Standard,425.42
4888,Karina Long,karina.long@outlook.com,USA,2025-04-19,Standard,258.69
4889,Richard Smith,richard.smith@gmail.com,Singapore,2024-07-20,Standard,491.05
4890,Lindsey Golden,lindsey.golden@yahoo.com,USA,2025-04-25,Standard,116.75
4891,Steve Brown,steve.brown@icloud.com,USA,2025-12-21,Basic,96.17
4892,Brian Gallegos,brian.gallegos@hotmail.com,Germany,2025-03-14,Basic,84.61
4893,Debra Cook,debra.cook@protonmail.com,USA,2025-12-02,Standard,105.2
4894,Connor Roberts,connor.roberts@icloud.com,USA,2024-10-03,Basic,26.19
4895,Timothy Rivera,timothy.rivera@icloud.com,Germany,2024-10-29,Premium,594.26
4896,Bruce Yang,bruce.yang@gmail.com,Canada,2024-09-09,Standard,426.71
4897,Emily Stevenson,emily.stevenson@protonmail.com,Australia,2024-01-14,Standard,402.83
4898,Brian Harris,brian.harris@gmail.com,USA,2024-02-13,Standard,131.63
4899,Douglas Yang,douglas.yang@yahoo.com,Germany,2024-12-02,Standard,469.21
4900,Tyler Walker,tyler.walker@yahoo.com,France,2023-09-28,Standard,456.08
4901,Emma Phelps,emma.phelps@yahoo.com,USA,2025-01-07,Basic,56.05
4902,Kevin Collins,kevin.collins@hotmail.com,USA,2025-11-15,Standard,457.11
4903,Veronica Smith,veronica.smith@icloud.com,USA,2024-05-14,Basic,39.21
4904,Todd Watts,todd.watts@icloud.com,UK,2023-09-13,Standard,124.07
4905,Danny Smith,danny.smith@protonmail.com,USA,2025-10-12,Standard,199.87
4906,Cassandra Martinez,cassandra.martinez@outlook.com,India,2024-07-09,Standard,177.02
4907,Collin Harris,collin.harris@icloud.com,Singapore,2023-09-26,Standard,482.59
4908,Thomas Wall,thomas.wall@outlook.com,USA,2024-07-16,Standard,480.29
4909,Scott Brown,scott.brown@outlook.com,India,2024-05-27,Basic,35.78
4910,David Sullivan,david.sullivan@outlook.com,USA,2024-11-02,Standard,115.17
4911,Toni Wilkins,toni.wilkins@protonmail.com,USA,2022-04-13,Premium,3607.2
4912,Meagan Payne,meagan.payne@yahoo.com,Canada,2022-03-10,Basic,90.14
4913,Lorraine Maldonado,lorraine.maldonado@yahoo.com,UK,2025-06-25,Standard,198.36
4914,Michele Williamson,michele.williamson@hotmail.com,Netherlands,2025-05-16,Basic,35.54
4915,Ryan Fields,ryan.fields@outlook.com,UK,2023-09-13,Standard,143.96
4916,Jack Cardenas,jack.cardenas@gmail.com,USA,2025-11-08,Standard,159.53
4917,Diane Jackson,diane.jackson@hotmail.com,UK,2023-04-14,Standard,350.68
4918,Judith Payne,judith.payne@hotmail.com,USA,2021-05-10,Standard,304.02
4919,Thomas Roberts,thomas.roberts1@icloud.com,Brazil,2024-07-27,Standard,203.61
4920,Elizabeth Haley,elizabeth.haley@gmail.com,India,2020-07-14,Premium,4727.14
4921,Trevor Contreras,trevor.contreras@yahoo.com,USA,2021-01-01,Basic,63.66
4922,Peter Wolfe,peter.wolfe@gmail.com,UK,2025-04-27,Basic,87.58
4923,Daniel Butler,daniel.butler@hotmail.com,India,2024-02-05,Standard,124.25
4924,Roger Johnson,roger.johnson@outlook.com,Australia,2022-05-28,Standard,369.5
4925,Stephen Elliott,stephen.elliott@outlook.com,USA,2023-01-03,Basic,83.01
4926,Alex Turner,alex.turner@hotmail.com,USA,2024-05-03,Premium,4641.14
4927,Deanna Barry,deanna.barry@gmail.com,USA,2024-11-27,Standard,405.52
4928,Christine Williams,christine.williams@hotmail.com,UK,2023-09-27,Premium,3203.65
4929,Rebecca Estes,rebecca.estes@protonmail.com,UK,2023-10-17,Premium,1301.37
4930,Taylor Sharp,taylor.sharp@yahoo.com,USA,2024-10-26,Premium,3043.44
4931,Joshua Holden,joshua.holden@yahoo.com,UK,2024-10-13,Basic,54.44
4932,Michael Foley,michael.foley@protonmail.com,UK,2025-08-19,Standard,236.64
4933,Wesley Bailey,wesley.bailey@hotmail.com,USA,2023-06-04,Basic,42.83
4934,Jasmin Myers,jasmin.myers@yahoo.com,Spain,2025-09-28,Basic,28.05
4935,Bryan Rios,bryan.rios@gmail.com,Germany,2025-12-06,Premium,4231.78
4936,Michael Ball,michael.ball@icloud.com,USA,2023-11-11,Basic,92.26
4937,Matthew Espinoza,matthew.espinoza@protonmail.com,UK,2020-06-08,Standard,456.77
4938,Kristin Ramirez,kristin.ramirez@icloud.com,USA,2024-06-11,Basic,19.14
4939,Kathryn Turner,kathryn.turner@icloud.com,Japan,2025-01-19,Standard,125.43
4940,Phillip Hendricks,phillip.hendricks@gmail.com,Germany,2020-03-09,Standard,243.92
4941,Deanna Bennett,deanna.bennett@outlook.com,UK,2022-12-24,Standard,196.48
4942,Thomas Hopkins,thomas.hopkins@gmail.com,Spain,2024-11-30,Basic,82.94
4943,Barbara Pennington,barbara.pennington@icloud.com,Japan,2025-11-11,Standard,413.9
4944,Kimberly Fox,kimberly.fox@icloud.com,France,2021-12-22,Basic,20.78
4945,David Nguyen,david.nguyen@outlook.com,USA,2023-06-24,Premium,2042.76
4946,Stephanie Bailey,stephanie.bailey1@icloud.com,USA,2022-04-14,Standard,278.73
4947,Christina Powell,christina.powell@hotmail.com,India,2025-06-25,Standard,494.38
4948,Brady Christian,brady.christian@outlook.com,UK,2024-04-06,Premium,4602.57
4949,Erik Davis,erik.davis@protonmail.com,India,2023-03-02,Premium,3492.71
4950,Daniel Villa,daniel.villa@yahoo.com,Canada,2025-04-22,Standard,484.15
4951,Thomas Wolf,thomas.wolf@gmail.com,USA,2024-08-20,Basic,15.78
4952,Tina Stokes,tina.stokes@hotmail.com,USA,2025-12-04,Basic,36.44
4953,Jessica Young,jessica.young@icloud.com,UK,2022-12-05,Standard,105.39
4954,Rachel Thompson,rachel.thompson@icloud.com,USA,2020-03-21,Standard,211.36
4955,Patricia Campos,patricia.campos@hotmail.com,India,2023-09-09,Premium,4090.78
4956,Robert Brown,robert.brown@protonmail.com,Canada,2022-08-18,Basic,15.58
4957,Cheryl Wilson,cheryl.wilson@yahoo.com,UK,2025-06-08,Basic,54.46
4958,Melanie Jones,melanie.jones@gmail.com,India,2024-05-11,Basic,47.76
4959,Kathryn Obrien,kathryn.obrien@outlook.com,UK,2022-06-26,Basic,59.86
4960,Mary Mclean,mary.mclean@gmail.com,India,2024-08-18,Standard,184.05
4961,Manuel Hale,manuel.hale@gmail.com,USA,2024-11-26,Standard,431.15
4962,Nicholas Zhang,nicholas.zhang@outlook.com,Canada,2024-10-14,Basic,82.53
4963,Audrey Gonzalez,audrey.gonzalez@icloud.com,India,2022-07-11,Premium,4788.76
4964,Johnny Kim,johnny.kim@yahoo.com,USA,2025-05-14,Premium,2389.92
4965,Justin Harris,justin.harris@yahoo.com,Germany,2024-10-25,Standard,447.6
4966,Fernando Cervantes,fernando.cervantes@gmail.com,Japan,2025-06-13,Basic,86.32
4967,Lindsey Lee,lindsey.lee@icloud.com,USA,2024-08-19,Standard,255.21
4968,Brandi Soto,brandi.soto@protonmail.com,Canada,2024-11-27,Basic,55.29
4969,Elizabeth Harris,elizabeth.harris@gmail.com,Netherlands,2020-11-06,Standard,424.97
4970,Lisa Barry,lisa.barry@gmail.com,Brazil,2024-02-05,Standard,448.45
4971,Michael Russell,michael.russell@gmail.com,UK,2021-03-01,Standard,425.54
4972,Amy Jones,amy.jones@gmail.com,Germany,2025-10-03,Basic,76.35
4973,Jacob Blair,jacob.blair@icloud.com,UAE,2022-12-03,Standard,340.22
4974,Rhonda May,rhonda.may@outlook.com,Germany,2023-05-04,Basic,63.39
4975,Tyler Collier,tyler.collier@outlook.com,USA,2024-09-11,Standard,245.85
4976,Ashley Wells,ashley.wells@outlook.com,USA,2024-04-03,Basic,54.07
4977,Michael Montgomery,michael.montgomery@yahoo.com,Australia,2024-11-24,Basic,66.74
4978,Angelica Taylor,angelica.taylor@hotmail.com,UK,2025-11-24,Standard,290.05
4979,Carlos Patterson,carlos.patterson@outlook.com,USA,2024-12-12,Basic,81.24
4980,Nicholas Jones,nicholas.jones@gmail.com,USA,2025-05-10,Standard,279.29
4981,Christian Patton,christian.patton@hotmail.com,Canada,2023-12-31,Basic,95.83
4982,Kenneth Wilson,kenneth.wilson@icloud.com,UK,2024-05-30,Basic,85.02
4983,Jerry Guzman,jerry.guzman@gmail.com,Brazil,2025-11-29,Standard,200.7
4984,Mark Walker,mark.walker@hotmail.com,India,2022-07-08,Standard,402.83
4985,Shelia Nielsen,shelia.nielsen@protonmail.com,Singapore,2022-01-29,Basic,82.51
4986,John Warner,john.warner@icloud.com,Mexico,2020-03-18,Basic,53.11
4987,Carlos Savage,carlos.savage@yahoo.com,USA,2024-05-17,Standard,396.07
4988,Tammy Jones,tammy.jones@yahoo.com,India,2024-03-26,Basic,51.97
4989,Barbara Castaneda,barbara.castaneda@protonmail.com,USA,2022-04-07,Standard,121.92
4990,Sarah Porter,sarah.porter@hotmail.com,UAE,2021-11-04,Standard,189.81
4991,Reginald Brown,reginald.brown@hotmail.com,USA,2020-03-26,Standard,118.7
4992,Heidi Rodriguez,heidi.rodriguez@outlook.com,India,2023-07-03,Premium,1710.34
4993,Thomas Lowery,thomas.lowery@icloud.com,Japan,2022-07-26,Standard,389.41
4994,Jose Johnson,jose.johnson@protonmail.com,USA,2025-01-17,Standard,180.2
4995,Matthew Green,matthew.green@icloud.com,Japan,2025-05-23,Premium,4458.94
4996,Matthew Hubbard,matthew.hubbard@hotmail.com,USA,2024-02-10,Standard,397.53
4997,Donald Payne,donald.payne@outlook.com,UK,2025-12-15,Basic,16.99
4998,Jessica Glass,jessica.glass@icloud.com,UK,2025-05-02,Basic,79.26
4999,Elizabeth Johns,elizabeth.johns@gmail.com,USA,2024-12-08,Basic,32.21
5000,Joe Jones,joe.jones@hotmail.com,Germany,2024-08-22,Standard,392.63
5001,Stacy Strong,stacy.strong@protonmail.com,Spain,2025-05-28,Basic,70.26
5002,Jacqueline Cannon,jacqueline.cannon@icloud.com,USA,2024-07-19,Premium,4717.3
5003,Austin Zavala,austin.zavala@hotmail.com,Germany,2023-07-16,Premium,2824.76
5004,Stephanie George,stephanie.george@protonmail.com,Brazil,2020-09-01,Basic,23.71
5005,Cheyenne Miller,cheyenne.miller1@protonmail.com,Canada,2024-07-13,Standard,120.27
5006,Andrea Potts,andrea.potts@protonmail.com,USA,2025-08-17,Basic,58.12
5007,Joseph Williams,joseph.williams@protonmail.com,Netherlands,2024-11-03,Standard,419.08
5008,Austin Romero,austin.romero@gmail.com,USA,2023-06-07,Standard,363.6
5009,Debra Reynolds,debra.reynolds@gmail.com,Germany,2024-04-21,Standard,255.14
5010,Kevin Horn,kevin.horn@icloud.com,Germany,2025-01-29,Premium,953.17
5011,Teresa Smith,teresa.smith@hotmail.com,Australia,2024-10-26,Standard,488.78
5012,Brian Ayala,brian.ayala@outlook.com,USA,2023-06-28,Premium,1075.84
5013,Lisa Ferguson,lisa.ferguson@protonmail.com,USA,2023-02-02,Standard,118.16
5014,Michelle Fleming,michelle.fleming@yahoo.com,Canada,2023-11-17,Basic,49.8
5015,Joann Tran,joann.tran@icloud.com,USA,2025-11-18,Premium,2132.73
5016,Brett Cannon,brett.cannon@outlook.com,UK,2021-08-03,Standard,369.54
5017,Heather Jordan,heather.jordan@icloud.com,India,2025-01-19,Standard,372.64
5018,Ronald Taylor,ronald.taylor@gmail.com,India,2022-10-19,Standard,108.83
5019,Samuel Prince,samuel.prince@gmail.com,USA,2025-01-22,Standard,308.84
5020,Toni Richardson,toni.richardson@yahoo.com,USA,2023-12-21,Standard,489.3
5021,James Kim,james.kim@gmail.com,Singapore,2024-02-10,Basic,78.48
5022,Brian Hall,brian.hall@hotmail.com,UK,2024-10-17,Premium,4446.3
5023,Brianna Perez,brianna.perez@icloud.com,USA,2024-01-16,Basic,97.52
5024,Julie Beasley,julie.beasley@icloud.com,USA,2025-10-27,Premium,3234.59
5025,Laura Bradley,laura.bradley@outlook.com,USA,2020-01-25,Standard,196.06
5026,Vicki Smith,vicki.smith@icloud.com,UAE,2022-05-07,Standard,442.95
5027,Jennifer Hess,jennifer.hess@yahoo.com,USA,2022-10-05,Premium,4733.24
5028,Chase Martinez,chase.martinez@protonmail.com,USA,2024-06-03,Premium,4625.59
5029,Henry Williams,henry.williams@hotmail.com,UK,2024-11-23,Premium,583.19
5030,Michael Rios,michael.rios@hotmail.com,USA,2022-03-29,Premium,4099.47
5031,John Carter,john.carter@yahoo.com,USA,2025-08-31,Standard,189.16
5032,Catherine Mendoza,catherine.mendoza@icloud.com,UAE,2022-10-13,Premium,1924.5
5033,David Jones,david.jones@gmail.com,India,2023-08-08,Basic,94.12
5034,John Stephens,john.stephens@outlook.com,USA,2023-03-29,Basic,14.98
5035,Troy Moss,troy.moss@outlook.com,UK,2024-08-29,Standard,391.37
5036,Michael Herman,michael.herman@protonmail.com,USA,2020-04-24,Premium,2607.85
5037,Jeffrey Marquez,jeffrey.marquez@protonmail.com,USA,2025-07-02,Standard,426.38
5038,Shelly Deleon,shelly.deleon@yahoo.com,Germany,2024-09-10,Basic,34.57
5039,Kelly Valdez,kelly.valdez@icloud.com,UK,2024-04-09,Standard,229.99
5040,Alison Adams,alison.adams@hotmail.com,Canada,2022-02-23,Premium,1104.25
5041,Heidi Gordon,heidi.gordon@outlook.com,Mexico,2025-10-26,Basic,84.85
5042,Brian Mccullough,brian.mccullough@outlook.com,USA,2025-04-05,Standard,440.16
5043,Janice Howell,janice.howell@protonmail.com,Italy,2024-07-27,Standard,384.86
5044,Joshua Harris,joshua.harris@icloud.com,UK,2022-11-18,Basic,37.75
5045,Derrick Daugherty,derrick.daugherty@outlook.com,USA,2023-08-30,Basic,37.77
5046,Jerry Harmon,jerry.harmon@yahoo.com,Japan,2023-11-26,Standard,219.83
5047,Jason Watson,jason.watson@gmail.com,USA,2022-08-17,Standard,176.41
5048,Lisa Thomas,lisa.thomas@hotmail.com,Germany,2024-05-15,Standard,240.56
5049,Tiffany Hale,tiffany.hale@icloud.com,India,2023-10-01,Standard,214.64
5050,Debra Chavez,debra.chavez@hotmail.com,USA,2025-04-30,Standard,103.77
5051,Danny Porter,danny.porter@outlook.com,Brazil,2023-04-26,Standard,208.86
5052,Arthur Ramirez,arthur.ramirez@yahoo.com,USA,2024-07-18,Standard,260.71
5053,Patrick Wilcox,patrick.wilcox@protonmail.com,Japan,2025-12-24,Basic,59.15
5054,Christopher Ramirez,christopher.ramirez@hotmail.com,USA,2023-01-27,Basic,82.85
5055,Chelsea Simpson,chelsea.simpson@icloud.com,USA,2021-01-20,Basic,85.35
5056,Michelle Cruz,michelle.cruz@icloud.com,USA,2024-05-28,Premium,777.55
5057,Bradley Harris,bradley.harris@icloud.com,Japan,2023-12-23,Standard,298.17
5058,Jack Jordan,jack.jordan@yahoo.com,USA,2025-11-09,Standard,268.22
5059,Brett Torres,brett.torres@yahoo.com,Brazil,2025-06-18,Standard,244.95
5060,Amber Bailey,amber.bailey@protonmail.com,USA,2024-05-15,Premium,4070.55
5061,Anthony Franklin,anthony.franklin@icloud.com,UK,2025-01-12,Basic,54.09
5062,Patricia Livingston,patricia.livingston@icloud.com,USA,2022-04-07,Standard,322.69
5063,Rebecca Patrick,rebecca.patrick@gmail.com,USA,2022-03-20,Premium,2069.38
5064,Brittany Todd,brittany.todd@protonmail.com,Netherlands,2022-07-14,Standard,396.72
5065,Matthew Calderon,matthew.calderon@gmail.com,UK,2024-12-12,Basic,31.88
5066,Ryan Patterson,ryan.patterson@hotmail.com,India,2022-06-26,Standard,239.46
5067,Jessica Moss,jessica.moss@outlook.com,Germany,2021-08-10,Premium,2149.16
5068,Brian Rodriguez,brian.rodriguez@outlook.com,UK,2025-02-05,Standard,345.76
5069,Paul Griffith,paul.griffith@yahoo.com,Germany,2022-01-13,Basic,13.87
5070,Erica Garrison,erica.garrison@yahoo.com,Mexico,2022-11-19,Premium,4416.26
5071,Sharon Ford,sharon.ford@hotmail.com,India,2023-07-25,Standard,107.2
5072,Ashley Carroll,ashley.carroll@outlook.com,UK,2021-05-06,Basic,41.16
5073,April Martin,april.martin@protonmail.com,India,2020-09-20,Basic,83.07
5074,Patrick Reese,patrick.reese@icloud.com,Germany,2022-05-10,Premium,2397.83
5075,Sandy Anderson,sandy.anderson@outlook.com,UK,2023-03-24,Basic,75.51
5076,Alexis Marsh,alexis.marsh@gmail.com,Germany,2025-05-08,Standard,382.19
5077,Stephanie Miller,stephanie.miller@yahoo.com,UK,2023-09-16,Premium,1202.96
5078,John Daniels,john.daniels@gmail.com,Canada,2024-11-20,Premium,4210.35
5079,Matthew Foster,matthew.foster@hotmail.com,Singapore,2024-08-01,Standard,134.53
5080,Christina Ward,christina.ward@icloud.com,Netherlands,2025-03-03,Premium,914.8
5081,Donna Patton,donna.patton@protonmail.com,France,2025-06-19,Basic,33.9
5082,Lisa Franklin,lisa.franklin@icloud.com,Germany,2023-10-31,Basic,49.24
5083,David Carroll,david.carroll@protonmail.com,Canada,2021-06-15,Premium,4648.66
5084,Manuel Baker,manuel.baker@icloud.com,USA,2020-07-30,Basic,44.86
5085,Harold Ford,harold.ford@protonmail.com,UK,2022-12-25,Basic,51.62
5086,Scott Owens,scott.owens@protonmail.com,USA,2025-07-31,Premium,2219.0
5087,Tammy Castillo,tammy.castillo@yahoo.com,USA,2024-09-01,Basic,79.82
5088,Megan Robinson,megan.robinson@yahoo.com,Singapore,2021-08-18,Basic,32.36
5089,Brian Mcmillan,brian.mcmillan@icloud.com,Brazil,2021-12-10,Basic,56.05
5090,Joshua Bishop,joshua.bishop@protonmail.com,UK,2025-10-29,Standard,103.53
5091,Lee Brown,lee.brown@icloud.com,USA,2024-07-08,Basic,94.2
5092,Hector Miranda,hector.miranda@hotmail.com,India,2021-09-09,Basic,20.28
5093,Joshua Booth,joshua.booth@icloud.com,UK,2025-09-17,Standard,106.01
5094,David Mccoy,david.mccoy@hotmail.com,Australia,2024-05-14,Standard,194.68
5095,Dylan Williamson,dylan.williamson@hotmail.com,UAE,2023-04-02,Standard,116.59
5096,Brandon Wilson,brandon.wilson@yahoo.com,USA,2023-08-14,Standard,396.76
5097,Benjamin Cohen,benjamin.cohen@hotmail.com,USA,2024-04-16,Standard,334.74
5098,Michelle Riley,michelle.riley@hotmail.com,USA,2023-07-01,Premium,4969.17
5099,Bobby Love,bobby.love@outlook.com,USA,2025-10-24,Basic,95.14
5100,Bruce Klein,bruce.klein@icloud.com,UK,2025-10-28,Basic,69.19
5101,Jonathon Scott,jonathon.scott@icloud.com,USA,2024-01-27,Standard,443.16
5102,Erika Mathews,erika.mathews@protonmail.com,USA,2024-10-05,Standard,212.86
5103,Michael Higgins,michael.higgins@icloud.com,USA,2025-04-09,Premium,2859.13
5104,Caroline Bailey,caroline.bailey@icloud.com,USA,2020-04-13,Premium,4867.81
5105,Chris Wallace,chris.wallace@protonmail.com,India,2020-03-11,Standard,161.35
5106,William Young,william.young@hotmail.com,USA,2025-01-16,Premium,2986.66
5107,Mark Watson,mark.watson@protonmail.com,Brazil,2022-09-28,Basic,62.77
5108,Mackenzie Perry,mackenzie.perry@yahoo.com,USA,2024-03-17,Standard,469.37
5109,Dawn Liu,dawn.liu@gmail.com,USA,2024-05-18,Premium,1133.61
5110,Douglas Nguyen,douglas.nguyen@outlook.com,USA,2022-03-11,Basic,49.44
5111,Kristin Rogers,kristin.rogers@icloud.com,India,2022-07-18,Standard,340.58
5112,Ricky Pearson,ricky.pearson@yahoo.com,USA,2024-01-27,Standard,447.0
5113,Thomas Beltran,thomas.beltran@protonmail.com,UK,2021-05-03,Premium,1667.29
5114,Christy Martin,christy.martin@yahoo.com,USA,2021-09-08,Standard,345.42
5115,Bradley Conrad,bradley.conrad@protonmail.com,UAE,2023-12-29,Standard,264.14
5116,Rhonda Johnson,rhonda.johnson@outlook.com,USA,2021-03-08,Basic,97.55
5117,Chelsea Morton,chelsea.morton@yahoo.com,UK,2024-06-25,Standard,364.61
5118,William Norman,william.norman@hotmail.com,Japan,2025-01-16,Basic,40.23
5119,William Perkins,william.perkins@gmail.com,USA,2024-12-27,Standard,485.75
5120,Maurice Lewis,maurice.lewis@protonmail.com,USA,2024-12-26,Basic,84.15
5121,Mariah Johnson,mariah.johnson@gmail.com,France,2023-07-02,Standard,328.81
5122,Jessica James,jessica.james@yahoo.com,USA,2025-01-28,Standard,417.31
5123,Whitney Miller,whitney.miller@protonmail.com,USA,2025-10-01,Standard,383.32
5124,Chris Walls,chris.walls@icloud.com,UK,2025-05-20,Standard,206.34
5125,Jeffrey Gordon,jeffrey.gordon@icloud.com,USA,2022-10-23,Premium,4885.42
5126,Autumn Kelley,autumn.kelley@gmail.com,Spain,2021-06-04,Standard,122.21
5127,Robert Quinn,robert.quinn@icloud.com,India,2021-11-25,Standard,375.78
5128,Melanie Rose,melanie.rose@protonmail.com,Germany,2022-09-03,Standard,477.7
5129,Brett Kennedy,brett.kennedy@outlook.com,USA,2021-09-02,Premium,3278.79
5130,Alice Alexander,alice.alexander@yahoo.com,India,2025-09-17,Premium,2677.75
5131,Joseph Huff,joseph.huff@hotmail.com,India,2022-04-15,Premium,1633.04
5132,Kelly Sanchez,kelly.sanchez@gmail.com,USA,2022-09-23,Premium,1591.74
5133,John Saunders,john.saunders@hotmail.com,Brazil,2025-12-06,Premium,2313.5
5134,Michael Bryant,michael.bryant@icloud.com,Germany,2025-08-20,Premium,692.6
5135,Kaitlin Wilson,kaitlin.wilson@outlook.com,Australia,2022-06-13,Standard,259.82
5136,John Oconnor,john.oconnor@gmail.com,USA,2022-10-03,Standard,122.17
5137,Nicole Cox,nicole.cox@hotmail.com,USA,2025-05-27,Basic,87.23
5138,Michael Wagner,michael.wagner@yahoo.com,India,2025-09-02,Basic,79.97
5139,Robin Valdez,robin.valdez@outlook.com,Australia,2024-10-06,Premium,3478.76
5140,Cassie Cole,cassie.cole@yahoo.com,USA,2023-05-23,Standard,259.76
5141,Robert Hudson,robert.hudson1@icloud.com,USA,2024-01-19,Standard,178.0
5142,Margaret Martinez,margaret.martinez@outlook.com,France,2025-07-23,Standard,458.03
5143,Amanda Frank,amanda.frank@icloud.com,USA,2021-08-12,Standard,254.82
5144,Rickey Richards,rickey.richards@gmail.com,USA,2023-10-31,Standard,279.51
5145,Devin Green,devin.green@gmail.com,Germany,2025-04-05,Standard,132.03
5146,Justin Edwards,justin.edwards@hotmail.com,USA,2024-10-30,Standard,346.39
5147,Christopher Fisher,christopher.fisher@yahoo.com,USA,2021-07-31,Basic,74.86
5148,Tonya Johnston,tonya.johnston@hotmail.com,USA,2024-08-09,Standard,240.21
5149,Cynthia Barton,cynthia.barton@hotmail.com,Spain,2024-08-14,Basic,22.6
5150,Rachel Walter,rachel.walter@yahoo.com,USA,2022-04-19,Basic,58.36
5151,Alexis Martinez,alexis.martinez@hotmail.com,India,2023-01-26,Standard,428.71
5152,Jose Spencer,jose.spencer@hotmail.com,UAE,2022-01-17,Basic,43.51
5153,Sarah Newton,sarah.newton@hotmail.com,India,2025-06-15,Basic,71.26
5154,David Johnson,david.johnson@outlook.com,UK,2022-02-26,Standard,428.55
5155,Ryan Vaughn,ryan.vaughn@hotmail.com,UK,2025-06-05,Premium,1630.17
5156,Veronica Anderson,veronica.anderson@gmail.com,USA,2024-02-05,Basic,93.28
5157,Michelle Sellers,michelle.sellers@protonmail.com,Germany,2025-05-28,Standard,252.53
5158,Rebecca Gomez,rebecca.gomez@hotmail.com,Netherlands,2025-03-07,Standard,302.54
5159,Richard Hawkins,richard.hawkins@protonmail.com,Australia,2025-04-27,Standard,166.37
5160,Jennifer Wilson,jennifer.wilson@gmail.com,UK,2025-10-02,Standard,459.31
5161,Phyllis Villanueva,phyllis.villanueva@gmail.com,USA,2023-05-09,Premium,1789.23
5162,Brittany Jensen,brittany.jensen@yahoo.com,Mexico,2022-05-17,Basic,93.24
5163,Virginia Williams,virginia.williams@yahoo.com,USA,2022-08-02,Standard,166.36
5164,Joanne Kelly,joanne.kelly@yahoo.com,Japan,2024-08-19,Standard,260.5
5165,Shane Ortiz,shane.ortiz@protonmail.com,USA,2023-01-07,Standard,487.97
5166,Shannon Davenport,shannon.davenport@icloud.com,India,2023-02-11,Premium,2360.73
5167,Keith Woods,keith.woods@hotmail.com,France,2020-08-28,Basic,62.74
5168,Dennis White,dennis.white@yahoo.com,UK,2024-01-02,Standard,343.15
5169,Katie Hendricks,katie.hendricks@icloud.com,USA,2021-09-23,Standard,439.73
5170,Sharon Miller,sharon.miller@protonmail.com,Japan,2023-03-09,Standard,114.7
5171,Paula Watkins,paula.watkins@gmail.com,USA,2024-12-11,Basic,71.24
5172,Mitchell Banks,mitchell.banks@hotmail.com,USA,2024-06-15,Basic,75.25
5173,Nicolas Gonzales,nicolas.gonzales@icloud.com,UK,2025-02-27,Premium,4812.79
5174,William Chapman,william.chapman@protonmail.com,UK,2024-08-27,Standard,450.78
5175,Shirley Davis,shirley.davis@hotmail.com,India,2025-07-23,Standard,420.32
5176,Kenneth Peterson,kenneth.peterson@protonmail.com,USA,2022-04-30,Basic,21.98
5177,Anne Merritt,anne.merritt@gmail.com,UK,2021-05-10,Basic,90.72
5178,Bethany Anthony,bethany.anthony@outlook.com,Mexico,2024-09-12,Standard,282.5
5179,Ronald Morris,ronald.morris@icloud.com,USA,2021-03-27,Basic,63.82
5180,Lucas White,lucas.white@yahoo.com,UK,2025-08-05,Standard,312.37
5181,Douglas Cervantes,douglas.cervantes@gmail.com,India,2025-09-27,Standard,197.13
5182,Jessica Hays,jessica.hays@gmail.com,Mexico,2022-07-06,Standard,223.36
5183,Jason Stone,jason.stone@hotmail.com,Germany,2024-03-16,Standard,233.11
5184,Barbara Gilbert,barbara.gilbert@icloud.com,France,2023-10-21,Standard,145.56
5185,Cory Mitchell,cory.mitchell@icloud.com,USA,2022-04-11,Standard,313.21
5186,David Hill,david.hill@protonmail.com,USA,2023-05-27,Basic,84.49
5187,Scott Mcclure,scott.mcclure@outlook.com,Netherlands,2024-10-12,Basic,71.01
5188,Keith Hardin,keith.hardin@protonmail.com,Mexico,2025-04-14,Standard,108.49
5189,Vanessa Molina,vanessa.molina@gmail.com,Germany,2022-04-25,Standard,340.38
5190,Sandra Estrada,sandra.estrada@protonmail.com,UK,2024-02-07,Basic,84.12
5191,Donald Clark,donald.clark@hotmail.com,UK,2023-12-27,Premium,3819.02
5192,Mary Fischer,mary.fischer@outlook.com,USA,2022-06-01,Basic,81.75
5193,Anthony Orr,anthony.orr@outlook.com,Mexico,2024-04-09,Standard,481.64
5194,Susan Fernandez,susan.fernandez@outlook.com,France,2024-05-14,Premium,3604.52
5195,Lauren Smith,lauren.smith@gmail.com,UK,2024-01-07,Basic,66.76
5196,Marissa Johnson,marissa.johnson@outlook.com,USA,2025-04-19,Standard,140.85
5197,James Mcmahon,james.mcmahon@hotmail.com,USA,2021-06-08,Premium,976.34
5198,Ashley Dennis,ashley.dennis@icloud.com,USA,2024-03-08,Premium,4528.11
5199,Abigail Guerra,abigail.guerra@icloud.com,India,2022-01-24,Basic,66.25
5200,Kenneth Rodriguez,kenneth.rodriguez1@icloud.com,Germany,2025-01-23,Basic,74.62
5201,Jasmine Kirk,jasmine.kirk@protonmail.com,USA,2020-12-23,Standard,271.81
5202,Sean Reynolds,sean.reynolds@protonmail.com,Germany,2021-12-20,Premium,3386.7
5203,Jose Lin,jose.lin@protonmail.com,Singapore,2024-08-05,Premium,1270.26
5204,Victoria Dennis,victoria.dennis@outlook.com,USA,2023-12-14,Standard,444.62
5205,Darren Gomez,darren.gomez@hotmail.com,UK,2024-02-18,Standard,111.46
5206,Christian Mcguire,christian.mcguire@icloud.com,UK,2025-05-12,Standard,163.77
5207,Jessica Murphy,jessica.murphy@hotmail.com,USA,2023-05-03,Standard,483.38
5208,William Hill,william.hill@yahoo.com,UK,2024-11-11,Standard,276.05
5209,Crystal Hunt,crystal.hunt@hotmail.com,Germany,2025-04-11,Standard,331.12
5210,Kimberly Mann,kimberly.mann@protonmail.com,USA,2024-12-09,Standard,416.26
5211,Leroy Middleton,leroy.middleton@outlook.com,USA,2022-11-13,Premium,3925.0
5212,Ryan Randolph,ryan.randolph@outlook.com,Japan,2025-07-03,Standard,156.6
5213,Laura Stewart,laura.stewart@protonmail.com,USA,2024-10-26,Standard,360.39
5214,Mckenzie Guerrero,mckenzie.guerrero@yahoo.com,Germany,2025-10-10,Standard,393.6
5215,Natalie Johnson,natalie.johnson@icloud.com,Germany,2024-03-31,Premium,1785.51
5216,Cynthia Smith,cynthia.smith@hotmail.com,Japan,2022-11-09,Premium,2332.74
5217,Derrick Bennett,derrick.bennett@hotmail.com,Canada,2025-03-06,Standard,357.08
5218,Sherry Nunez,sherry.nunez@protonmail.com,Japan,2020-04-19,Standard,357.07
5219,Joseph Hernandez,joseph.hernandez@hotmail.com,Germany,2025-08-04,Standard,365.25
5220,Lisa Gross,lisa.gross@outlook.com,UK,2025-12-29,Standard,210.92
5221,Justin Gonzalez,justin.gonzalez@hotmail.com,UK,2025-12-23,Standard,405.39
5222,Nancy Tapia,nancy.tapia@hotmail.com,USA,2020-11-09,Standard,421.0
5223,Mercedes Curry,mercedes.curry@protonmail.com,UK,2023-01-09,Standard,301.48
5224,Aaron Jones,aaron.jones@outlook.com,USA,2021-02-08,Premium,3530.66
5225,Angela Clark,angela.clark@hotmail.com,UK,2023-01-22,Basic,12.99
5226,Gregory Barnes,gregory.barnes@outlook.com,USA,2023-11-27,Standard,466.82
5227,Jose James,jose.james@gmail.com,USA,2024-08-16,Basic,51.39
5228,Brandy Little,brandy.little@protonmail.com,USA,2023-10-30,Premium,4838.99
5229,Todd Sandoval,todd.sandoval@outlook.com,Canada,2025-01-20,Basic,19.32
5230,Hector Evans,hector.evans@yahoo.com,Germany,2022-11-27,Basic,18.95
5231,Jesse Carter,jesse.carter@protonmail.com,France,2023-09-18,Premium,2990.8
5232,Todd Robles,todd.robles@yahoo.com,Germany,2024-07-09,Standard,139.06
5233,Philip Howard,philip.howard@hotmail.com,Japan,2022-09-23,Standard,340.8
5234,Timothy Davis,timothy.davis@outlook.com,Australia,2024-12-05,Standard,292.4
5235,Daniel Ibarra,daniel.ibarra@gmail.com,USA,2024-11-29,Standard,173.56
5236,Kari Mitchell,kari.mitchell@gmail.com,Singapore,2024-03-15,Basic,95.41
5237,Tara Nguyen,tara.nguyen@hotmail.com,USA,2024-02-06,Basic,31.29
5238,Elaine Wilson,elaine.wilson@gmail.com,Germany,2025-02-21,Basic,73.88
5239,Steven Flores,steven.flores@icloud.com,Australia,2025-10-12,Basic,91.13
5240,Daniel Terry,daniel.terry@outlook.com,USA,2020-02-23,Basic,38.96
5241,Janet Ayala,janet.ayala@gmail.com,Germany,2023-04-26,Basic,97.61
5242,Timothy Ballard,timothy.ballard1@gmail.com,USA,2025-08-01,Standard,235.0
5243,Tracy Jenkins,tracy.jenkins@hotmail.com,USA,2020-04-19,Basic,38.71
5244,Jimmy Carter,jimmy.carter@outlook.com,USA,2024-09-17,Standard,319.71
5245,William Wu,william.wu@icloud.com,USA,2024-08-16,Premium,2617.27
5246,Kirsten Brown,kirsten.brown@outlook.com,USA,2022-01-10,Standard,374.84
5247,Kelsey Green,kelsey.green@hotmail.com,Germany,2023-09-22,Premium,1311.12
5248,Louis Myers,louis.myers@yahoo.com,UK,2025-08-26,Basic,88.98
5249,Scott Ross,scott.ross@outlook.com,UK,2020-08-08,Standard,367.42
5250,Rita Adams,rita.adams@outlook.com,India,2021-09-13,Standard,229.73
5251,Jessica Morgan,jessica.morgan@gmail.com,USA,2025-02-26,Premium,2626.93
5252,Lori Parker,lori.parker@gmail.com,USA,2025-03-26,Standard,374.8
5253,Robert Armstrong,robert.armstrong@gmail.com,Australia,2024-09-18,Standard,103.27
5254,Garrett Harris,garrett.harris@gmail.com,Spain,2023-12-15,Standard,470.0
5255,Colleen Gould,colleen.gould@hotmail.com,UK,2021-02-18,Standard,291.12
5256,Christina Rivera,christina.rivera@outlook.com,USA,2025-03-18,Standard,485.57
5257,Cassidy Smith,cassidy.smith@yahoo.com,Australia,2022-07-26,Standard,380.06
5258,Jennifer Lang,jennifer.lang@protonmail.com,Mexico,2025-12-23,Standard,369.2
5259,Christopher Bush,christopher.bush@hotmail.com,UK,2024-11-14,Standard,196.22
5260,Rhonda Wang,rhonda.wang@gmail.com,USA,2021-03-25,Basic,49.71
5261,Angela Pena,angela.pena@icloud.com,USA,2024-11-18,Basic,13.52
5262,April Cox,april.cox@gmail.com,Germany,2025-06-11,Basic,84.24
5263,James Moore,james.moore@outlook.com,Spain,2025-03-06,Standard,346.29
5264,Amanda Heath,amanda.heath@protonmail.com,India,2024-01-26,Premium,546.67
5265,Jerome Solis,jerome.solis@hotmail.com,USA,2021-04-27,Basic,82.51
5266,Renee Rivera,renee.rivera@hotmail.com,India,2024-01-16,Basic,42.83
5267,Jason Quinn,jason.quinn@protonmail.com,France,2024-09-23,Premium,2161.1
5268,Shelby Johnson,shelby.johnson@yahoo.com,UK,2024-06-24,Standard,300.14
5269,Andrew Bentley,andrew.bentley@outlook.com,France,2022-11-28,Standard,450.36
5270,Curtis Sanders,curtis.sanders@hotmail.com,USA,2025-01-24,Premium,3614.95
5271,Todd Moore,todd.moore@protonmail.com,USA,2024-07-17,Basic,41.91
5272,Kevin Hall,kevin.hall@protonmail.com,Germany,2022-06-29,Basic,89.18
5273,Kelsey Wright,kelsey.wright@outlook.com,UK,2022-10-10,Basic,61.13
5274,Joseph Martinez,joseph.martinez@gmail.com,Singapore,2022-03-06,Premium,3283.95
5275,Kristen Rios,kristen.rios@gmail.com,UK,2023-07-01,Standard,278.75
5276,David Yang,david.yang@icloud.com,USA,2022-12-11,Basic,99.34
5277,Joseph Miller,joseph.miller@gmail.com,UK,2024-12-14,Standard,395.55
5278,Charles Bowen,charles.bowen@yahoo.com,Germany,2022-08-07,Standard,227.77
5279,Kathryn Perry,kathryn.perry@hotmail.com,USA,2022-12-12,Standard,282.25
5280,Alexis Greer,alexis.greer@outlook.com,India,2021-03-15,Premium,998.33
5281,Cassidy Hernandez,cassidy.hernandez@gmail.com,USA,2023-11-02,Standard,231.27
5282,Jill Sparks,jill.sparks@hotmail.com,USA,2023-10-07,Basic,66.47
5283,James Obrien,james.obrien@yahoo.com,Germany,2023-04-14,Premium,4328.01
5284,Larry Morris,larry.morris@protonmail.com,USA,2024-11-05,Premium,1273.2
5285,William Johnson,william.johnson@outlook.com,India,2023-02-14,Standard,340.2
5286,Joshua Harris,joshua.harris1@icloud.com,UK,2024-03-26,Standard,232.88
5287,Joseph Douglas,joseph.douglas@icloud.com,UK,2020-12-08,Standard,170.22
5288,Thomas Carter,thomas.carter@protonmail.com,India,2023-06-21,Premium,1827.07
5289,Christopher Rasmussen,christopher.rasmussen@outlook.com,Canada,2021-05-07,Basic,43.31
5290,Ann Webb,ann.webb@outlook.com,Japan,2023-04-05,Standard,405.4
5291,Rebecca Ferguson,rebecca.ferguson@hotmail.com,USA,2024-10-24,Standard,315.81
5292,John Smith,john.smith@icloud.com,USA,2025-11-25,Standard,154.66
5293,Tyler Long,tyler.long@icloud.com,India,2024-07-04,Standard,431.37
5294,Nathan Payne,nathan.payne@outlook.com,Germany,2023-08-15,Standard,494.0
5295,Daniel Walker,daniel.walker@outlook.com,Germany,2022-08-06,Standard,484.01
5296,Theresa Sanders,theresa.sanders@hotmail.com,Germany,2025-02-06,Standard,117.05
5297,Jesse Wood,jesse.wood@hotmail.com,Canada,2022-05-11,Standard,436.53
5298,Anna Day,anna.day@gmail.com,USA,2020-01-19,Standard,200.92
5299,Martin Pacheco,martin.pacheco@outlook.com,Germany,2021-12-26,Standard,356.39
5300,Theresa Davis,theresa.davis@gmail.com,USA,2025-05-24,Standard,131.14
5301,Gary Hancock,gary.hancock@hotmail.com,UK,2025-10-03,Standard,470.12
5302,Tracy Wright,tracy.wright@protonmail.com,India,2023-09-28,Standard,146.56
5303,Donald Jensen,donald.jensen@icloud.com,UK,2020-07-13,Standard,261.11
5304,Thomas Sharp,thomas.sharp@gmail.com,USA,2024-11-26,Basic,78.61
5305,Ashley Hall,ashley.hall@gmail.com,Mexico,2022-10-20,Premium,2361.82
5306,Katrina King,katrina.king@hotmail.com,Canada,2020-01-10,Basic,78.35
5307,Larry Morgan,larry.morgan@yahoo.com,UK,2023-08-20,Standard,156.59
5308,Edward Morris,edward.morris@gmail.com,Netherlands,2023-10-04,Premium,1171.85
5309,Annette Russell,annette.russell@protonmail.com,UK,2023-09-27,Standard,385.45
5310,Adam Vaughn,adam.vaughn@outlook.com,Australia,2024-01-03,Standard,409.91
5311,Kari Norton,kari.norton@icloud.com,USA,2024-05-29,Basic,55.59
5312,Amy Edwards,amy.edwards@gmail.com,USA,2024-12-19,Basic,92.79
5313,Denise Morris,denise.morris@gmail.com,USA,2020-05-20,Basic,73.86
5314,Jeanne Robertson,jeanne.robertson@yahoo.com,USA,2020-07-06,Standard,428.88
5315,Michele Haney,michele.haney@outlook.com,UK,2025-04-27,Basic,52.38
5316,Christopher Garcia,christopher.garcia@icloud.com,USA,2022-02-11,Standard,470.67
5317,Holly Bennett,holly.bennett@protonmail.com,Germany,2023-11-25,Basic,34.85
5318,Katherine Martin,katherine.martin@gmail.com,USA,2021-08-01,Premium,2202.63
5319,Kaitlin Martin,kaitlin.martin@yahoo.com,USA,2022-02-26,Basic,14.05
5320,Samuel Stanton,samuel.stanton@icloud.com,Singapore,2023-10-28,Standard,215.66
5321,Benjamin Coleman,benjamin.coleman@gmail.com,India,2022-07-08,Standard,461.07
5322,George Pratt,george.pratt@gmail.com,Italy,2024-01-08,Basic,59.27
5323,Tony Curry,tony.curry@gmail.com,UK,2023-12-15,Standard,423.71
5324,Amy Ross,amy.ross@yahoo.com,USA,2025-03-22,Basic,28.08
5325,Kenneth Graham,kenneth.graham@icloud.com,Germany,2024-10-06,Premium,858.79
5326,Kelly Weeks,kelly.weeks@yahoo.com,Germany,2022-08-07,Standard,193.64
5327,Erica Mills,erica.mills@yahoo.com,USA,2025-11-03,Basic,44.15
5328,Christina Watson,christina.watson@outlook.com,Japan,2025-06-01,Premium,4074.87
5329,Debra Thomas,debra.thomas@icloud.com,Germany,2021-02-02,Basic,64.09
5330,Alexandra Harris,alexandra.harris@protonmail.com,Canada,2024-12-18,Standard,360.15
5331,Christina Klein,christina.klein@yahoo.com,UK,2024-01-30,Standard,463.41
5332,April King,april.king@outlook.com,Germany,2024-02-17,Standard,247.54
5333,Steven Mayer,steven.mayer@hotmail.com,USA,2020-03-07,Premium,3748.34
5334,Sara Cortez,sara.cortez@protonmail.com,Singapore,2020-04-06,Basic,33.5
5335,Melissa Taylor,melissa.taylor@icloud.com,UK,2022-05-31,Basic,35.75
5336,Alice Calderon,alice.calderon@gmail.com,USA,2021-10-14,Standard,310.67
5337,Alejandro Butler,alejandro.butler@gmail.com,USA,2023-07-22,Standard,164.65
5338,Edward Jones,edward.jones@protonmail.com,Germany,2025-11-30,Standard,239.55
5339,Tiffany Collins,tiffany.collins@icloud.com,UAE,2023-05-18,Standard,196.96
5340,Jacob Benson,jacob.benson@hotmail.com,Mexico,2023-12-17,Basic,64.63
5341,Amanda Rivera,amanda.rivera@icloud.com,India,2022-01-23,Standard,177.04
5342,Bruce Harrison,bruce.harrison@outlook.com,UAE,2023-06-25,Standard,175.14
5343,Eric Bell,eric.bell@protonmail.com,India,2025-08-09,Standard,223.16
5344,Angie Perez,angie.perez@gmail.com,USA,2025-05-08,Standard,414.66
5345,Courtney Reilly,courtney.reilly@icloud.com,Germany,2023-07-11,Basic,20.17
5346,Joshua Hoover,joshua.hoover@protonmail.com,USA,2023-05-16,Premium,4533.54
5347,Miranda Silva,miranda.silva@gmail.com,USA,2022-11-05,Standard,403.94
5348,Kevin Weber,kevin.weber@gmail.com,UK,2025-11-04,Premium,911.79
5349,Richard Scott,richard.scott@hotmail.com,USA,2022-02-14,Premium,583.87
5350,Amber Hopkins,amber.hopkins@icloud.com,Netherlands,2023-02-15,Standard,429.42
5351,Chris Hernandez,chris.hernandez@gmail.com,UAE,2023-01-14,Basic,51.87
5352,Jessica Ramirez,jessica.ramirez@hotmail.com,USA,2021-04-01,Standard,433.0
5353,Jose Garcia,jose.garcia@protonmail.com,India,2023-10-21,Premium,3946.98
5354,Laura Matthews,laura.matthews@outlook.com,UK,2025-05-19,Standard,470.24
5355,Katie Rivera,katie.rivera@yahoo.com,USA,2020-11-23,Basic,68.57
5356,Kelsey Vargas,kelsey.vargas@gmail.com,USA,2022-08-12,Standard,234.78
5357,Joshua Aguirre,joshua.aguirre@gmail.com,USA,2022-09-26,Standard,475.4
5358,Monica Barnett,monica.barnett@icloud.com,USA,2022-04-26,Basic,35.73
5359,Thomas Jackson,thomas.jackson@yahoo.com,USA,2025-04-07,Premium,4924.21
5360,Krista Hays,krista.hays@protonmail.com,USA,2024-07-16,Basic,97.08
5361,Christopher Pratt,christopher.pratt@outlook.com,USA,2025-08-14,Basic,36.41
5362,Dwayne Martin,dwayne.martin@yahoo.com,Spain,2025-08-03,Basic,23.99
5363,Nancy Morris,nancy.morris@outlook.com,USA,2024-06-13,Premium,2492.94
5364,Paula Williams,paula.williams@yahoo.com,USA,2024-07-30,Premium,2242.59
5365,William Gonzales,william.gonzales@hotmail.com,UK,2024-06-15,Basic,88.85
5366,Elizabeth Murphy,elizabeth.murphy@protonmail.com,USA,2024-03-07,Standard,469.06
5367,Vincent Wilson,vincent.wilson@hotmail.com,UK,2024-07-16,Standard,351.55
5368,Ann Bennett,ann.bennett@protonmail.com,USA,2024-02-08,Standard,158.1
5369,Paul Wells,paul.wells@yahoo.com,India,2023-09-25,Premium,4552.97
5370,Larry Boyd,larry.boyd@icloud.com,Germany,2024-07-08,Standard,167.01
5371,Alyssa Ware,alyssa.ware@icloud.com,India,2021-10-18,Basic,92.58
5372,Megan Moses,megan.moses@yahoo.com,Germany,2024-09-02,Standard,173.15
5373,Sonia Bass,sonia.bass@hotmail.com,UK,2024-05-30,Standard,475.93
5374,Jennifer Larsen,jennifer.larsen@protonmail.com,USA,2024-03-11,Basic,25.37
5375,Ann Henry,ann.henry@icloud.com,USA,2024-09-13,Standard,317.24
5376,Kristina Jennings,kristina.jennings@gmail.com,UK,2024-03-15,Premium,3274.34
5377,Angela Graham,angela.graham@outlook.com,USA,2024-12-08,Standard,442.08
5378,Michael Johnson,michael.johnson1@icloud.com,USA,2023-01-03,Premium,4445.51
5379,Michael Owens,michael.owens@protonmail.com,India,2023-08-17,Standard,206.85
5380,Elizabeth Chandler,elizabeth.chandler@gmail.com,USA,2020-02-04,Standard,488.48
5381,Jason Castro,jason.castro@yahoo.com,USA,2021-01-11,Standard,173.85
5382,Whitney Ayers,whitney.ayers@hotmail.com,India,2022-09-03,Premium,3910.77
5383,Patrick White,patrick.white@gmail.com,UK,2024-04-07,Standard,394.83
5384,Julie Smith,julie.smith@hotmail.com,Australia,2025-10-07,Standard,421.09
5385,Scott Fox,scott.fox@hotmail.com,Italy,2022-10-03,Standard,113.07
5386,Adam Collins,adam.collins@yahoo.com,Netherlands,2025-11-22,Standard,325.11
5387,Clinton Wood,clinton.wood@icloud.com,UK,2023-06-07,Standard,109.77
5388,Jon Dorsey,jon.dorsey@hotmail.com,USA,2025-08-04,Basic,24.65
5389,Catherine Johnson,catherine.johnson@outlook.com,Germany,2023-07-19,Premium,1351.47
5390,Joshua Mendoza,joshua.mendoza@icloud.com,Germany,2024-09-08,Basic,18.0
5391,Bradley Dominguez,bradley.dominguez@gmail.com,Germany,2023-08-08,Premium,3397.11
5392,Johnny Garrett,johnny.garrett@icloud.com,USA,2020-05-24,Standard,466.86
5393,Teresa Morrow,teresa.morrow@icloud.com,USA,2022-07-12,Standard,400.21
5394,Michelle Pennington,michelle.pennington@yahoo.com,USA,2024-06-11,Standard,416.69
5395,Wendy Chen,wendy.chen@hotmail.com,USA,2025-11-24,Premium,2358.45
5396,Tracy Wells,tracy.wells@gmail.com,USA,2024-12-20,Basic,23.78
5397,Nancy Christensen,nancy.christensen@hotmail.com,Italy,2024-11-05,Basic,57.33
5398,Lindsey Johnson,lindsey.johnson@outlook.com,USA,2020-02-20,Basic,66.28
5399,Anthony Shannon,anthony.shannon@protonmail.com,Germany,2024-02-18,Basic,89.87
5400,Eric Fitzgerald,eric.fitzgerald@icloud.com,Netherlands,2025-10-25,Standard,361.73
5401,Monica Anderson,monica.anderson@gmail.com,USA,2023-03-27,Premium,4832.61
5402,Robert Singleton,robert.singleton@yahoo.com,UK,2023-11-08,Premium,3718.45
5403,Brian Walsh,brian.walsh@gmail.com,India,2020-05-13,Standard,293.67
5404,Bryan Davis,bryan.davis@protonmail.com,USA,2021-05-04,Basic,86.44
5405,Amy Lucero,amy.lucero@hotmail.com,UK,2020-04-23,Standard,195.32
5406,James Mendez,james.mendez@hotmail.com,France,2024-03-19,Premium,2305.23
5407,Allen Hood,allen.hood@yahoo.com,Canada,2025-08-16,Standard,432.66
5408,Melanie Stewart,melanie.stewart@hotmail.com,France,2021-12-04,Basic,17.21
5409,Jenna Bullock,jenna.bullock@protonmail.com,UAE,2025-01-18,Standard,245.09
5410,Brenda Blackburn,brenda.blackburn@outlook.com,USA,2025-10-23,Basic,91.67
5411,Zachary Shepard,zachary.shepard@gmail.com,Canada,2024-03-02,Standard,214.3
5412,Richard Monroe,richard.monroe@protonmail.com,Germany,2025-11-26,Standard,330.33
5413,Elizabeth Brown,elizabeth.brown@outlook.com,India,2025-05-29,Standard,197.41
5414,Mandy Mason,mandy.mason@icloud.com,Canada,2022-02-11,Basic,19.76
5415,Jessica Miller,jessica.miller1@outlook.com,Canada,2025-09-04,Basic,74.84
5416,Scott Hill,scott.hill@hotmail.com,Mexico,2023-05-14,Standard,342.4
5417,James Wagner,james.wagner@gmail.com,USA,2021-02-26,Standard,108.38
5418,Gerald Francis,gerald.francis@yahoo.com,India,2022-02-06,Premium,976.37
5419,Mary Smith,mary.smith@yahoo.com,USA,2024-12-26,Premium,1562.06
5420,Joshua Bell,joshua.bell@icloud.com,Germany,2025-02-18,Premium,4079.24
5421,Matthew Carroll,matthew.carroll@gmail.com,Canada,2023-05-14,Premium,1428.17
5422,Heather Knight,heather.knight@outlook.com,Australia,2024-03-21,Standard,155.62
5423,Steven Wilson,steven.wilson@outlook.com,UK,2022-01-30,Basic,71.21
5424,Christopher Blair,christopher.blair@outlook.com,UK,2025-06-10,Basic,23.36
5425,Jacob Garza,jacob.garza@protonmail.com,USA,2021-10-17,Basic,11.72
5426,Tammy Wang,tammy.wang@protonmail.com,USA,2024-06-06,Basic,21.46
5427,Kristina Robinson,kristina.robinson@protonmail.com,USA,2024-01-11,Basic,59.56
5428,Nicholas Miller,nicholas.miller@yahoo.com,Spain,2020-02-26,Standard,127.41
5429,Jennifer Wright,jennifer.wright@protonmail.com,USA,2025-06-24,Premium,4296.36
5430,Mary May,mary.may@icloud.com,Singapore,2025-06-27,Premium,858.44
5431,Rachel Lee,rachel.lee1@outlook.com,USA,2023-04-22,Basic,50.15
5432,Katelyn Anderson,katelyn.anderson@protonmail.com,India,2024-04-12,Premium,2018.91
5433,Brian Mccarthy,brian.mccarthy@protonmail.com,Germany,2025-07-02,Standard,476.99
5434,Gregory Taylor,gregory.taylor@yahoo.com,India,2021-10-21,Standard,181.75
5435,Leslie Perez,leslie.perez@hotmail.com,India,2021-10-14,Standard,257.82
5436,Jacob Stephenson,jacob.stephenson@outlook.com,India,2024-10-25,Standard,346.84
5437,Gregory Phillips,gregory.phillips@gmail.com,Spain,2024-09-05,Basic,42.59
5438,Heidi Baker,heidi.baker@protonmail.com,Germany,2024-09-18,Standard,326.28
5439,Tracy Lane,tracy.lane@protonmail.com,USA,2024-08-14,Basic,59.23
5440,Michael May,michael.may1@hotmail.com,USA,2024-01-21,Premium,2634.11
5441,Shannon Welch,shannon.welch@hotmail.com,India,2021-01-19,Basic,25.17
5442,Marie Johnson,marie.johnson@icloud.com,UK,2022-06-23,Standard,262.47
5443,Mary Cruz,mary.cruz@protonmail.com,Germany,2022-01-18,Standard,154.89
5444,Amanda Clark,amanda.clark@protonmail.com,Germany,2023-06-19,Basic,97.09
5445,Jacqueline Reed,jacqueline.reed@gmail.com,USA,2024-06-27,Basic,79.53
5446,Lisa Hogan,lisa.hogan@hotmail.com,Canada,2025-06-11,Basic,27.26
5447,Jared Lyons,jared.lyons@protonmail.com,India,2023-01-08,Basic,43.79
5448,William Gallegos,william.gallegos@outlook.com,India,2024-12-02,Standard,229.93
5449,Laura Davis,laura.davis@yahoo.com,India,2022-05-15,Standard,377.09
5450,Kiara Scott,kiara.scott@icloud.com,Mexico,2023-09-26,Premium,3237.73
5451,Taylor Johnson,taylor.johnson@icloud.com,Germany,2025-05-04,Basic,95.07
5452,Darius Barrett,darius.barrett@gmail.com,Singapore,2022-05-09,Basic,36.28
5453,Jacob Taylor,jacob.taylor@hotmail.com,USA,2025-11-04,Basic,94.17
5454,Brenda Watson,brenda.watson@hotmail.com,Germany,2020-12-16,Basic,57.99
5455,Nicholas Chapman,nicholas.chapman@yahoo.com,India,2023-11-14,Standard,173.48
5456,Arthur Haynes,arthur.haynes@icloud.com,UK,2024-11-21,Premium,3911.86
5457,Crystal Booth,crystal.booth@protonmail.com,USA,2024-05-26,Premium,1603.33
5458,Alan Fisher,alan.fisher@gmail.com,Germany,2024-10-05,Standard,272.23
5459,Matthew Wong,matthew.wong@protonmail.com,USA,2025-12-24,Basic,86.91
5460,Craig Gentry,craig.gentry@hotmail.com,Spain,2025-10-16,Premium,2002.06
5461,Kevin Owens,kevin.owens@icloud.com,USA,2024-09-17,Basic,78.03
5462,Jacob Johnson,jacob.johnson1@icloud.com,USA,2023-05-30,Standard,137.83
5463,Lisa Bryant,lisa.bryant@yahoo.com,Germany,2023-09-26,Standard,217.79
5464,Barbara Graham,barbara.graham@hotmail.com,UK,2024-02-18,Basic,13.84
5465,Reginald Flowers,reginald.flowers@protonmail.com,USA,2024-04-29,Standard,303.98
5466,Johnny Brooks,johnny.brooks@yahoo.com,Germany,2023-01-15,Basic,60.71
5467,Matthew Gregory,matthew.gregory@hotmail.com,UK,2023-11-23,Standard,339.17
5468,Kevin Arellano,kevin.arellano@gmail.com,USA,2021-07-11,Standard,192.91
5469,Natalie Hines,natalie.hines@outlook.com,Germany,2020-06-09,Premium,3202.55
5470,Rachel Hunter,rachel.hunter@outlook.com,Germany,2023-11-12,Standard,452.74
5471,Robert Schroeder,robert.schroeder@gmail.com,Canada,2025-06-14,Basic,26.53
5472,Stephanie Morales,stephanie.morales@yahoo.com,USA,2024-09-15,Basic,95.55
5473,Anthony Hunt,anthony.hunt@protonmail.com,USA,2025-12-16,Basic,99.61
5474,Sandra Tanner,sandra.tanner@protonmail.com,Netherlands,2024-04-02,Premium,4266.16
5475,Tammy Bender,tammy.bender@outlook.com,Germany,2022-01-19,Basic,11.35
5476,James Compton,james.compton@hotmail.com,USA,2024-09-03,Premium,1039.47
5477,Karen Anderson,karen.anderson@protonmail.com,France,2025-05-22,Premium,556.04
5478,Mason Choi,mason.choi@outlook.com,USA,2024-02-01,Basic,28.78
5479,Tara Parker,tara.parker@icloud.com,Australia,2023-07-22,Basic,39.87
5480,Katie Solis,katie.solis@gmail.com,India,2024-07-25,Basic,68.41
5481,Stephen Martin,stephen.martin1@yahoo.com,Singapore,2020-01-02,Basic,86.29
5482,Aaron Hernandez,aaron.hernandez@yahoo.com,Singapore,2022-01-22,Standard,449.22
5483,Nicole Turner,nicole.turner@outlook.com,USA,2021-12-23,Premium,4565.84
5484,Christopher Young,christopher.young@yahoo.com,Canada,2023-07-17,Premium,3963.49
5485,James Davis,james.davis@gmail.com,USA,2025-03-05,Standard,474.84
5486,John Cohen,john.cohen@protonmail.com,Germany,2022-01-09,Standard,320.59
5487,Megan Brooks,megan.brooks@protonmail.com,Germany,2020-06-17,Premium,4086.03
5488,Thomas Cooper,thomas.cooper@hotmail.com,USA,2024-09-29,Standard,232.07
5489,Thomas Mcdaniel,thomas.mcdaniel@protonmail.com,USA,2025-03-01,Standard,417.71
5490,Holly Durham,holly.durham@hotmail.com,USA,2024-12-23,Basic,18.81
5491,Elizabeth Guerra,elizabeth.guerra@hotmail.com,USA,2023-09-25,Standard,306.27
5492,Jasmin Hines,jasmin.hines@outlook.com,USA,2023-04-24,Standard,105.78
5493,Cody Anderson,cody.anderson@protonmail.com,Spain,2024-09-22,Standard,152.81
5494,Kathryn Anderson,kathryn.anderson@hotmail.com,UK,2025-11-07,Standard,205.84
5495,Kerri Villanueva,kerri.villanueva@outlook.com,Australia,2022-08-05,Standard,213.7
5496,Lori Cross,lori.cross@icloud.com,Japan,2025-09-14,Premium,1027.18
5497,Roger Long,roger.long@icloud.com,India,2024-05-05,Basic,55.81
5498,Charles Freeman,charles.freeman@hotmail.com,USA,2024-08-02,Basic,62.16
5499,Joy Willis,joy.willis@protonmail.com,Brazil,2021-01-29,Standard,113.51
5500,Jeffrey Franklin,jeffrey.franklin@outlook.com,Canada,2025-03-28,Standard,115.08
5501,Katrina Wood,katrina.wood@gmail.com,Canada,2024-03-21,Standard,123.7
5502,Matthew Morrow,matthew.morrow@hotmail.com,Mexico,2023-07-12,Premium,970.47
5503,Cheryl Walton,cheryl.walton@icloud.com,Germany,2023-06-01,Premium,3963.03
5504,Robin Brewer,robin.brewer@gmail.com,UK,2022-10-09,Basic,60.6
5505,Devin Lopez,devin.lopez@gmail.com,Mexico,2021-01-12,Standard,314.68
5506,Jason Graham,jason.graham@yahoo.com,UK,2020-04-02,Premium,3057.83
5507,Matthew Valdez,matthew.valdez@outlook.com,France,2022-11-28,Basic,63.9
5508,Ronald Mitchell,ronald.mitchell@protonmail.com,USA,2023-12-10,Standard,183.44
5509,Paul Nicholson,paul.nicholson@outlook.com,USA,2024-04-08,Standard,159.5
5510,Austin Mullen,austin.mullen@outlook.com,UK,2024-01-29,Standard,104.2
5511,Robert Martin,robert.martin1@protonmail.com,USA,2024-12-05,Premium,2532.8
5512,Faith Flowers,faith.flowers@icloud.com,Singapore,2021-12-09,Premium,4388.01
5513,Steven Miller,steven.miller@outlook.com,USA,2023-09-29,Basic,92.61
5514,Gina Garcia,gina.garcia@outlook.com,India,2024-04-06,Standard,442.55
5515,Michelle Lara,michelle.lara@yahoo.com,USA,2024-09-05,Basic,63.96
5516,Alexander Flores,alexander.flores@hotmail.com,Singapore,2023-08-14,Premium,4577.71
5517,Autumn Cruz,autumn.cruz@protonmail.com,USA,2025-12-06,Basic,25.93
5518,Shawn Tucker,shawn.tucker@hotmail.com,USA,2025-01-30,Standard,209.06
5519,Susan Morales,susan.morales@yahoo.com,USA,2025-10-23,Standard,138.82
5520,Kelsey Turner,kelsey.turner@protonmail.com,Germany,2024-08-30,Standard,259.68
5521,Jonathan Walters,jonathan.walters@outlook.com,UAE,2023-11-29,Standard,428.01
5522,Cassandra Lang,cassandra.lang@gmail.com,Singapore,2025-07-05,Premium,2213.0
5523,Shannon Watson,shannon.watson@hotmail.com,USA,2025-11-01,Premium,1599.56
5524,Thomas Rogers,thomas.rogers@protonmail.com,UK,2025-07-18,Basic,93.85
5525,Amanda Diaz,amanda.diaz@gmail.com,USA,2025-08-09,Premium,4685.39
5526,Kristen Pollard,kristen.pollard@outlook.com,UK,2025-06-11,Premium,3331.84
5527,Amanda Reyes,amanda.reyes@hotmail.com,Germany,2024-12-10,Basic,76.35
5528,Emily Hernandez,emily.hernandez@protonmail.com,USA,2022-11-27,Standard,432.82
5529,Matthew Villa,matthew.villa@gmail.com,Germany,2024-01-29,Standard,203.39
5530,Brittany Gonzalez,brittany.gonzalez@icloud.com,Mexico,2024-09-28,Basic,90.1
5531,Lisa Luna,lisa.luna@yahoo.com,USA,2024-10-20,Basic,38.18
5532,Spencer Williams,spencer.williams@yahoo.com,USA,2023-08-15,Premium,3476.26
5533,Juan Martinez,juan.martinez@gmail.com,USA,2024-06-09,Standard,335.08
5534,Tracy Richardson,tracy.richardson@hotmail.com,USA,2025-12-26,Standard,317.87
5535,Pamela Parks,pamela.parks@gmail.com,USA,2023-03-12,Standard,301.64
5536,Johnny Rogers,johnny.rogers@gmail.com,Germany,2021-03-06,Basic,71.94
5537,Kenneth Fuentes,kenneth.fuentes@yahoo.com,USA,2024-11-26,Basic,70.83
5538,Amy White,amy.white@hotmail.com,Canada,2023-11-17,Premium,3774.61
5539,Michael Smith,michael.smith@hotmail.com,Mexico,2022-06-09,Premium,2921.88
5540,Mark Fields,mark.fields@hotmail.com,Italy,2024-07-13,Basic,45.32
5541,Caitlin Howard,caitlin.howard@protonmail.com,India,2025-02-03,Standard,380.73
5542,Benjamin Rodgers,benjamin.rodgers@gmail.com,USA,2022-01-18,Basic,28.36
5543,John Miller,john.miller@yahoo.com,USA,2023-06-15,Premium,4941.88
5544,Cody Acosta,cody.acosta@yahoo.com,USA,2023-04-23,Premium,4076.17
5545,Cynthia Jordan,cynthia.jordan@gmail.com,Singapore,2024-06-02,Standard,188.62
5546,Joshua Bonilla,joshua.bonilla@hotmail.com,Singapore,2023-01-10,Basic,17.96
5547,Hannah Sanchez,hannah.sanchez@icloud.com,USA,2023-06-02,Premium,2300.83
5548,Margaret Conley,margaret.conley@outlook.com,USA,2024-08-17,Basic,15.6
5549,Jessica Mills,jessica.mills@gmail.com,UK,2025-04-14,Standard,109.37
5550,Stephen Jones,stephen.jones@gmail.com,USA,2022-11-15,Premium,2288.95
5551,Nathan Thomas,nathan.thomas@protonmail.com,Singapore,2024-08-01,Standard,384.22
5552,Tiffany Little,tiffany.little@icloud.com,USA,2025-04-08,Standard,153.98
5553,Nicole Reyes,nicole.reyes@protonmail.com,USA,2022-07-31,Standard,461.34
5554,Tina Miller,tina.miller@hotmail.com,UK,2025-11-22,Standard,223.3
5555,Sara Curry,sara.curry@outlook.com,USA,2023-04-08,Standard,241.42
5556,Roberto Johnson,roberto.johnson@protonmail.com,USA,2021-03-31,Standard,485.81
5557,Stephanie Scott,stephanie.scott@icloud.com,Japan,2020-01-13,Basic,27.22
5558,Denise Andrade,denise.andrade@icloud.com,USA,2020-01-11,Basic,86.86
5559,Mary Hamilton,mary.hamilton@gmail.com,Germany,2025-06-22,Standard,191.22
5560,Darren Lee,darren.lee@gmail.com,UK,2024-05-24,Standard,142.43
5561,Jose Turner,jose.turner@icloud.com,USA,2025-02-09,Basic,95.22
5562,Willie Dickerson,willie.dickerson@outlook.com,USA,2024-09-11,Premium,3374.12
5563,John Lindsey,john.lindsey@icloud.com,USA,2023-06-22,Basic,54.08
5564,Nicholas Kennedy,nicholas.kennedy@yahoo.com,USA,2025-10-09,Standard,120.96
5565,Kathleen Kim,kathleen.kim@yahoo.com,USA,2025-09-01,Basic,59.55
5566,Julie Osborne,julie.osborne@outlook.com,France,2023-04-22,Standard,186.27
5567,Joshua Powers,joshua.powers@protonmail.com,India,2024-11-11,Standard,472.62
5568,Cassandra Browning,cassandra.browning@icloud.com,Netherlands,2025-02-04,Standard,167.93
5569,Erika Nelson,erika.nelson@icloud.com,UK,2023-09-01,Premium,3983.06
5570,Richard Smith,richard.smith@yahoo.com,India,2021-06-29,Premium,4671.02
5571,Robert Anderson,robert.anderson@yahoo.com,India,2023-11-15,Basic,21.36
5572,Joseph George,joseph.george@gmail.com,USA,2025-02-21,Standard,134.36
5573,Theresa Flores,theresa.flores@hotmail.com,USA,2024-11-16,Premium,3009.34
5574,Jeffrey Smith,jeffrey.smith1@gmail.com,UK,2024-12-10,Standard,391.69
5575,Mark Brown,mark.brown@yahoo.com,Australia,2025-09-25,Standard,150.06
5576,Keith Joseph,keith.joseph@hotmail.com,UK,2022-02-09,Standard,472.38
5577,Margaret Matthews,margaret.matthews@protonmail.com,USA,2025-06-26,Premium,4972.67
5578,Cynthia Murphy,cynthia.murphy@outlook.com,UAE,2024-04-28,Basic,65.93
5579,Paul Spears,paul.spears@outlook.com,USA,2024-07-28,Basic,16.13
5580,Alexander Peterson,alexander.peterson@yahoo.com,Netherlands,2022-07-09,Standard,469.75
5581,Michael Wallace,michael.wallace@protonmail.com,France,2023-06-15,Basic,52.54
5582,Steven Newton,steven.newton@gmail.com,Japan,2023-09-13,Standard,412.28
5583,Jason Wolfe,jason.wolfe@outlook.com,Australia,2023-10-30,Standard,280.79
5584,Emily Scott,emily.scott@yahoo.com,USA,2020-06-11,Basic,52.6
5585,Antonio Phelps,antonio.phelps@icloud.com,Germany,2022-12-20,Basic,93.63
5586,Tammy Welch,tammy.welch@gmail.com,Canada,2024-08-15,Standard,213.73
5587,Anna Reed,anna.reed@hotmail.com,Canada,2025-11-25,Standard,168.37
5588,Jared Mercer,jared.mercer@hotmail.com,USA,2020-02-09,Standard,265.83
5589,Mike Carter,mike.carter@outlook.com,USA,2020-09-07,Standard,121.04
5590,Leslie Craig,leslie.craig@hotmail.com,USA,2024-04-24,Standard,413.66
5591,Anthony Weber,anthony.weber@outlook.com,UK,2024-08-29,Premium,880.1
5592,Garrett Bell,garrett.bell@icloud.com,Germany,2024-03-14,Basic,75.27
5593,Ryan Forbes,ryan.forbes@gmail.com,Japan,2025-02-12,Basic,10.87
5594,Andrew Mcpherson,andrew.mcpherson@yahoo.com,Canada,2022-12-29,Premium,3262.7
5595,Angela Henry,angela.henry@outlook.com,India,2023-06-06,Basic,63.74
5596,Jimmy Morse,jimmy.morse@outlook.com,USA,2025-09-02,Basic,54.6
5597,David Lawson,david.lawson@gmail.com,UK,2024-08-28,Standard,383.43
5598,Melissa Davis,melissa.davis@icloud.com,USA,2024-03-06,Standard,269.48
5599,Jeffery Gay,jeffery.gay@protonmail.com,USA,2025-04-22,Basic,81.76
5600,Ashley White,ashley.white@icloud.com,USA,2023-10-09,Basic,82.95
5601,Erik Waters,erik.waters@gmail.com,USA,2021-06-09,Standard,330.13
5602,Jessica Morales,jessica.morales@gmail.com,USA,2021-09-15,Standard,228.84
5603,Ricky Potter,ricky.potter@protonmail.com,Germany,2025-12-23,Basic,44.08
5604,Robert Greene,robert.greene@yahoo.com,USA,2025-07-16,Basic,84.41
5605,Luis Cox,luis.cox@gmail.com,USA,2022-09-30,Premium,2757.1
5606,Daniel Dyer,daniel.dyer@hotmail.com,USA,2023-05-30,Standard,354.83
5607,Susan Gill,susan.gill@protonmail.com,India,2024-06-08,Basic,63.28
5608,Louis Nichols,louis.nichols@yahoo.com,Germany,2021-10-19,Premium,1048.02
5609,Philip Trevino,philip.trevino@outlook.com,USA,2025-09-12,Standard,121.53
5610,Troy Marshall,troy.marshall@gmail.com,USA,2023-09-25,Standard,183.66
5611,Margaret Cole,margaret.cole@protonmail.com,Netherlands,2025-06-30,Standard,206.8
5612,Sandra Thompson,sandra.thompson@protonmail.com,Germany,2024-04-27,Basic,66.59
5613,Keith Patel,keith.patel@icloud.com,India,2022-06-07,Premium,2694.06
5614,Matthew Marshall,matthew.marshall@protonmail.com,UK,2024-12-31,Basic,20.95
5615,Gerald Solomon,gerald.solomon@yahoo.com,France,2024-05-20,Standard,312.08
5616,Patrick Delgado,patrick.delgado@outlook.com,Mexico,2022-10-25,Basic,35.42
5617,Terri Jenkins,terri.jenkins@icloud.com,USA,2022-05-24,Standard,428.5
5618,Dana Montgomery,dana.montgomery@icloud.com,India,2025-07-13,Premium,4352.3
5619,Dillon Harvey,dillon.harvey@gmail.com,USA,2024-01-24,Basic,35.84
5620,Yolanda Greene,yolanda.greene@icloud.com,India,2024-07-23,Basic,20.98
5621,Jessica Dougherty,jessica.dougherty@protonmail.com,UK,2022-06-25,Standard,107.05
5622,Mark Wright,mark.wright@icloud.com,USA,2024-07-03,Standard,468.13
5623,Ashley Kennedy,ashley.kennedy@yahoo.com,Netherlands,2024-12-13,Standard,227.64
5624,Christopher Wood,christopher.wood@icloud.com,Brazil,2023-01-02,Basic,92.09
5625,Julia Stephenson,julia.stephenson@yahoo.com,USA,2022-07-27,Standard,332.25
5626,Destiny Arnold,destiny.arnold@protonmail.com,UAE,2023-10-25,Basic,45.4
5627,Michelle Jefferson,michelle.jefferson@icloud.com,USA,2024-06-02,Standard,440.59
5628,Evan Wood,evan.wood@gmail.com,UK,2022-06-29,Basic,76.22
5629,Nancy Thompson,nancy.thompson@protonmail.com,Japan,2025-11-27,Standard,257.44
5630,Sharon Morse,sharon.morse@gmail.com,USA,2022-11-21,Premium,1973.29
5631,Marcus Carter,marcus.carter@outlook.com,UK,2025-12-06,Basic,37.48
5632,Patricia Clark,patricia.clark@hotmail.com,India,2021-03-27,Premium,3743.7
5633,Steven Sanchez,steven.sanchez@hotmail.com,USA,2024-12-03,Basic,79.13
5634,Carrie Fritz,carrie.fritz@outlook.com,UK,2024-09-27,Premium,4878.61
5635,Laura Kaufman,laura.kaufman@outlook.com,USA,2024-07-23,Standard,455.05
5636,Vincent Rodriguez,vincent.rodriguez@gmail.com,India,2025-01-14,Basic,21.89
5637,Cassandra Rivera,cassandra.rivera@yahoo.com,USA,2020-04-09,Standard,478.45
5638,Samantha Moore,samantha.moore@icloud.com,USA,2021-03-13,Premium,2223.87
5639,Steven Rivers,steven.rivers@protonmail.com,India,2020-01-14,Standard,131.28
5640,Adam Johnson,adam.johnson@hotmail.com,USA,2024-08-01,Premium,939.82
5641,Erica Camacho,erica.camacho@outlook.com,UK,2025-11-25,Basic,89.72
5642,Wendy Atkins,wendy.atkins@outlook.com,India,2020-08-15,Premium,2283.29
5643,Chad Butler,chad.butler@protonmail.com,Canada,2024-11-20,Standard,295.13
5644,Jordan Baldwin,jordan.baldwin@yahoo.com,USA,2023-03-11,Premium,2055.46
5645,David Frank,david.frank@protonmail.com,Japan,2025-05-13,Standard,331.92
5646,Deborah Ferguson,deborah.ferguson@yahoo.com,India,2023-05-27,Basic,83.65
5647,Andrew Castillo,andrew.castillo@protonmail.com,USA,2025-08-17,Basic,32.69
5648,Jessica Carter,jessica.carter@hotmail.com,Canada,2024-05-27,Standard,389.3
5649,Raymond Short,raymond.short@outlook.com,India,2025-03-30,Standard,136.65
5650,Kayla Cox,kayla.cox@hotmail.com,Germany,2024-09-17,Premium,2329.96
5651,Jennifer Hunt,jennifer.hunt@yahoo.com,Germany,2023-02-15,Basic,53.15
5652,Debra Patterson,debra.patterson@hotmail.com,India,2025-07-24,Premium,615.91
5653,David Thomas,david.thomas@gmail.com,UAE,2023-10-16,Standard,296.6
5654,Jose Bryan,jose.bryan@gmail.com,Germany,2022-01-10,Standard,444.71
5655,Karen Rodriguez,karen.rodriguez@gmail.com,France,2023-08-02,Basic,96.69
5656,Gary Gutierrez,gary.gutierrez@yahoo.com,Canada,2025-04-13,Standard,265.04
5657,Matthew Durham,matthew.durham@yahoo.com,Japan,2024-08-30,Standard,465.59
5658,Laura Clark,laura.clark@gmail.com,Netherlands,2021-10-16,Basic,67.87
5659,Colton May,colton.may@outlook.com,USA,2025-10-18,Basic,18.54
5660,Charles Nolan,charles.nolan@gmail.com,USA,2023-09-22,Standard,331.45
5661,Travis Sanchez,travis.sanchez@icloud.com,Germany,2021-04-11,Basic,31.47
5662,Jordan Phillips,jordan.phillips@outlook.com,UK,2021-04-16,Standard,149.15
5663,Sean Cobb,sean.cobb@outlook.com,Germany,2020-04-10,Standard,128.5
5664,Holly Carroll,holly.carroll@hotmail.com,Australia,2024-09-03,Premium,2805.33
5665,Brooke Juarez,brooke.juarez@hotmail.com,Italy,2022-02-16,Basic,72.75
5666,Earl Roberts,earl.roberts@yahoo.com,UK,2021-03-06,Basic,54.54
5667,Jeffrey Wood,jeffrey.wood@gmail.com,India,2023-12-02,Premium,3924.14
5668,Michael Carter,michael.carter@protonmail.com,USA,2025-08-02,Standard,333.97
5669,Shirley Moore,shirley.moore@icloud.com,UK,2024-01-24,Basic,48.43
5670,Cynthia Alvarez,cynthia.alvarez@outlook.com,USA,2023-04-23,Premium,2635.86
5671,Scott Phillips,scott.phillips@outlook.com,UK,2024-12-14,Standard,414.61
5672,Julia Neal,julia.neal@protonmail.com,Germany,2020-08-11,Basic,73.42
5673,Dwayne Carter,dwayne.carter@gmail.com,Canada,2025-09-24,Standard,282.55
5674,Patrick Walsh,patrick.walsh@yahoo.com,India,2021-11-13,Standard,346.92
5675,Anthony Lewis,anthony.lewis@hotmail.com,USA,2020-09-27,Standard,104.42
5676,Kevin Silva,kevin.silva@protonmail.com,USA,2023-07-16,Standard,245.67
5677,Jordan Griffith,jordan.griffith@protonmail.com,USA,2020-01-21,Standard,358.45
5678,Julie Ferrell,julie.ferrell@outlook.com,Singapore,2021-12-05,Basic,75.95
5679,Richard Montgomery,richard.montgomery@protonmail.com,Italy,2024-01-30,Basic,15.1
5680,George Cooper,george.cooper@hotmail.com,USA,2023-05-06,Premium,1573.47
5681,Eric Farrell,eric.farrell@outlook.com,USA,2020-01-11,Basic,13.61
5682,Leon Brooks,leon.brooks@icloud.com,UK,2024-05-06,Standard,153.42
5683,Michelle Washington,michelle.washington@hotmail.com,India,2024-03-12,Basic,88.26
5684,Gary Fox,gary.fox@protonmail.com,USA,2025-12-29,Premium,4120.61
5685,Gregory Prince,gregory.prince@outlook.com,USA,2021-03-26,Standard,170.34
5686,Alexis Arroyo,alexis.arroyo@hotmail.com,UK,2025-07-31,Standard,413.56
5687,Matthew Parker,matthew.parker@hotmail.com,USA,2024-08-28,Standard,421.5
5688,Jeffrey Ramirez,jeffrey.ramirez@outlook.com,USA,2024-06-27,Basic,98.9
5689,Kimberly Mccormick,kimberly.mccormick@hotmail.com,USA,2022-10-15,Premium,729.24
5690,Debra Kelly,debra.kelly@icloud.com,India,2023-05-13,Premium,3018.29
5691,Stephen Durham,stephen.durham@icloud.com,UK,2022-03-23,Standard,261.34
5692,Rebecca Larsen,rebecca.larsen@icloud.com,USA,2024-08-18,Standard,320.87
5693,Megan Logan,megan.logan@hotmail.com,Germany,2024-11-11,Standard,205.0
5694,Alexandria Perez,alexandria.perez@protonmail.com,UK,2022-12-03,Standard,228.86
5695,James Beck,james.beck@icloud.com,Australia,2022-12-02,Premium,1617.29
5696,Raymond Garcia,raymond.garcia@yahoo.com,Netherlands,2025-07-05,Basic,93.9
5697,Mark Jones,mark.jones@outlook.com,USA,2023-04-12,Standard,439.5
5698,Angela Nichols,angela.nichols@protonmail.com,Mexico,2024-07-02,Standard,267.92
5699,Judith Salas,judith.salas@gmail.com,India,2025-08-31,Standard,179.42
5700,Tara Brown,tara.brown@yahoo.com,India,2022-08-29,Basic,25.9
5701,Ashley Wright,ashley.wright@icloud.com,USA,2024-09-17,Basic,64.96
5702,Jonathan Stevenson,jonathan.stevenson@outlook.com,USA,2024-02-21,Premium,953.08
5703,Hannah Curtis,hannah.curtis@outlook.com,USA,2022-08-10,Standard,148.59
5704,John Norris,john.norris@icloud.com,UAE,2022-08-17,Premium,4995.6
5705,Stephen Williams,stephen.williams@protonmail.com,Germany,2025-02-14,Standard,289.52
5706,Chelsea Arnold,chelsea.arnold@icloud.com,UK,2021-12-04,Basic,94.34
5707,Christopher Lee,christopher.lee@gmail.com,Germany,2021-01-11,Basic,82.72
5708,Mariah Brown,mariah.brown@yahoo.com,USA,2023-03-29,Premium,3859.56
5709,Rebecca Mills,rebecca.mills@icloud.com,USA,2025-05-10,Basic,30.24
5710,Bruce Perez,bruce.perez@yahoo.com,Germany,2023-06-21,Basic,25.83
5711,Brenda Perkins,brenda.perkins@protonmail.com,UK,2022-06-04,Basic,45.53
5712,Steven Herrera,steven.herrera@icloud.com,Australia,2023-12-18,Basic,58.79
5713,Kimberly Flores,kimberly.flores@yahoo.com,India,2023-09-12,Standard,169.98
5714,Cynthia Gonzalez,cynthia.gonzalez@hotmail.com,Germany,2024-12-31,Basic,54.79
5715,Darren Miller,darren.miller@icloud.com,France,2025-01-28,Standard,343.71
5716,James Daniels,james.daniels@hotmail.com,USA,2023-04-27,Standard,217.57
5717,Jason Freeman,jason.freeman@hotmail.com,India,2024-04-26,Standard,280.17
5718,Ashley Perkins,ashley.perkins@outlook.com,India,2024-04-15,Basic,80.08
5719,Michelle Rodriguez,michelle.rodriguez@hotmail.com,USA,2024-03-06,Premium,1138.73
5720,Olivia Waters,olivia.waters@protonmail.com,USA,2024-02-08,Standard,264.14
5721,James Shaffer,james.shaffer@yahoo.com,USA,2020-02-11,Basic,12.26
5722,Christina Bryant,christina.bryant@hotmail.com,USA,2024-04-17,Standard,492.01
5723,Aaron Webster,aaron.webster@protonmail.com,UK,2024-01-04,Standard,125.55
5724,Carolyn Vasquez,carolyn.vasquez@hotmail.com,USA,2024-08-01,Standard,299.15
5725,Gregory Hunter,gregory.hunter@icloud.com,India,2022-02-08,Basic,90.53
5726,Willie Bean,willie.bean@hotmail.com,USA,2021-09-04,Standard,297.87
5727,Kevin Camacho,kevin.camacho@gmail.com,USA,2022-07-18,Standard,418.47
5728,John Hill,john.hill@icloud.com,USA,2022-02-05,Standard,473.27
5729,Anna Parker,anna.parker@gmail.com,USA,2021-02-11,Basic,51.27
5730,Scott Rowland,scott.rowland@hotmail.com,UAE,2022-04-01,Basic,69.87
5731,Sonya Freeman,sonya.freeman@yahoo.com,USA,2020-11-03,Premium,3275.02
5732,Luis Mccann,luis.mccann@yahoo.com,USA,2022-03-23,Basic,80.14
5733,Thomas Martin,thomas.martin@protonmail.com,USA,2025-12-11,Basic,24.49
5734,Cameron Reynolds,cameron.reynolds@icloud.com,USA,2024-04-02,Basic,57.66
5735,Kevin Schaefer,kevin.schaefer@icloud.com,Germany,2023-09-28,Standard,150.79
5736,Scott Little,scott.little@gmail.com,Australia,2024-01-19,Premium,3051.31
5737,Amanda White,amanda.white@outlook.com,USA,2023-10-18,Basic,36.79
5738,Kimberly Hines,kimberly.hines@icloud.com,Germany,2020-08-01,Standard,421.38
5739,Jason Shaw,jason.shaw@yahoo.com,UK,2024-01-11,Standard,234.47
5740,Luke Moreno,luke.moreno@protonmail.com,Japan,2022-04-21,Premium,3753.76
5741,Dakota Evans,dakota.evans@icloud.com,Germany,2024-08-31,Standard,430.72
5742,Chelsea Duncan,chelsea.duncan@yahoo.com,USA,2021-07-20,Standard,191.16
5743,Eric Moore,eric.moore@outlook.com,India,2023-06-08,Premium,2282.23
5744,Katie Floyd,katie.floyd@protonmail.com,France,2022-09-01,Standard,481.57
5745,Melissa Bishop,melissa.bishop@protonmail.com,UK,2022-06-17,Basic,67.5
5746,Eric Frye,eric.frye@yahoo.com,UAE,2024-03-06,Standard,329.76
5747,Tina Valdez,tina.valdez@protonmail.com,Brazil,2022-09-23,Premium,3936.85
5748,Kristina Chan,kristina.chan@hotmail.com,USA,2023-12-22,Premium,4944.03
5749,Joseph Cantu,joseph.cantu@icloud.com,Australia,2020-07-07,Standard,444.24
5750,Thomas Chase,thomas.chase@yahoo.com,Germany,2024-09-26,Basic,57.21
5751,Kevin Thomas,kevin.thomas@outlook.com,UK,2024-01-12,Standard,490.81
5752,Matthew Gomez,matthew.gomez@hotmail.com,UK,2025-12-19,Basic,56.63
5753,Julie Cole,julie.cole@icloud.com,Japan,2024-05-06,Basic,20.06
5754,Ronald Long,ronald.long@protonmail.com,Germany,2025-01-21,Standard,421.36
5755,Robert Gill,robert.gill@protonmail.com,UK,2022-05-30,Standard,325.13
5756,Richard Schmitt,richard.schmitt@yahoo.com,USA,2024-04-20,Standard,345.6
5757,Michael Trujillo,michael.trujillo@gmail.com,UK,2023-10-04,Standard,457.16
5758,Theresa Wang,theresa.wang@icloud.com,Spain,2023-07-01,Standard,220.07
5759,Andrew Bush,andrew.bush@gmail.com,India,2024-01-29,Standard,441.61
5760,Jason Moran,jason.moran@icloud.com,USA,2025-11-08,Standard,241.35
5761,Kenneth Brooks,kenneth.brooks@protonmail.com,Mexico,2024-03-16,Standard,369.36
5762,Marc Gibbs,marc.gibbs@gmail.com,France,2023-10-04,Standard,388.73
5763,Mark Castro,mark.castro@icloud.com,Germany,2024-01-27,Premium,4929.03
5764,James Lewis,james.lewis@protonmail.com,USA,2022-07-18,Standard,343.34
5765,Wesley Gates,wesley.gates@icloud.com,Germany,2024-01-17,Basic,11.06
5766,Daniel Sanchez,daniel.sanchez@hotmail.com,USA,2023-02-16,Standard,256.39
5767,Mark Castillo,mark.castillo@protonmail.com,USA,2022-12-11,Premium,3776.1
5768,Jennifer Harrison,jennifer.harrison@gmail.com,Germany,2020-12-31,Standard,371.95
5769,Teresa Williams,teresa.williams@hotmail.com,Spain,2025-02-06,Basic,72.5
5770,Donna Watts,donna.watts@yahoo.com,USA,2020-08-22,Basic,89.77
5771,Regina Tucker,regina.tucker@gmail.com,Japan,2023-07-18,Premium,1605.08
5772,Joshua Lawson,joshua.lawson@protonmail.com,Spain,2022-09-25,Standard,401.36
5773,Nicholas Garcia,nicholas.garcia@gmail.com,USA,2023-07-07,Standard,137.93
5774,Danielle Hill,danielle.hill@protonmail.com,USA,2022-06-01,Standard,435.97
5775,Mike Mclean,mike.mclean@icloud.com,India,2024-04-21,Premium,3792.44
5776,Daniel Taylor,daniel.taylor@yahoo.com,Canada,2022-04-03,Standard,231.48
5777,Kara Nguyen,kara.nguyen@yahoo.com,UK,2022-05-04,Basic,22.2
5778,Kimberly Gutierrez,kimberly.gutierrez@icloud.com,India,2022-05-09,Standard,389.45
5779,Edward Hernandez,edward.hernandez@yahoo.com,Germany,2022-05-27,Standard,219.89
5780,Kent Gonzalez,kent.gonzalez@yahoo.com,Canada,2024-09-13,Premium,2819.65
5781,Christopher Sanchez,christopher.sanchez@icloud.com,India,2022-06-09,Premium,4082.7
5782,Ashley Farmer,ashley.farmer@icloud.com,USA,2024-05-19,Basic,58.99
5783,Jose Schmidt,jose.schmidt@icloud.com,USA,2023-01-12,Basic,40.55
5784,Kelly Johnson,kelly.johnson@outlook.com,USA,2022-03-28,Premium,4485.87
5785,Kelsey Jones,kelsey.jones@gmail.com,Italy,2022-01-08,Basic,73.0
5786,Kristi Dawson,kristi.dawson@gmail.com,Spain,2024-10-03,Premium,1996.26
5787,Lee Castaneda,lee.castaneda@yahoo.com,Australia,2023-04-04,Standard,165.93
5788,Rebecca Griffin,rebecca.griffin@outlook.com,USA,2024-04-11,Standard,465.58
5789,Nicole Lopez,nicole.lopez@gmail.com,Germany,2025-01-16,Standard,282.69
5790,Taylor Murray,taylor.murray@protonmail.com,USA,2020-04-06,Standard,378.35
5791,Mason Byrd,mason.byrd@icloud.com,USA,2023-05-02,Standard,238.38
5792,Jane Scott,jane.scott@outlook.com,USA,2023-01-22,Premium,4597.23
5793,Julie Johnson,julie.johnson@yahoo.com,France,2022-07-10,Basic,16.21
5794,David Jenkins,david.jenkins@icloud.com,USA,2023-10-02,Standard,412.01
5795,Randy Tucker,randy.tucker@yahoo.com,India,2024-06-17,Premium,4906.08
5796,Brandon Rice,brandon.rice@gmail.com,UAE,2024-03-23,Basic,85.98
5797,Robin Hunt,robin.hunt@icloud.com,India,2024-11-05,Standard,308.49
5798,Allen Kim,allen.kim@outlook.com,USA,2020-07-16,Standard,144.91
5799,Antonio Gordon,antonio.gordon@gmail.com,Spain,2023-02-18,Standard,269.11
5800,Lauren Tyler,lauren.tyler@protonmail.com,India,2024-12-02,Premium,1465.36
5801,Travis Andrews,travis.andrews@hotmail.com,UK,2023-06-23,Standard,125.7
5802,Cynthia Navarro,cynthia.navarro@gmail.com,India,2024-04-19,Standard,248.8
5803,Annette Mccann,annette.mccann@outlook.com,Brazil,2024-12-18,Standard,177.22
5804,Kimberly Schmidt,kimberly.schmidt@hotmail.com,UK,2023-02-06,Standard,121.5
5805,Lauren Mathis,lauren.mathis@yahoo.com,UK,2020-07-10,Basic,56.75
5806,Christopher Nielsen,christopher.nielsen@protonmail.com,UK,2024-03-12,Basic,32.28
5807,Chelsea Kaiser,chelsea.kaiser@icloud.com,USA,2024-04-26,Standard,103.78
5808,Karen Wang,karen.wang@icloud.com,Australia,2020-10-26,Basic,79.55
5809,Ryan Hill,ryan.hill@hotmail.com,USA,2022-04-27,Basic,61.69
5810,Shannon Gilmore,shannon.gilmore@outlook.com,UK,2020-04-30,Basic,12.41
5811,Joanne Santos,joanne.santos@hotmail.com,USA,2024-08-03,Basic,74.95
5812,Charles Holland,charles.holland@outlook.com,USA,2020-05-02,Premium,1586.17
5813,Matthew Rose,matthew.rose@gmail.com,UK,2025-04-07,Premium,2070.93
5814,Heather Wilkins,heather.wilkins@yahoo.com,Germany,2025-06-20,Basic,77.94
5815,Ryan Smith,ryan.smith@gmail.com,USA,2025-03-14,Standard,382.54
5816,Autumn Smith,autumn.smith@yahoo.com,USA,2022-12-19,Basic,26.22
5817,Maria Smith,maria.smith@yahoo.com,Brazil,2023-07-05,Basic,42.51
5818,Jeffrey Simmons,jeffrey.simmons@yahoo.com,Singapore,2025-08-08,Standard,452.34
5819,Jonathan Walker,jonathan.walker@gmail.com,UK,2024-11-20,Standard,277.22
5820,Emily Nguyen,emily.nguyen@icloud.com,USA,2022-10-04,Basic,56.02
5821,Stephen Ortega,stephen.ortega@gmail.com,USA,2025-10-09,Premium,4479.63
5822,Kayla Andrews,kayla.andrews@icloud.com,USA,2024-09-17,Basic,15.47
5823,Michael Beard,michael.beard@outlook.com,UK,2024-03-30,Basic,80.72
5824,Michelle Hernandez,michelle.hernandez@yahoo.com,Italy,2025-01-08,Premium,2830.73
5825,Kendra Harris,kendra.harris@icloud.com,India,2025-08-11,Standard,428.0
5826,Hunter Johnson,hunter.johnson@yahoo.com,USA,2024-10-22,Standard,129.27
5827,Carolyn Kirk,carolyn.kirk@icloud.com,Singapore,2021-09-06,Basic,81.13
5828,Kimberly Fernandez,kimberly.fernandez@protonmail.com,UK,2024-02-08,Standard,294.17
5829,Stephanie Murphy,stephanie.murphy@protonmail.com,USA,2024-08-25,Premium,2040.79
5830,Leslie Hall,leslie.hall@gmail.com,UK,2024-05-15,Premium,962.95
5831,Jason Turner,jason.turner@gmail.com,USA,2023-10-10,Standard,194.85
5832,Roger Nelson,roger.nelson@gmail.com,Mexico,2024-06-08,Standard,306.55
5833,Sharon Robinson,sharon.robinson@gmail.com,USA,2024-02-01,Standard,272.45
5834,Michael Taylor,michael.taylor@yahoo.com,India,2025-02-25,Basic,30.93
5835,Rachel Gonzales,rachel.gonzales@yahoo.com,USA,2025-05-11,Premium,2703.79
5836,Mary Brooks,mary.brooks@outlook.com,Mexico,2023-06-08,Basic,16.44
5837,Scott Manning,scott.manning@yahoo.com,India,2024-05-08,Basic,13.53
5838,Jodi James,jodi.james@yahoo.com,UK,2024-04-01,Standard,134.04
5839,Sean Ross,sean.ross@outlook.com,USA,2024-03-02,Standard,301.0
5840,Jamie James,jamie.james@yahoo.com,Mexico,2020-12-05,Premium,1376.44
5841,Lisa Davis,lisa.davis@icloud.com,Germany,2024-09-24,Standard,117.48
5842,Gregory Gentry,gregory.gentry@icloud.com,USA,2024-05-02,Standard,260.55
5843,Jenny Martinez,jenny.martinez@outlook.com,Brazil,2023-02-09,Standard,354.71
5844,Katherine Martinez,katherine.martinez@icloud.com,USA,2025-02-23,Standard,420.27
5845,Tracy Jacobs,tracy.jacobs@gmail.com,USA,2025-08-04,Premium,3835.82
5846,Kara Stewart,kara.stewart@gmail.com,UK,2025-03-01,Standard,226.84
5847,James Galloway,james.galloway@outlook.com,USA,2025-09-15,Standard,281.34
5848,Lauren Ward,lauren.ward@gmail.com,UK,2023-08-19,Standard,265.38
5849,Jonathan Rodriguez,jonathan.rodriguez@outlook.com,USA,2025-09-03,Premium,3386.87
5850,Stephen Smith,stephen.smith1@hotmail.com,USA,2025-04-20,Premium,4467.56
5851,Linda Ross,linda.ross@icloud.com,USA,2024-09-25,Standard,127.29
5852,Meredith Gomez,meredith.gomez@gmail.com,USA,2021-01-14,Standard,386.45
5853,Sonya Copeland,sonya.copeland@protonmail.com,Netherlands,2021-08-19,Standard,469.78
5854,Ryan Abbott,ryan.abbott@yahoo.com,Germany,2023-09-04,Premium,1436.87
5855,Kevin Key,kevin.key@outlook.com,UK,2024-01-16,Standard,312.96
5856,Christopher Schneider,christopher.schneider@outlook.com,USA,2024-06-30,Basic,94.36
5857,Peter Ruiz,peter.ruiz@outlook.com,India,2025-09-16,Standard,460.02
5858,Stephanie Hill,stephanie.hill@hotmail.com,USA,2024-10-03,Standard,364.25
5859,Deborah Morris,deborah.morris@yahoo.com,USA,2022-07-25,Standard,332.01
5860,Donald Wright,donald.wright@yahoo.com,India,2021-07-05,Basic,85.51
5861,Anne Anderson,anne.anderson@gmail.com,UK,2024-03-26,Basic,92.37
5862,Eric Neal,eric.neal@icloud.com,Canada,2023-07-24,Premium,2468.45
5863,Kathryn Brown,kathryn.brown@protonmail.com,Mexico,2025-03-19,Standard,210.43
5864,Leah Cline,leah.cline@outlook.com,France,2025-08-02,Premium,1182.76
5865,Donna Watson,donna.watson@yahoo.com,USA,2023-01-02,Basic,33.33
5866,Robert Moore,robert.moore@outlook.com,USA,2024-04-21,Premium,4735.92
5867,Gerald Mayer,gerald.mayer@outlook.com,USA,2025-08-01,Basic,46.52
5868,Tammy Harmon,tammy.harmon@yahoo.com,Australia,2025-12-25,Premium,2153.32
5869,Lisa White,lisa.white@hotmail.com,Spain,2024-12-16,Standard,476.59
5870,Natasha Rodriguez,natasha.rodriguez@hotmail.com,Italy,2025-09-09,Standard,310.09
5871,Francisco Jimenez,francisco.jimenez@hotmail.com,USA,2024-10-27,Standard,229.56
5872,Kevin Garrett,kevin.garrett@outlook.com,Japan,2020-05-14,Standard,182.75
5873,Regina Baker,regina.baker@hotmail.com,UK,2024-04-03,Basic,22.28
5874,Manuel Logan,manuel.logan@gmail.com,France,2024-11-07,Standard,100.5
5875,Martin Oneal,martin.oneal@yahoo.com,Germany,2025-06-04,Standard,245.69
5876,Austin Wiggins,austin.wiggins@protonmail.com,USA,2021-05-22,Basic,85.94
5877,Robin Williams,robin.williams@gmail.com,USA,2023-10-27,Basic,69.71
5878,Nicholas George,nicholas.george@protonmail.com,Netherlands,2024-09-09,Basic,82.32
5879,Alicia Moore,alicia.moore@yahoo.com,UK,2025-05-21,Basic,50.55
5880,Alexis Prince,alexis.prince@protonmail.com,USA,2024-03-30,Standard,195.22
5881,Christopher Mcneil,christopher.mcneil@hotmail.com,USA,2022-12-08,Basic,78.46
5882,Daniel Alvarez,daniel.alvarez@hotmail.com,USA,2025-06-15,Standard,115.6
5883,Tonya Chase,tonya.chase@hotmail.com,Netherlands,2024-09-28,Basic,95.37
5884,Amanda Taylor,amanda.taylor@yahoo.com,USA,2025-12-05,Basic,74.27
5885,Carrie Walsh,carrie.walsh@icloud.com,USA,2025-08-25,Premium,1043.78
5886,Larry Harrison,larry.harrison@hotmail.com,Australia,2021-02-01,Premium,1693.41
5887,Rebecca Anderson,rebecca.anderson@yahoo.com,Germany,2025-07-25,Basic,92.19
5888,Diana Diaz,diana.diaz@gmail.com,USA,2023-11-14,Standard,222.43
5889,Christina Moran,christina.moran@hotmail.com,USA,2025-05-14,Standard,224.14
5890,Tim Goodman,tim.goodman@outlook.com,USA,2022-07-13,Basic,82.8
5891,Melissa Gonzalez,melissa.gonzalez@hotmail.com,USA,2025-10-13,Standard,454.52
5892,Jeffrey Anderson,jeffrey.anderson@outlook.com,USA,2022-07-10,Standard,363.26
5893,Sheri Perez,sheri.perez@gmail.com,USA,2020-12-15,Standard,370.22
5894,Christopher Davis,christopher.davis@protonmail.com,Canada,2025-03-02,Premium,1970.84
5895,Richard Eaton,richard.eaton@icloud.com,Japan,2022-01-28,Standard,144.2
5896,Daniel Perez,daniel.perez@protonmail.com,Mexico,2021-06-29,Basic,76.47
5897,Jack Hopkins,jack.hopkins@outlook.com,USA,2025-03-10,Premium,1940.07
5898,Mark Dickson,mark.dickson@yahoo.com,USA,2023-05-03,Basic,85.61
5899,Elizabeth Meyer,elizabeth.meyer@protonmail.com,UAE,2024-03-08,Basic,13.06
5900,Barbara Stephenson,barbara.stephenson@outlook.com,Canada,2025-08-16,Premium,2870.83
5901,Kathleen Anderson,kathleen.anderson@outlook.com,UK,2023-01-01,Basic,78.82
5902,Robert Stanley,robert.stanley@protonmail.com,USA,2020-06-04,Basic,59.3
5903,Beth Michael,beth.michael@yahoo.com,USA,2024-09-02,Standard,120.54
5904,Austin Bullock,austin.bullock@outlook.com,UK,2024-03-04,Standard,285.26
5905,Paul Williams,paul.williams@outlook.com,Germany,2022-03-04,Standard,146.63
5906,James White,james.white@yahoo.com,USA,2024-04-28,Standard,270.66
5907,Douglas Johnson,douglas.johnson@protonmail.com,Netherlands,2023-11-07,Standard,337.98
5908,Laura Martin,laura.martin@hotmail.com,Germany,2020-12-06,Standard,282.88
5909,Marcus Armstrong,marcus.armstrong@protonmail.com,Germany,2022-06-22,Basic,38.03
5910,Timothy Cooper,timothy.cooper@icloud.com,USA,2025-01-30,Basic,25.48
5911,Courtney Montoya,courtney.montoya@hotmail.com,Canada,2022-01-25,Basic,73.31
5912,Barbara Hayes,barbara.hayes@icloud.com,Canada,2022-05-08,Basic,12.84
5913,Jason Howell,jason.howell@protonmail.com,USA,2025-10-02,Premium,1646.79
5914,Amy Wilson,amy.wilson@icloud.com,Germany,2023-11-23,Standard,429.23
5915,Joshua Mack,joshua.mack@protonmail.com,India,2025-04-21,Standard,194.29
5916,Sandra Rogers,sandra.rogers@yahoo.com,Japan,2025-12-29,Standard,427.86
5917,Patricia Scott,patricia.scott@outlook.com,USA,2023-12-05,Premium,576.67
5918,Lindsay Freeman,lindsay.freeman@outlook.com,Brazil,2023-08-07,Basic,34.0
5919,Ana Alvarado,ana.alvarado@icloud.com,UK,2021-05-17,Premium,909.84
5920,Elizabeth Peterson,elizabeth.peterson@protonmail.com,USA,2022-10-01,Standard,310.26
5921,April Brown,april.brown@icloud.com,USA,2022-10-17,Standard,146.59
5922,Michael May,michael.may@gmail.com,USA,2023-12-31,Standard,239.42
5923,Tami Martinez,tami.martinez@protonmail.com,USA,2023-12-14,Standard,370.58
5924,Jeremy Ellis,jeremy.ellis@hotmail.com,UK,2025-02-09,Premium,4018.95
5925,Daniel Pierce,daniel.pierce@hotmail.com,Canada,2022-07-24,Basic,26.98
5926,Kenneth Marks,kenneth.marks@hotmail.com,USA,2023-03-10,Basic,95.78
5927,Kurt Graham,kurt.graham@icloud.com,UAE,2021-12-31,Standard,330.45
5928,Tracey Miller,tracey.miller@gmail.com,USA,2022-03-10,Premium,2031.16
5929,Michelle Wagner,michelle.wagner@outlook.com,Germany,2025-03-19,Standard,343.0
5930,Raymond Pugh,raymond.pugh@outlook.com,Italy,2024-05-26,Standard,251.23
5931,Yolanda Lee,yolanda.lee@icloud.com,France,2023-10-20,Premium,4836.06
5932,Mary Walker,mary.walker@outlook.com,India,2024-03-13,Premium,2364.91
5933,Alvin Quinn,alvin.quinn@gmail.com,India,2023-07-15,Premium,1606.43
5934,Michael Burke,michael.burke@icloud.com,USA,2025-05-27,Standard,122.32
5935,Edward Heath,edward.heath@outlook.com,USA,2023-01-16,Standard,414.54
5936,Alicia Mcbride,alicia.mcbride@protonmail.com,UK,2024-05-04,Basic,73.67
5937,Michael Hall,michael.hall@icloud.com,USA,2022-01-31,Standard,368.27
5938,Stacey Schmidt,stacey.schmidt@yahoo.com,USA,2023-08-27,Standard,428.58
5939,Nicholas Garcia,nicholas.garcia@outlook.com,USA,2024-03-15,Premium,2980.03
5940,Gabriel Walters,gabriel.walters@icloud.com,Spain,2021-11-25,Basic,29.79
5941,Christine Bridges,christine.bridges@gmail.com,Brazil,2024-02-15,Premium,2051.44
5942,Karen Hernandez,karen.hernandez@gmail.com,France,2024-12-19,Standard,162.96
5943,Sheri Lynch,sheri.lynch@hotmail.com,India,2021-02-13,Standard,499.1
5944,Michele Ramirez,michele.ramirez@protonmail.com,USA,2025-05-24,Basic,23.43
5945,Susan Rush,susan.rush@gmail.com,USA,2021-07-23,Basic,11.25
5946,Kenneth Santana,kenneth.santana@protonmail.com,India,2025-06-05,Standard,114.49
5947,Teresa English,teresa.english@protonmail.com,India,2023-07-26,Standard,349.91
5948,Taylor Taylor,taylor.taylor@icloud.com,USA,2022-01-02,Standard,305.08
5949,Sharon Smith,sharon.smith@icloud.com,UK,2021-12-11,Standard,259.24
5950,John Peters,john.peters@icloud.com,UK,2024-12-15,Standard,485.39
5951,Larry Leblanc,larry.leblanc@icloud.com,USA,2024-03-28,Standard,330.95
5952,Christie Chung,christie.chung@protonmail.com,USA,2024-10-30,Premium,3691.21
5953,Brian Jenkins,brian.jenkins@outlook.com,UK,2023-10-05,Basic,33.48
5954,Douglas Carson,douglas.carson@yahoo.com,Germany,2021-12-02,Premium,1560.4
5955,Kathy Roman,kathy.roman@icloud.com,Netherlands,2025-08-24,Standard,453.88
5956,Stephanie Sanchez,stephanie.sanchez@protonmail.com,UK,2025-05-12,Basic,59.69
5957,Kristie Lucas,kristie.lucas@protonmail.com,India,2023-09-10,Basic,93.56
5958,Peter Lee,peter.lee@hotmail.com,France,2025-06-13,Standard,341.28
5959,Mary Jones,mary.jones@protonmail.com,USA,2024-02-21,Standard,126.09
5960,Tabitha Hill,tabitha.hill@yahoo.com,India,2024-01-08,Premium,2644.63
5961,Patricia Martinez,patricia.martinez@icloud.com,UK,2024-07-18,Basic,17.77
5962,Jodi Blackburn,jodi.blackburn@protonmail.com,Germany,2021-03-08,Standard,206.52
5963,Edwin Ramos,edwin.ramos@hotmail.com,USA,2021-11-22,Basic,18.93
5964,Emily Hodges,emily.hodges@hotmail.com,Spain,2024-06-28,Standard,415.63
5965,Alex Wilson,alex.wilson@gmail.com,Netherlands,2025-11-14,Standard,377.25
5966,Larry Garcia,larry.garcia@yahoo.com,USA,2024-04-07,Standard,148.57
5967,Courtney Ruiz,courtney.ruiz@protonmail.com,USA,2020-02-27,Premium,3966.24
5968,Donna Evans,donna.evans@gmail.com,USA,2020-04-18,Standard,235.15
5969,David Paul,david.paul@protonmail.com,Australia,2023-03-06,Basic,49.12
5970,Shawn Jones,shawn.jones@outlook.com,Germany,2024-05-02,Standard,242.81
5971,Tiffany Lozano,tiffany.lozano@hotmail.com,USA,2021-01-13,Basic,51.63
5972,Matthew Nelson,matthew.nelson@yahoo.com,France,2020-02-10,Standard,314.27
5973,Vanessa James,vanessa.james@protonmail.com,USA,2024-09-01,Standard,318.44
5974,Patricia Rodriguez,patricia.rodriguez@gmail.com,UK,2021-02-23,Standard,346.6
5975,Steven Richards,steven.richards@protonmail.com,USA,2023-05-31,Standard,243.76
5976,Nancy Holt,nancy.holt@protonmail.com,UK,2024-02-24,Standard,497.73
5977,Laura Blake,laura.blake@icloud.com,UK,2021-05-24,Basic,51.07
5978,Jeffrey Garcia,jeffrey.garcia@protonmail.com,USA,2023-02-04,Standard,370.19
5979,Whitney Morrison,whitney.morrison@yahoo.com,UK,2021-04-14,Standard,396.07
5980,Carol Cox,carol.cox@yahoo.com,Spain,2023-01-25,Standard,218.73
5981,Molly Ortega,molly.ortega@hotmail.com,UK,2025-09-30,Standard,258.4
5982,Mary Richmond,mary.richmond@yahoo.com,Spain,2024-01-13,Premium,4052.94
5983,Robert Little,robert.little@icloud.com,Germany,2020-12-19,Premium,2194.31
5984,Michelle Ramirez,michelle.ramirez@icloud.com,Canada,2021-08-15,Standard,249.06
5985,Jennifer Hill,jennifer.hill1@gmail.com,USA,2022-07-22,Basic,76.47
5986,Johnathan Romero,johnathan.romero@yahoo.com,Australia,2025-08-20,Premium,1916.2
5987,Robert Huff,robert.huff@yahoo.com,USA,2024-03-12,Standard,317.73
5988,Tonya Miller,tonya.miller@yahoo.com,USA,2024-08-29,Standard,329.8
5989,Craig Shaffer,craig.shaffer@protonmail.com,USA,2021-02-16,Standard,242.02
5990,John Simpson,john.simpson@gmail.com,USA,2025-09-29,Basic,23.21
5991,Brittany Wade,brittany.wade@gmail.com,Netherlands,2025-11-19,Basic,51.99
5992,Dalton Norman,dalton.norman@yahoo.com,UAE,2022-10-16,Basic,40.67
5993,Jeanette Castro,jeanette.castro@protonmail.com,Canada,2023-05-12,Basic,97.03
5994,Mary Bennett,mary.bennett@outlook.com,USA,2023-07-27,Premium,958.58
5995,April Schaefer,april.schaefer@outlook.com,Mexico,2024-12-16,Standard,249.94
5996,Patrick Guzman,patrick.guzman@protonmail.com,Canada,2023-09-17,Standard,151.42
5997,Brittany Leon,brittany.leon@yahoo.com,USA,2022-11-09,Basic,96.32
5998,Stephanie Johnston,stephanie.johnston@gmail.com,UK,2024-05-20,Basic,23.02
5999,David Gallagher,david.gallagher@gmail.com,India,2024-07-23,Premium,1228.04
6000,Michael Chambers,michael.chambers@protonmail.com,USA,2023-06-11,Standard,349.06
6001,Rebecca Fisher,rebecca.fisher@outlook.com,UK,2023-02-20,Standard,479.21
6002,Phillip Garner,phillip.garner@icloud.com,India,2020-09-15,Basic,42.52
6003,Michael French,michael.french@outlook.com,USA,2023-06-01,Premium,4316.53
6004,Melissa Berry,melissa.berry@gmail.com,UK,2025-06-23,Standard,494.83
6005,Alexandra Bentley,alexandra.bentley@gmail.com,UK,2024-01-23,Standard,208.53
6006,Lisa Fuller,lisa.fuller@yahoo.com,Canada,2025-07-09,Standard,154.34
6007,Kimberly Caldwell,kimberly.caldwell@hotmail.com,Singapore,2024-05-10,Standard,307.99
6008,Anthony Bradley,anthony.bradley@protonmail.com,Japan,2024-04-05,Standard,165.84
6009,Andrew Bautista,andrew.bautista@hotmail.com,Germany,2023-04-08,Basic,17.43
6010,Corey Knapp,corey.knapp@icloud.com,Germany,2021-03-13,Premium,774.57
6011,Laurie Daniel,laurie.daniel@icloud.com,Germany,2025-12-14,Basic,24.49
6012,Melissa King,melissa.king@icloud.com,Germany,2024-01-01,Standard,482.95
6013,Loretta Cooper,loretta.cooper@outlook.com,USA,2025-10-04,Standard,206.81
6014,Teresa Wright,teresa.wright@yahoo.com,India,2024-11-17,Standard,448.65
6015,Sean Williams,sean.williams@protonmail.com,India,2023-09-28,Standard,336.89
6016,Stephen Ritter,stephen.ritter@outlook.com,UK,2021-08-02,Standard,487.56
6017,Jose Leon,jose.leon@icloud.com,Brazil,2023-06-19,Standard,423.43
6018,Jason Townsend,jason.townsend@yahoo.com,India,2024-02-11,Premium,3653.72
6019,Amy Morris,amy.morris@yahoo.com,USA,2025-12-28,Standard,103.99
6020,Richard Bailey,richard.bailey@outlook.com,USA,2025-04-05,Basic,80.65
6021,Lisa Kirk,lisa.kirk@icloud.com,USA,2024-09-25,Standard,393.68
6022,Melissa Cook,melissa.cook@icloud.com,USA,2023-12-25,Standard,138.34
6023,Christina Singh,christina.singh@outlook.com,UK,2020-09-04,Standard,356.47
6024,Mary Perez,mary.perez@yahoo.com,USA,2023-03-17,Standard,185.17
6025,Maria Garcia,maria.garcia1@gmail.com,USA,2025-08-26,Basic,68.91
6026,Jennifer Fowler,jennifer.fowler@outlook.com,USA,2024-08-07,Standard,284.76
6027,Lawrence Crawford,lawrence.crawford@yahoo.com,Australia,2024-09-08,Basic,38.97
6028,Jacob Reyes,jacob.reyes@hotmail.com,Canada,2025-03-28,Basic,63.59
6029,Joseph Zimmerman,joseph.zimmerman@hotmail.com,USA,2020-08-13,Standard,424.9
6030,Michael Shaffer,michael.shaffer@yahoo.com,USA,2025-06-01,Standard,405.65
6031,Paula Fischer,paula.fischer@gmail.com,USA,2024-12-01,Standard,270.26
6032,Susan Morris,susan.morris@yahoo.com,USA,2020-07-17,Basic,91.92
6033,Daniel Perkins,daniel.perkins@yahoo.com,USA,2024-04-19,Premium,3751.96
6034,Regina Graves,regina.graves@protonmail.com,USA,2021-07-30,Standard,265.6
6035,Ann Sherman,ann.sherman@icloud.com,USA,2024-11-12,Premium,1205.28
6036,Amanda Sanders,amanda.sanders@protonmail.com,Singapore,2022-01-13,Basic,28.64
6037,Heather Gonzalez,heather.gonzalez@icloud.com,UK,2022-11-16,Basic,40.92
6038,Christopher Harper,christopher.harper@outlook.com,France,2024-09-07,Premium,1538.78
6039,Natalie Sullivan,natalie.sullivan@yahoo.com,USA,2023-06-29,Standard,309.14
6040,Jose Baldwin,jose.baldwin@gmail.com,USA,2020-03-30,Basic,44.87
6041,Amanda Sanders,amanda.sanders@hotmail.com,Netherlands,2025-04-06,Basic,19.06
6042,Samantha Garcia,samantha.garcia@icloud.com,USA,2022-06-07,Premium,3036.32
6043,Stephanie Olsen,stephanie.olsen@yahoo.com,India,2024-02-02,Standard,243.16
6044,Paige Carter,paige.carter@hotmail.com,Singapore,2024-06-18,Standard,473.01
6045,Ashley Miller,ashley.miller@gmail.com,Germany,2020-08-11,Standard,476.91
6046,Yvonne Ramos,yvonne.ramos@yahoo.com,USA,2025-07-11,Premium,4114.66
6047,Billy Kelley,billy.kelley@yahoo.com,UK,2023-02-05,Premium,3039.88
6048,Elizabeth Hill,elizabeth.hill@yahoo.com,USA,2022-05-09,Basic,75.56
6049,Troy Whitaker,troy.whitaker@outlook.com,USA,2023-11-17,Standard,384.9
6050,Tonya Sanchez,tonya.sanchez@yahoo.com,USA,2024-02-02,Premium,3294.75
6051,Jeremiah Wong,jeremiah.wong@protonmail.com,Mexico,2020-09-29,Standard,111.94
6052,Jason Smith,jason.smith@icloud.com,India,2022-03-03,Premium,3561.29
6053,John Smith,john.smith1@icloud.com,USA,2024-04-25,Standard,124.87
6054,Cheryl Massey,cheryl.massey@outlook.com,USA,2024-11-21,Standard,480.87
6055,Robert Arnold,robert.arnold@gmail.com,India,2022-05-17,Premium,4967.94
6056,Ashley Gutierrez,ashley.gutierrez@hotmail.com,Spain,2023-11-09,Premium,3001.36
6057,Melanie Carpenter,melanie.carpenter@icloud.com,USA,2022-09-30,Basic,94.26
6058,Courtney Oneal,courtney.oneal@outlook.com,USA,2022-09-23,Basic,40.37
6059,Tiffany Francis,tiffany.francis@outlook.com,Japan,2024-03-11,Premium,2442.89
6060,Jasmine Holden,jasmine.holden@icloud.com,Mexico,2023-03-10,Standard,108.61
6061,Linda Baker,linda.baker@hotmail.com,Spain,2022-06-16,Premium,1981.65
6062,Mitchell Mccullough,mitchell.mccullough@gmail.com,USA,2022-02-04,Basic,88.43
6063,Sharon Flores,sharon.flores@icloud.com,USA,2024-02-14,Basic,66.74
6064,Michael Rubio,michael.rubio@outlook.com,UK,2024-07-27,Standard,491.6
6065,Dennis Heath,dennis.heath@yahoo.com,USA,2023-04-03,Standard,194.2
6066,Valerie Wright,valerie.wright@protonmail.com,Mexico,2024-08-17,Standard,323.3
6067,Amanda Anderson,amanda.anderson@protonmail.com,USA,2024-10-24,Standard,169.23
6068,Tina Mueller,tina.mueller@icloud.com,Germany,2020-04-20,Standard,102.0
6069,William Alvarez,william.alvarez@gmail.com,Spain,2023-09-21,Premium,1964.6
6070,Lawrence Aguirre,lawrence.aguirre@outlook.com,Singapore,2022-03-28,Standard,341.97
6071,Cassandra Cortez,cassandra.cortez@hotmail.com,India,2025-04-02,Standard,122.7
6072,Jennifer Newman,jennifer.newman@yahoo.com,Netherlands,2022-03-28,Premium,4323.74
6073,Angela Galloway,angela.galloway@yahoo.com,USA,2022-08-06,Standard,288.47
6074,Steven Andrews,steven.andrews@yahoo.com,USA,2024-06-28,Basic,99.73
6075,Brian Montgomery,brian.montgomery@protonmail.com,USA,2024-01-12,Standard,164.49
6076,Tyler Graham,tyler.graham@protonmail.com,UAE,2025-11-12,Standard,313.93
6077,Stephanie Jackson,stephanie.jackson@hotmail.com,Spain,2023-12-30,Basic,71.55
6078,Ann Hansen,ann.hansen@outlook.com,USA,2022-09-22,Premium,3108.95
6079,Brian Bailey,brian.bailey@yahoo.com,USA,2024-01-07,Standard,463.2
6080,Mikayla Hernandez,mikayla.hernandez@protonmail.com,USA,2024-07-10,Standard,103.62
6081,Evelyn Jones,evelyn.jones@icloud.com,USA,2025-03-18,Premium,2076.71
6082,Jennifer Hudson,jennifer.hudson@yahoo.com,Japan,2024-04-14,Basic,12.5
6083,Stacey Luna,stacey.luna@yahoo.com,USA,2023-04-13,Standard,458.52
6084,Jennifer Henry,jennifer.henry@outlook.com,Australia,2021-08-03,Standard,230.79
6085,Janet Bender,janet.bender@yahoo.com,Germany,2025-02-02,Premium,3880.83
6086,Valerie Lewis,valerie.lewis@hotmail.com,USA,2024-09-19,Basic,10.21
6087,Shannon Ryan,shannon.ryan@icloud.com,USA,2021-12-29,Basic,33.91
6088,Emily Rivera,emily.rivera@hotmail.com,UAE,2023-04-06,Premium,1854.65
6089,Ashley Liu,ashley.liu@outlook.com,Germany,2024-12-17,Standard,436.44
6090,Sophia Thomas,sophia.thomas@protonmail.com,UK,2022-08-21,Premium,2724.19
6091,Amber Maldonado,amber.maldonado@icloud.com,USA,2024-04-29,Basic,40.16
6092,Leonard Smith,leonard.smith@yahoo.com,Spain,2024-04-29,Standard,445.04
6093,Chelsea Joseph,chelsea.joseph@protonmail.com,France,2022-09-06,Premium,2330.62
6094,Michael Wilson,michael.wilson1@hotmail.com,France,2025-12-29,Standard,170.99
6095,Tiffany Austin,tiffany.austin@icloud.com,Germany,2025-01-28,Basic,43.13
6096,Alyssa Cross,alyssa.cross@icloud.com,Mexico,2022-12-25,Standard,109.61
6097,Jessica Wright,jessica.wright@hotmail.com,USA,2023-01-30,Premium,2036.52
6098,Carolyn Blake,carolyn.blake@protonmail.com,India,2025-12-27,Basic,40.91
6099,Harry White,harry.white@protonmail.com,UK,2023-09-05,Premium,4388.14
6100,Debra Simpson,debra.simpson@yahoo.com,Germany,2025-09-02,Standard,135.93
6101,David Davis,david.davis1@outlook.com,UAE,2022-02-24,Standard,203.54
6102,Sophia Berry,sophia.berry@protonmail.com,UAE,2024-10-18,Standard,420.76
6103,Stacy Hughes,stacy.hughes@gmail.com,UK,2024-03-03,Premium,2205.98
6104,Rick Horton,rick.horton@gmail.com,Germany,2023-02-21,Premium,2628.91
6105,Dillon Cooper,dillon.cooper@outlook.com,Mexico,2024-05-13,Premium,4964.45
6106,Cody Kelly,cody.kelly@yahoo.com,UAE,2020-05-22,Standard,120.01
6107,Jasmine Koch,jasmine.koch@hotmail.com,Australia,2022-07-09,Basic,91.65
6108,Victor Lopez,victor.lopez@gmail.com,USA,2022-05-15,Premium,4183.24
6109,Richard Perez,richard.perez@outlook.com,USA,2021-06-02,Basic,61.15
6110,Valerie Schultz,valerie.schultz@hotmail.com,Mexico,2020-07-02,Standard,449.67
6111,Matthew Walton,matthew.walton@protonmail.com,Canada,2023-07-27,Premium,2205.81
6112,Alexandria Smith,alexandria.smith@gmail.com,Canada,2022-10-07,Standard,120.14
6113,Catherine Hendrix,catherine.hendrix@yahoo.com,India,2021-04-10,Standard,214.57
6114,Brian Brooks,brian.brooks@icloud.com,UK,2021-07-27,Standard,433.67
6115,Gary Stuart,gary.stuart@yahoo.com,UK,2025-07-22,Standard,283.33
6116,Allison Smith,allison.smith@protonmail.com,France,2021-01-24,Standard,488.02
6117,Paul Johnson,paul.johnson@outlook.com,USA,2024-04-18,Basic,21.67
6118,Rebecca Elliott,rebecca.elliott@yahoo.com,India,2020-10-31,Standard,456.14
6119,Michele Sosa,michele.sosa@yahoo.com,India,2020-04-19,Basic,59.37
6120,Jacob Oliver,jacob.oliver@gmail.com,Japan,2023-10-13,Standard,108.68
6121,Hunter Robinson,hunter.robinson@protonmail.com,USA,2023-12-27,Premium,1957.78
6122,Michael Wiggins,michael.wiggins@gmail.com,Canada,2024-06-24,Premium,727.56
6123,Rita Greene,rita.greene@hotmail.com,USA,2024-01-18,Basic,20.05
6124,Audrey Vance,audrey.vance@gmail.com,USA,2022-04-28,Standard,468.61
6125,Jasmine Hobbs,jasmine.hobbs@gmail.com,UK,2022-07-08,Basic,39.32
6126,Gregory Hernandez,gregory.hernandez@icloud.com,USA,2025-06-14,Basic,33.85
6127,Lori Johnson,lori.johnson@outlook.com,Netherlands,2021-08-16,Standard,302.87
6128,Benjamin Medina,benjamin.medina@icloud.com,Mexico,2025-05-19,Basic,71.75
6129,Susan Shepard,susan.shepard@hotmail.com,USA,2024-05-23,Basic,82.59
6130,Lindsay Collins,lindsay.collins@gmail.com,Japan,2022-08-07,Basic,28.19
6131,Kelly Bailey,kelly.bailey@yahoo.com,UK,2022-03-01,Standard,202.38
6132,Henry Stone,henry.stone@icloud.com,India,2023-12-02,Basic,84.11
6133,Rachel Jimenez,rachel.jimenez@hotmail.com,Mexico,2024-12-21,Premium,3849.45
6134,Carrie Osborn,carrie.osborn@protonmail.com,Germany,2025-11-30,Basic,41.98
6135,Samantha Pace,samantha.pace@gmail.com,USA,2022-08-15,Basic,45.24
6136,Sarah Kelley,sarah.kelley@yahoo.com,USA,2025-11-12,Standard,498.79
6137,Paul West,paul.west@outlook.com,UK,2022-09-30,Premium,4016.91
6138,Darren Spencer,darren.spencer@outlook.com,Netherlands,2021-11-18,Premium,928.98
6139,Matthew Diaz,matthew.diaz@gmail.com,Germany,2024-06-25,Basic,75.92
6140,John Roth,john.roth@hotmail.com,USA,2025-08-09,Basic,58.63
6141,Jacob Powell,jacob.powell@outlook.com,USA,2023-05-21,Basic,29.84
6142,Michael Rangel,michael.rangel@protonmail.com,Spain,2025-12-03,Basic,76.07
6143,Samantha Cochran,samantha.cochran@icloud.com,USA,2023-08-12,Standard,134.15
6144,Renee Zimmerman,renee.zimmerman@icloud.com,India,2025-02-10,Basic,48.91
6145,Mary Garcia,mary.garcia@icloud.com,India,2025-02-15,Premium,1170.13
6146,April Alvarado,april.alvarado@outlook.com,USA,2024-01-30,Premium,1823.25
6147,Luke Rose,luke.rose@hotmail.com,USA,2024-01-05,Standard,392.91
6148,Bailey Patel,bailey.patel@outlook.com,USA,2024-08-07,Standard,303.06
6149,Phillip Payne,phillip.payne@protonmail.com,USA,2025-12-27,Standard,292.76
6150,James Flores,james.flores@yahoo.com,India,2024-11-14,Basic,27.04
6151,Seth Gonzalez,seth.gonzalez@hotmail.com,France,2023-04-07,Premium,1978.38
6152,Sheryl Simmons,sheryl.simmons@gmail.com,USA,2025-12-28,Basic,91.68
6153,Ryan Miller,ryan.miller@protonmail.com,UK,2024-06-13,Premium,4300.05
6154,Andrew Garcia,andrew.garcia@outlook.com,USA,2024-03-26,Basic,63.33
6155,Anna Lynch,anna.lynch@icloud.com,USA,2024-02-29,Standard,330.08
6156,Kevin Gay,kevin.gay@protonmail.com,Canada,2023-03-23,Basic,62.72
6157,Kelli Townsend,kelli.townsend@protonmail.com,Australia,2023-06-06,Standard,323.51
6158,Holly Rose,holly.rose@protonmail.com,Australia,2022-02-28,Standard,302.6
6159,Bobby Arroyo,bobby.arroyo@icloud.com,USA,2025-04-26,Standard,157.58
6160,Kurt Matthews,kurt.matthews@hotmail.com,Germany,2024-07-02,Premium,1122.93
6161,Rachel Daniels,rachel.daniels@protonmail.com,UK,2025-06-05,Standard,229.26
6162,Danielle Stevenson,danielle.stevenson@hotmail.com,UAE,2022-07-18,Standard,293.52
6163,Amanda Williams,amanda.williams@yahoo.com,India,2025-02-19,Premium,1755.56
6164,Kevin Lopez,kevin.lopez@hotmail.com,Italy,2023-07-23,Basic,85.05
6165,Tamara Williams,tamara.williams@yahoo.com,USA,2023-01-22,Standard,136.35
6166,Marcia Russo,marcia.russo@icloud.com,UK,2025-10-18,Standard,235.93
6167,Joanna Warren,joanna.warren@outlook.com,Canada,2024-04-04,Standard,191.85
6168,Gregory Wood,gregory.wood@yahoo.com,USA,2025-12-21,Standard,304.3
6169,Holly Lozano,holly.lozano@hotmail.com,Germany,2024-02-28,Standard,262.4
6170,Corey Dodson,corey.dodson@hotmail.com,UK,2022-04-06,Standard,167.48
6171,Patricia Joseph,patricia.joseph@hotmail.com,UAE,2023-12-24,Standard,278.04
6172,Charles Harris,charles.harris@outlook.com,USA,2025-09-10,Standard,459.43
6173,Jamie Bowman,jamie.bowman@yahoo.com,Italy,2023-03-17,Standard,151.21
6174,Alexis Weeks,alexis.weeks@outlook.com,UK,2024-04-05,Standard,385.03
6175,Jamie Norris,jamie.norris@gmail.com,UK,2021-05-20,Basic,54.02
6176,Sandra Smith,sandra.smith@protonmail.com,UK,2023-01-08,Standard,101.7
6177,John Cervantes,john.cervantes@gmail.com,USA,2025-05-29,Basic,23.53
6178,Marie Joyce,marie.joyce@protonmail.com,Singapore,2025-10-16,Standard,480.51
6179,Valerie Serrano,valerie.serrano@gmail.com,Spain,2023-12-04,Standard,286.22
6180,Nathan Monroe,nathan.monroe@icloud.com,Singapore,2021-04-15,Standard,293.52
6181,Bradley Thomas,bradley.thomas@yahoo.com,UAE,2020-02-08,Basic,94.95
6182,John Barnett,john.barnett@icloud.com,India,2021-09-03,Standard,214.62
6183,Nicole Henderson,nicole.henderson@outlook.com,UK,2025-10-05,Standard,198.0
6184,Ashley Shields,ashley.shields@gmail.com,Japan,2023-10-02,Basic,46.16
6185,Connie Harris,connie.harris@icloud.com,USA,2022-11-12,Standard,495.92
6186,Natasha Doyle,natasha.doyle@protonmail.com,Japan,2024-04-27,Standard,320.47
6187,Joseph Vaughn,joseph.vaughn@outlook.com,UK,2025-03-28,Standard,420.15
6188,Robert Gutierrez,robert.gutierrez@yahoo.com,India,2023-06-29,Standard,493.52
6189,Joshua Santana,joshua.santana@outlook.com,USA,2025-11-20,Basic,34.54
6190,Lisa Freeman,lisa.freeman@outlook.com,USA,2023-02-13,Standard,347.94
6191,Carol Sims,carol.sims@gmail.com,USA,2022-04-27,Premium,1641.66
6192,Randall Dominguez,randall.dominguez@yahoo.com,UK,2025-07-18,Premium,2921.91
6193,Shane Alvarado,shane.alvarado@icloud.com,UK,2021-07-16,Basic,36.48
6194,Jeffrey Walsh,jeffrey.walsh@yahoo.com,USA,2025-02-26,Standard,173.46
6195,Darius Barrera,darius.barrera@hotmail.com,USA,2024-09-20,Standard,287.22
6196,Tracy White,tracy.white@protonmail.com,Germany,2025-06-21,Basic,97.91
6197,Mark Harding,mark.harding@hotmail.com,USA,2021-12-02,Standard,125.98
6198,Jonathan Becker,jonathan.becker@outlook.com,France,2023-10-19,Basic,32.31
6199,Sarah Sanders,sarah.sanders@yahoo.com,USA,2025-09-21,Basic,25.6
6200,Amanda Mitchell,amanda.mitchell@outlook.com,Germany,2025-02-23,Standard,475.68
6201,Ashley Rodriguez,ashley.rodriguez@gmail.com,USA,2025-07-23,Basic,41.47
6202,David Carson,david.carson@protonmail.com,UK,2022-11-22,Basic,36.08
6203,Nicole Clements,nicole.clements@yahoo.com,Germany,2024-01-24,Standard,257.92
6204,Angela Jimenez,angela.jimenez@outlook.com,India,2023-09-16,Premium,3479.19
6205,David Cowan,david.cowan@hotmail.com,UK,2023-06-22,Basic,55.92
6206,Taylor Rodriguez,taylor.rodriguez@yahoo.com,UK,2024-07-12,Standard,249.81
6207,Jeremy Whitaker,jeremy.whitaker@protonmail.com,USA,2024-01-31,Standard,163.13
6208,Jack Farmer,jack.farmer@outlook.com,UK,2024-09-22,Standard,424.02
6209,Lindsay Allen,lindsay.allen@icloud.com,USA,2022-05-25,Basic,39.63
6210,Christina Kim,christina.kim@protonmail.com,India,2025-08-10,Basic,11.96
6211,Douglas Harper,douglas.harper@gmail.com,UK,2025-07-27,Basic,52.21
6212,Blake Peck,blake.peck@yahoo.com,Australia,2023-06-11,Standard,100.58
6213,Katie Lopez,katie.lopez@hotmail.com,UK,2025-12-11,Basic,25.6
6214,Jason Stewart,jason.stewart@protonmail.com,USA,2025-02-11,Standard,254.33
6215,Ashley Fry,ashley.fry@icloud.com,USA,2022-10-12,Standard,406.0
6216,Matthew Clements,matthew.clements@protonmail.com,USA,2024-07-06,Standard,319.68
6217,Sandra Bell,sandra.bell@yahoo.com,Germany,2025-06-16,Standard,110.12
6218,James Schneider,james.schneider@outlook.com,France,2024-04-11,Standard,255.58
6219,Peter Hernandez,peter.hernandez@gmail.com,Canada,2020-07-21,Standard,363.61
6220,Kelly Brown,kelly.brown@icloud.com,UK,2024-12-27,Standard,302.95
6221,Jack Lee,jack.lee@yahoo.com,USA,2024-09-02,Basic,96.46
6222,Diane Gonzales,diane.gonzales@icloud.com,Brazil,2024-04-11,Premium,2541.8
6223,Monica Jones,monica.jones@hotmail.com,USA,2020-09-20,Basic,60.87
6224,John Rice,john.rice@icloud.com,UK,2021-11-23,Standard,326.43
6225,Angela Thomas,angela.thomas@hotmail.com,Japan,2025-12-03,Standard,159.42
6226,Tamara Brown,tamara.brown@icloud.com,UK,2023-10-21,Standard,185.31
6227,Gail Ortiz,gail.ortiz@gmail.com,USA,2025-01-18,Standard,144.66
6228,Amanda Montgomery,amanda.montgomery@icloud.com,USA,2023-07-31,Basic,36.18
6229,Geoffrey Cantu,geoffrey.cantu@outlook.com,Germany,2025-02-22,Basic,66.62
6230,Mitchell Thomas,mitchell.thomas@outlook.com,USA,2020-06-27,Standard,252.21
6231,Dale Hall,dale.hall@gmail.com,India,2025-07-15,Standard,444.57
6232,Patrick Hart,patrick.hart@gmail.com,UK,2025-09-22,Premium,2728.33
6233,Lisa Mack,lisa.mack@protonmail.com,USA,2023-10-28,Basic,87.63
6234,David Walker,david.walker@yahoo.com,USA,2022-05-18,Premium,1174.04
6235,Courtney Elliott,courtney.elliott@outlook.com,France,2025-02-11,Basic,67.5
6236,Charles Banks,charles.banks@hotmail.com,UK,2024-12-08,Basic,13.47
6237,Renee Pineda,renee.pineda@yahoo.com,Canada,2024-06-30,Premium,1374.11
6238,Deanna Campbell,deanna.campbell@hotmail.com,UK,2023-07-14,Standard,442.66
6239,Christina Cole,christina.cole@outlook.com,USA,2025-10-15,Standard,488.52
6240,Kaitlin Vega,kaitlin.vega@hotmail.com,UK,2024-06-26,Standard,365.36
6241,Cheyenne Reed,cheyenne.reed@hotmail.com,UK,2023-11-24,Premium,3639.28
6242,Vanessa Gibson,vanessa.gibson@protonmail.com,UK,2023-12-18,Basic,32.1
6243,Samantha Hernandez,samantha.hernandez@icloud.com,France,2021-02-19,Premium,1171.06
6244,Amanda Ward,amanda.ward@outlook.com,Spain,2025-11-08,Basic,14.76
6245,Drew Walsh,drew.walsh@icloud.com,Australia,2025-10-23,Standard,285.64
6246,Greg Coffey,greg.coffey@icloud.com,Germany,2023-09-10,Standard,398.22
6247,Yvette Macias,yvette.macias@yahoo.com,Germany,2022-06-04,Basic,23.15
6248,Micheal Smith,micheal.smith@outlook.com,India,2022-08-14,Basic,96.09
6249,Linda Thomas,linda.thomas@hotmail.com,USA,2021-01-10,Standard,190.78
6250,Steve Page,steve.page@hotmail.com,France,2025-11-16,Standard,127.91
6251,Amber Perez,amber.perez@outlook.com,Japan,2024-01-04,Standard,451.12
6252,Richard Larsen,richard.larsen@yahoo.com,USA,2023-10-08,Standard,201.55
6253,Michael Mcmahon,michael.mcmahon@hotmail.com,Spain,2021-12-19,Basic,74.12
6254,Robert Butler,robert.butler@icloud.com,Japan,2021-02-13,Standard,284.21
6255,Jessica Wallace,jessica.wallace@yahoo.com,UK,2024-11-12,Standard,367.1
6256,Paul Cox,paul.cox@outlook.com,Spain,2022-08-02,Basic,47.53
6257,Mark Ross,mark.ross@outlook.com,USA,2023-04-01,Standard,345.44
6258,Jennifer Harris,jennifer.harris@protonmail.com,USA,2025-02-26,Basic,82.89
6259,Jay Lee,jay.lee@gmail.com,USA,2024-03-17,Standard,148.23
6260,James Russo,james.russo@outlook.com,Germany,2025-01-27,Premium,4167.1
6261,Donna Montgomery,donna.montgomery@outlook.com,USA,2021-06-20,Standard,259.46
6262,Rachel Kelley,rachel.kelley@hotmail.com,Netherlands,2023-07-10,Standard,334.92
6263,Kathryn Russell,kathryn.russell@icloud.com,USA,2025-11-18,Basic,40.94
6264,Dawn Lewis,dawn.lewis@yahoo.com,USA,2025-03-10,Standard,447.62
6265,Donald Rodriguez,donald.rodriguez1@yahoo.com,Germany,2024-06-24,Premium,3107.76
6266,Denise Evans,denise.evans@icloud.com,USA,2024-02-27,Standard,444.86
6267,Marissa Hampton,marissa.hampton@protonmail.com,India,2022-12-09,Standard,279.03
6268,Cindy Williams,cindy.williams@outlook.com,USA,2024-01-08,Standard,110.82
6269,Jeff Arnold,jeff.arnold@icloud.com,Singapore,2020-04-20,Standard,296.73
6270,Eric Cruz,eric.cruz@yahoo.com,India,2022-06-07,Standard,327.55
6271,Zachary White,zachary.white@yahoo.com,USA,2024-04-04,Basic,28.88
6272,Scott Benson,scott.benson@hotmail.com,USA,2020-12-22,Standard,212.24
6273,Paul Estrada,paul.estrada@icloud.com,USA,2022-12-12,Standard,328.61
6274,Joshua Reese,joshua.reese@hotmail.com,Netherlands,2021-01-26,Standard,338.0
6275,Anna Moore,anna.moore@outlook.com,India,2023-12-26,Basic,85.57
6276,Richard Casey,richard.casey@hotmail.com,UK,2025-04-21,Standard,138.2
6277,James Jenkins,james.jenkins@icloud.com,USA,2025-06-18,Standard,139.48
6278,Taylor Parrish,taylor.parrish@yahoo.com,Brazil,2021-04-19,Standard,467.25
6279,David Velazquez,david.velazquez@protonmail.com,USA,2022-08-27,Premium,4025.47
6280,Leslie Fitzpatrick,leslie.fitzpatrick@protonmail.com,India,2025-07-17,Standard,167.25
6281,Cheryl Moss,cheryl.moss@icloud.com,Canada,2021-02-24,Standard,406.3
6282,Nancy Lowe,nancy.lowe@gmail.com,USA,2024-06-06,Basic,55.0
6283,Kristin Miller,kristin.miller@protonmail.com,UK,2021-03-07,Standard,244.67
6284,Alan Atkins,alan.atkins@hotmail.com,USA,2024-02-18,Basic,28.41
6285,Brian Phelps,brian.phelps@icloud.com,USA,2022-11-21,Standard,386.68
6286,Lawrence Winters,lawrence.winters@hotmail.com,Singapore,2024-11-07,Standard,449.67
6287,James Hernandez,james.hernandez@yahoo.com,India,2024-08-03,Standard,221.68
6288,Jason Pittman,jason.pittman@outlook.com,Japan,2021-06-29,Premium,584.87
6289,Michael Blankenship,michael.blankenship@outlook.com,Germany,2023-10-26,Basic,82.24
6290,Brandy Clayton,brandy.clayton@gmail.com,USA,2024-07-05,Premium,2198.97
6291,Thomas Padilla,thomas.padilla@hotmail.com,India,2025-03-04,Basic,16.8
6292,Keith Garcia,keith.garcia@gmail.com,UK,2023-04-29,Premium,4718.64
6293,Anna Lester,anna.lester@gmail.com,USA,2021-01-26,Standard,479.66
6294,Edwin Perry,edwin.perry@hotmail.com,UK,2024-07-12,Premium,2483.95
6295,Amanda Montgomery,amanda.montgomery1@icloud.com,Germany,2022-02-14,Standard,128.55
6296,Eric Tran,eric.tran@yahoo.com,Canada,2025-07-18,Standard,339.45
6297,Terrence Lucero,terrence.lucero@gmail.com,USA,2025-06-08,Basic,35.86
6298,Hannah Mckee,hannah.mckee@hotmail.com,Brazil,2021-01-05,Standard,206.67
6299,Theresa Beck,theresa.beck@protonmail.com,USA,2024-09-18,Premium,3227.07
6300,Dwayne Wallace,dwayne.wallace@outlook.com,USA,2024-02-27,Basic,81.41
6301,Katelyn Taylor,katelyn.taylor@hotmail.com,USA,2022-02-24,Standard,418.18
6302,Parker Gray,parker.gray@gmail.com,France,2024-07-06,Basic,74.52
6303,George Smith,george.smith@gmail.com,USA,2023-01-31,Standard,396.4
6304,Hailey Meyers,hailey.meyers@icloud.com,UK,2023-09-21,Basic,25.77
6305,Sarah Richards,sarah.richards@yahoo.com,USA,2024-02-20,Premium,3869.13
6306,Hunter Shannon,hunter.shannon@outlook.com,India,2024-06-01,Basic,68.29
6307,Tara Potts,tara.potts@icloud.com,Australia,2024-01-04,Premium,1326.42
6308,Ashley Blackwell,ashley.blackwell@protonmail.com,USA,2023-09-30,Basic,27.9
6309,Vanessa Tanner,vanessa.tanner@hotmail.com,Netherlands,2024-01-30,Standard,170.04
6310,Casey Taylor,casey.taylor@gmail.com,USA,2023-10-31,Basic,41.19
6311,Kevin Long,kevin.long@outlook.com,USA,2024-07-13,Basic,61.97
6312,Edward Haney,edward.haney@yahoo.com,Germany,2022-05-17,Basic,18.43
6313,Krystal Caldwell,krystal.caldwell@outlook.com,India,2024-04-03,Standard,163.12
6314,Suzanne Flores,suzanne.flores@gmail.com,USA,2023-11-28,Standard,396.04
6315,Jennifer Rush,jennifer.rush@protonmail.com,Germany,2022-10-28,Basic,83.1
6316,Christopher Morrison,christopher.morrison@icloud.com,USA,2020-01-01,Standard,399.6
6317,Lauren Smith,lauren.smith1@protonmail.com,Germany,2024-06-25,Standard,409.85
6318,Patricia Butler,patricia.butler@hotmail.com,India,2020-12-17,Standard,243.09
6319,Gary York,gary.york@gmail.com,Singapore,2023-08-09,Standard,221.84
6320,James Ramirez,james.ramirez@icloud.com,UK,2023-11-23,Standard,201.61
6321,Abigail Moon,abigail.moon@gmail.com,India,2024-05-08,Standard,455.18
6322,Tracy Bullock,tracy.bullock@outlook.com,Germany,2025-02-06,Premium,2723.07
6323,Brett Allen,brett.allen@hotmail.com,USA,2025-08-01,Standard,331.61
6324,Kristopher Cole,kristopher.cole@outlook.com,USA,2025-02-13,Basic,13.55
6325,Ryan Williams,ryan.williams@yahoo.com,UAE,2025-06-02,Standard,281.54
6326,Karen Wolf,karen.wolf@outlook.com,USA,2020-12-11,Basic,78.01
6327,Stephen Miller,stephen.miller1@gmail.com,Australia,2022-08-07,Standard,184.05
6328,Andrea Anderson,andrea.anderson@icloud.com,USA,2022-11-26,Standard,177.41
6329,Tiffany Weber,tiffany.weber@gmail.com,France,2020-12-12,Standard,478.37
6330,Jessica Smith,jessica.smith@outlook.com,USA,2025-12-23,Standard,213.21
6331,Oscar Conway,oscar.conway@hotmail.com,Singapore,2025-02-20,Standard,351.51
6332,Norman Johnson,norman.johnson@icloud.com,India,2024-06-03,Premium,2248.25
6333,Emily Terry,emily.terry@outlook.com,USA,2025-07-23,Standard,375.79
6334,Matthew Pratt,matthew.pratt@protonmail.com,India,2024-05-01,Premium,2008.02
6335,Melissa Mueller,melissa.mueller@hotmail.com,Germany,2023-08-11,Standard,128.52
6336,Richard Peterson,richard.peterson@protonmail.com,USA,2021-09-13,Basic,81.91
6337,Sherri Ball,sherri.ball@gmail.com,USA,2025-11-18,Premium,3892.25
6338,Andrea Burns,andrea.burns@protonmail.com,India,2024-07-04,Standard,449.53
6339,Joseph Gentry,joseph.gentry@hotmail.com,Canada,2023-06-29,Standard,414.83
6340,Samantha Miller,samantha.miller@gmail.com,USA,2021-01-24,Basic,73.81
6341,Elizabeth Flores,elizabeth.flores@icloud.com,Brazil,2025-01-31,Premium,624.66
6342,William Wilson,william.wilson@yahoo.com,USA,2025-07-03,Standard,147.78
6343,Lisa Drake,lisa.drake@hotmail.com,USA,2024-04-28,Basic,79.68
6344,Daniel Jones,daniel.jones@yahoo.com,Germany,2025-07-20,Standard,393.35
6345,Nathaniel Moore,nathaniel.moore@hotmail.com,USA,2023-10-13,Basic,53.22
6346,Laurie Maxwell,laurie.maxwell@outlook.com,USA,2025-12-26,Standard,180.84
6347,Michelle Smith,michelle.smith@protonmail.com,UK,2024-02-01,Basic,38.66
6348,Alexander Roman,alexander.roman@icloud.com,USA,2024-10-06,Premium,933.08
6349,Molly Williamson,molly.williamson@yahoo.com,USA,2025-06-20,Premium,3071.04
6350,Eric Sims,eric.sims@hotmail.com,India,2025-10-22,Standard,438.36
6351,Monica Murray,monica.murray@hotmail.com,Germany,2022-03-29,Standard,209.64
6352,Morgan Hartman,morgan.hartman@yahoo.com,Japan,2025-09-07,Standard,443.91
6353,Daniel Martinez,daniel.martinez@gmail.com,Germany,2024-03-02,Standard,389.06
6354,Janet Gonzalez,janet.gonzalez@outlook.com,UK,2020-03-27,Standard,172.27
6355,Julie Miller,julie.miller@protonmail.com,USA,2024-05-03,Basic,81.52
6356,Christopher Bean,christopher.bean@outlook.com,Australia,2023-09-29,Standard,291.48
6357,Adam Moody,adam.moody@icloud.com,USA,2024-09-18,Basic,46.53
6358,Jesse Williams,jesse.williams@protonmail.com,USA,2023-03-18,Standard,437.21
6359,Christopher Flores,christopher.flores@hotmail.com,Japan,2020-01-20,Premium,4554.6
6360,Alyssa Alvarez,alyssa.alvarez@hotmail.com,Canada,2022-10-15,Basic,75.12
6361,James Travis,james.travis@icloud.com,Germany,2024-07-27,Basic,82.9
6362,Catherine Lopez,catherine.lopez@hotmail.com,USA,2022-01-11,Basic,63.19
6363,Keith Lowe,keith.lowe@hotmail.com,USA,2024-04-05,Premium,3376.71
6364,Michelle Brown,michelle.brown@yahoo.com,UK,2024-09-03,Standard,185.9
6365,Jackson Smith,jackson.smith@icloud.com,Canada,2022-02-26,Basic,62.87
6366,Gregory Gonzalez,gregory.gonzalez@protonmail.com,UK,2022-12-10,Standard,365.38
6367,Douglas Weaver,douglas.weaver@hotmail.com,USA,2023-06-26,Standard,474.2
6368,Teresa Graves,teresa.graves@hotmail.com,USA,2025-10-26,Premium,3797.6
6369,Jacqueline Jones,jacqueline.jones@protonmail.com,Germany,2025-06-09,Standard,296.56
6370,Jacob Morris,jacob.morris@hotmail.com,India,2023-04-07,Basic,83.52
6371,Victoria Martin,victoria.martin@protonmail.com,USA,2020-04-14,Basic,73.34
6372,Cynthia Vargas,cynthia.vargas@outlook.com,USA,2024-11-16,Basic,59.69
6373,Carolyn Hunter,carolyn.hunter@icloud.com,USA,2023-02-27,Standard,109.95
6374,Justin Simmons,justin.simmons@outlook.com,USA,2023-09-03,Standard,189.85
6375,Madison Moss,madison.moss@protonmail.com,Germany,2023-01-15,Premium,2044.77
6376,Alyssa Pena,alyssa.pena@yahoo.com,USA,2024-08-01,Premium,2981.9
6377,Tammy King,tammy.king@protonmail.com,India,2022-03-03,Premium,3217.94
6378,Karen Brown,karen.brown@outlook.com,Australia,2025-05-30,Basic,52.99
6379,Bryan Cooper,bryan.cooper@protonmail.com,Singapore,2023-11-16,Premium,853.38
6380,Jessica Harvey,jessica.harvey@gmail.com,Netherlands,2023-07-12,Standard,169.45
6381,Lisa Miller,lisa.miller@yahoo.com,USA,2025-03-08,Standard,344.19
6382,Kathy Moran,kathy.moran@outlook.com,USA,2023-09-02,Standard,342.49
6383,Alexander Garner,alexander.garner@yahoo.com,USA,2021-12-04,Standard,417.86
6384,Christopher Chapman,christopher.chapman@icloud.com,India,2021-03-14,Premium,3361.39
6385,Sabrina Ward,sabrina.ward@gmail.com,USA,2024-08-15,Standard,358.61
6386,Erin Gregory,erin.gregory@protonmail.com,USA,2024-06-06,Standard,479.05
6387,Cameron Baker,cameron.baker@protonmail.com,USA,2024-06-18,Basic,81.04
6388,Mary Hayes,mary.hayes@hotmail.com,USA,2021-06-25,Basic,80.87
6389,Judy Castillo,judy.castillo@outlook.com,India,2021-05-25,Basic,10.07
6390,Victor Hines,victor.hines@icloud.com,India,2023-07-02,Standard,319.2
6391,Lawrence Duarte,lawrence.duarte@outlook.com,UK,2023-02-12,Premium,3493.33
6392,James Matthews,james.matthews@yahoo.com,Spain,2023-11-08,Standard,447.34
6393,Brad Gomez,brad.gomez@outlook.com,USA,2024-05-17,Basic,46.9
6394,Steven Murray,steven.murray@icloud.com,USA,2024-11-10,Standard,499.33
6395,Sandra Mathis,sandra.mathis@gmail.com,USA,2024-01-20,Premium,778.01
6396,Teresa Ford,teresa.ford@gmail.com,India,2024-01-20,Basic,51.62
6397,Rachel Hayes,rachel.hayes@icloud.com,Germany,2024-10-14,Basic,18.43
6398,Douglas Christensen,douglas.christensen@gmail.com,USA,2022-09-09,Premium,1270.22
6399,Robert Johnson,robert.johnson@hotmail.com,Netherlands,2024-01-13,Basic,63.6
6400,Donald Stewart,donald.stewart@hotmail.com,USA,2021-08-05,Standard,213.32
6401,Veronica Chen,veronica.chen@icloud.com,USA,2024-04-27,Standard,241.6
6402,Reginald Smith,reginald.smith@hotmail.com,Germany,2023-12-06,Standard,446.53
6403,Lacey Stanley,lacey.stanley@gmail.com,Netherlands,2024-07-12,Basic,96.71
6404,Gerald Watkins,gerald.watkins@yahoo.com,India,2025-08-01,Premium,956.9
6405,Ivan Davis,ivan.davis@protonmail.com,Netherlands,2023-06-27,Basic,90.51
6406,Peter Hernandez,peter.hernandez1@gmail.com,USA,2021-08-30,Premium,4787.0
6407,Matthew Smith,matthew.smith@icloud.com,Germany,2025-07-13,Standard,464.74
6408,Philip Torres,philip.torres@yahoo.com,France,2023-10-07,Standard,429.09
6409,Stephanie Dunn,stephanie.dunn@icloud.com,UK,2023-12-28,Basic,37.2
6410,Jeremy Tucker,jeremy.tucker@protonmail.com,USA,2022-08-18,Basic,33.08
6411,Jennifer Reynolds,jennifer.reynolds@hotmail.com,UAE,2023-11-08,Basic,62.73
6412,Stacey Moore,stacey.moore@yahoo.com,USA,2024-03-05,Basic,47.91
6413,Tanya Brown,tanya.brown@yahoo.com,UK,2025-03-08,Standard,283.18
6414,Suzanne Jones,suzanne.jones@yahoo.com,Brazil,2024-01-29,Basic,96.88
6415,Marcus Woods,marcus.woods@protonmail.com,Mexico,2024-08-06,Standard,496.26
6416,Keith Young,keith.young@icloud.com,Singapore,2024-03-04,Standard,253.77
6417,Sherry Lara,sherry.lara@gmail.com,Mexico,2025-12-06,Standard,376.79
6418,Robert Smith,robert.smith@icloud.com,USA,2020-01-26,Standard,453.27
6419,Kyle Moore,kyle.moore@yahoo.com,Italy,2024-03-10,Standard,204.72
6420,Crystal Sutton,crystal.sutton@icloud.com,UK,2020-09-24,Standard,384.28
6421,Roy Martinez,roy.martinez@gmail.com,India,2022-08-30,Standard,102.16
6422,David Campbell,david.campbell@protonmail.com,UK,2024-04-01,Basic,41.04
6423,Jenny Roman,jenny.roman@icloud.com,France,2025-05-27,Basic,16.65
6424,Michelle Wood,michelle.wood@outlook.com,Germany,2025-09-04,Standard,456.5
6425,Tara Brown,tara.brown@hotmail.com,Japan,2023-12-28,Basic,81.82
6426,Sergio Butler,sergio.butler@gmail.com,USA,2021-03-15,Standard,304.51
6427,Jason Nguyen,jason.nguyen@outlook.com,USA,2021-12-01,Standard,126.64
6428,Jesus Wiggins,jesus.wiggins@hotmail.com,UK,2022-03-25,Basic,33.83
6429,Larry Moon,larry.moon@gmail.com,USA,2023-08-11,Standard,480.61
6430,Teresa Buchanan,teresa.buchanan@gmail.com,India,2024-06-25,Basic,60.75
6431,Angela Ray,angela.ray@outlook.com,USA,2024-08-22,Standard,440.61
6432,Mark Lee,mark.lee@hotmail.com,Germany,2021-04-15,Standard,350.5
6433,David Morris,david.morris@protonmail.com,USA,2022-12-04,Premium,4725.2
6434,Cynthia Maddox,cynthia.maddox@icloud.com,USA,2021-05-20,Basic,20.06
6435,Jeremy Watkins,jeremy.watkins@protonmail.com,Germany,2024-12-04,Standard,468.39
6436,Joel Weiss,joel.weiss@gmail.com,USA,2022-02-05,Standard,132.54
6437,Tracy Harrison,tracy.harrison@yahoo.com,USA,2021-03-09,Premium,3410.82
6438,Andrew Dixon,andrew.dixon@yahoo.com,USA,2023-04-21,Standard,196.08
6439,Cody Christensen,cody.christensen@outlook.com,USA,2022-10-19,Standard,197.56
6440,Cindy Miller,cindy.miller@icloud.com,Germany,2023-12-17,Basic,49.46
6441,Travis Morrison,travis.morrison@gmail.com,USA,2025-06-04,Standard,477.45
6442,Patricia Mullen,patricia.mullen@gmail.com,USA,2023-02-13,Premium,1017.24
6443,Joseph Cole,joseph.cole@yahoo.com,India,2021-06-08,Premium,3141.8
6444,Kimberly Moody,kimberly.moody@protonmail.com,UK,2022-07-05,Standard,481.97
6445,Joshua Thomas,joshua.thomas@hotmail.com,Germany,2020-12-29,Basic,13.68
6446,Melanie Brown,melanie.brown@protonmail.com,USA,2025-03-02,Basic,59.83
6447,John Schultz,john.schultz@icloud.com,Italy,2024-12-13,Standard,211.96
6448,Mark Summers,mark.summers@outlook.com,UK,2023-05-14,Standard,192.42
6449,Timothy Thomas,timothy.thomas@icloud.com,USA,2024-12-20,Standard,161.54
6450,Joseph Flores,joseph.flores@icloud.com,Spain,2022-07-26,Basic,12.07
6451,Tricia Jacobs,tricia.jacobs@icloud.com,India,2023-08-08,Basic,45.32
6452,Amanda Holloway,amanda.holloway@hotmail.com,Germany,2022-07-26,Basic,17.22
6453,Debbie Rosario,debbie.rosario@hotmail.com,Mexico,2025-02-03,Premium,915.09
6454,Carla Martinez,carla.martinez@hotmail.com,USA,2024-11-01,Standard,389.67
6455,Jessica Moss,jessica.moss@icloud.com,Japan,2022-02-16,Basic,38.44
6456,James Lindsey,james.lindsey@outlook.com,India,2024-06-08,Standard,139.45
6457,Justin Gibbs,justin.gibbs@gmail.com,USA,2021-11-03,Standard,245.17
6458,Rodney Cardenas,rodney.cardenas@icloud.com,USA,2022-09-02,Basic,67.78
6459,Alex Green,alex.green@hotmail.com,USA,2021-11-30,Basic,76.77
6460,Douglas Johnson,douglas.johnson@hotmail.com,Italy,2022-01-13,Standard,162.03
6461,Denise Farmer,denise.farmer@gmail.com,USA,2022-06-12,Standard,137.21
6462,Christian Marshall,christian.marshall@outlook.com,USA,2025-05-24,Basic,97.97
6463,Renee Hernandez,renee.hernandez@yahoo.com,India,2023-03-16,Standard,381.89
6464,Connie Peters,connie.peters@outlook.com,India,2023-04-05,Basic,13.07
6465,Brittney Blake,brittney.blake@hotmail.com,USA,2021-02-05,Standard,141.56
6466,Daniel Hill,daniel.hill@hotmail.com,France,2020-04-19,Basic,96.45
6467,Joshua Mccarthy,joshua.mccarthy@gmail.com,UK,2022-08-15,Basic,21.07
6468,Shawn Martin,shawn.martin@outlook.com,Japan,2021-01-26,Standard,488.31
6469,David Blanchard,david.blanchard@yahoo.com,USA,2023-03-04,Standard,208.18
6470,David Parrish,david.parrish@yahoo.com,USA,2022-11-04,Premium,2997.02
6471,Angela Wood,angela.wood@protonmail.com,Germany,2021-03-24,Basic,69.8
6472,Leslie Le,leslie.le@hotmail.com,USA,2024-05-15,Standard,332.63
6473,Andrea Fuller,andrea.fuller@icloud.com,UK,2025-02-05,Standard,452.08
6474,Debbie Foster,debbie.foster@protonmail.com,USA,2020-08-05,Basic,10.39
6475,Mark Huff,mark.huff@protonmail.com,Australia,2024-07-23,Basic,42.59
6476,Austin Campbell,austin.campbell@protonmail.com,Mexico,2024-11-27,Basic,22.47
6477,Ariel Carroll,ariel.carroll@gmail.com,Japan,2024-05-02,Standard,405.82
6478,Nicole Brown,nicole.brown@icloud.com,Netherlands,2024-03-23,Basic,38.18
6479,Jennifer Anderson,jennifer.anderson@icloud.com,Spain,2024-10-09,Basic,74.11
6480,Caleb Jones,caleb.jones@outlook.com,UK,2025-05-12,Premium,2603.36
6481,Edward Mills,edward.mills@protonmail.com,UK,2021-07-21,Basic,89.92
6482,Shelby Young,shelby.young@protonmail.com,Mexico,2023-08-30,Standard,337.0
6483,Karen Compton,karen.compton@outlook.com,Italy,2024-10-23,Basic,37.39
6484,Matthew Gutierrez,matthew.gutierrez@protonmail.com,Singapore,2025-06-12,Basic,71.8
6485,Karen Vasquez,karen.vasquez@yahoo.com,Canada,2023-05-28,Standard,291.63
6486,Amy Warren,amy.warren@gmail.com,USA,2025-02-28,Standard,344.01
6487,Darlene Foster,darlene.foster@protonmail.com,Netherlands,2024-08-22,Premium,4352.84
6488,Eric Carson,eric.carson@gmail.com,Netherlands,2024-02-01,Standard,459.83
6489,Lisa West,lisa.west@hotmail.com,India,2025-02-01,Standard,398.12
6490,Darius Pruitt,darius.pruitt@yahoo.com,Japan,2024-08-03,Basic,46.55
6491,Jose Allen,jose.allen@outlook.com,Germany,2024-12-03,Premium,2554.56
6492,Deanna Grant,deanna.grant@yahoo.com,Netherlands,2024-01-10,Standard,308.24
6493,Brian Cameron,brian.cameron@protonmail.com,USA,2020-07-13,Standard,397.75
6494,Jeremiah Williams,jeremiah.williams@gmail.com,Brazil,2025-05-11,Standard,129.57
6495,Jeffery Hall,jeffery.hall@gmail.com,USA,2025-05-08,Premium,3211.75
6496,Elijah Harrell,elijah.harrell@hotmail.com,USA,2024-07-18,Premium,4311.47
6497,Vincent Morris,vincent.morris@yahoo.com,USA,2020-04-08,Standard,327.71
6498,Katelyn Santiago,katelyn.santiago@yahoo.com,UK,2022-12-23,Standard,225.47
6499,Andrew Cannon,andrew.cannon@yahoo.com,USA,2022-06-09,Basic,99.48
6500,Travis Caldwell,travis.caldwell@hotmail.com,Netherlands,2022-02-22,Standard,329.44
6501,Heidi Pierce,heidi.pierce@hotmail.com,Germany,2024-05-15,Premium,707.64
6502,Billy Lawrence,billy.lawrence@yahoo.com,Mexico,2025-10-05,Basic,27.89
6503,Jason Aguilar,jason.aguilar@icloud.com,USA,2024-11-22,Basic,47.61
6504,Adrian Miles,adrian.miles@protonmail.com,USA,2023-02-22,Standard,198.41
6505,Bonnie Richardson,bonnie.richardson@outlook.com,Australia,2025-10-31,Basic,43.65
6506,Rachel Martin,rachel.martin@protonmail.com,India,2025-04-04,Basic,32.41
6507,Jason Herrera,jason.herrera@gmail.com,Germany,2024-08-01,Basic,33.11
6508,Rose Garner,rose.garner@gmail.com,France,2023-12-08,Standard,119.75
6509,Juan Hawkins,juan.hawkins@icloud.com,Japan,2024-02-27,Premium,2430.31
6510,William Moore,william.moore@icloud.com,Germany,2023-03-18,Premium,4003.8
6511,James Lawson,james.lawson1@hotmail.com,Singapore,2021-12-01,Basic,64.02
6512,Matthew Murphy,matthew.murphy@icloud.com,India,2024-11-08,Basic,82.05
6513,Jorge Wilson,jorge.wilson@gmail.com,India,2024-02-28,Standard,131.26
6514,Justin Johnson,justin.johnson@outlook.com,USA,2023-08-18,Premium,4921.36
6515,Carrie Curtis,carrie.curtis@protonmail.com,USA,2025-10-31,Premium,3273.35
6516,William Sullivan,william.sullivan@hotmail.com,USA,2025-02-10,Standard,411.89
6517,Jack Williams,jack.williams@yahoo.com,Canada,2024-09-06,Basic,94.05
6518,Linda Newton,linda.newton@hotmail.com,India,2020-09-16,Standard,141.41
6519,Morgan Gonzalez,morgan.gonzalez@protonmail.com,USA,2020-08-10,Standard,261.5
6520,Ashley Burgess,ashley.burgess@hotmail.com,Germany,2024-06-03,Standard,353.18
6521,Marissa Craig,marissa.craig@yahoo.com,USA,2025-11-25,Basic,78.38
6522,Olivia Meyers,olivia.meyers@gmail.com,USA,2024-01-09,Basic,23.23
6523,Michael Brown,michael.brown@protonmail.com,Netherlands,2020-05-12,Premium,3581.1
6524,Connie Knight,connie.knight@icloud.com,UK,2021-08-20,Standard,301.47
6525,Nicole King,nicole.king@yahoo.com,USA,2022-06-06,Basic,81.06
6526,William Collins,william.collins@outlook.com,UK,2024-02-05,Basic,63.55
6527,Javier White,javier.white@icloud.com,USA,2023-10-23,Standard,208.96
6528,Matthew Porter,matthew.porter@gmail.com,India,2021-03-15,Premium,3530.57
6529,Jennifer Cortez,jennifer.cortez@yahoo.com,Singapore,2024-03-05,Standard,295.29
6530,Stephen Myers,stephen.myers@icloud.com,Germany,2025-12-03,Standard,124.27
6531,Karen Mccall,karen.mccall@icloud.com,Germany,2023-11-28,Standard,176.15
6532,Timothy Carlson,timothy.carlson@yahoo.com,USA,2021-06-26,Basic,21.9
6533,Laura Estrada,laura.estrada@gmail.com,Germany,2024-09-16,Standard,499.11
6534,Sharon Jones,sharon.jones@outlook.com,USA,2025-04-21,Basic,93.22
6535,Daniel Smith,daniel.smith@yahoo.com,USA,2021-09-24,Standard,486.17
6536,Anthony Williams,anthony.williams1@gmail.com,Brazil,2021-09-03,Premium,3569.03
6537,Alex Hill,alex.hill@protonmail.com,UK,2024-12-11,Standard,390.97
6538,Aaron Wallace,aaron.wallace@yahoo.com,UK,2023-11-06,Standard,213.83
6539,Jessica Ali,jessica.ali@hotmail.com,USA,2025-03-03,Basic,67.6
6540,Colton Richardson,colton.richardson@hotmail.com,Japan,2024-04-02,Standard,271.94
6541,Debbie Maddox,debbie.maddox@outlook.com,USA,2021-11-09,Premium,3339.86
6542,Judy Watson,judy.watson@icloud.com,UK,2025-12-11,Basic,41.92
6543,Joshua Valdez,joshua.valdez@yahoo.com,Japan,2024-04-12,Standard,185.49
6544,Kenneth Johnson,kenneth.johnson@icloud.com,UK,2023-12-23,Standard,271.86
6545,David Thomas,david.thomas@protonmail.com,Italy,2022-12-02,Basic,41.04
6546,Stephen Randolph,stephen.randolph@outlook.com,USA,2024-04-15,Premium,3968.76
6547,Tonya Rocha,tonya.rocha@gmail.com,India,2025-08-14,Premium,2860.98
6548,David Fields,david.fields@icloud.com,Singapore,2020-06-10,Standard,286.57
6549,Stephanie Mcguire,stephanie.mcguire@protonmail.com,Germany,2023-11-01,Standard,161.25
6550,Nicole Frederick,nicole.frederick@outlook.com,India,2025-01-19,Standard,102.38
6551,Greg Rodriguez,greg.rodriguez@protonmail.com,UK,2023-06-30,Basic,83.62
6552,Jenny Gibson,jenny.gibson@gmail.com,Canada,2020-09-02,Standard,496.18
6553,Olivia Neal,olivia.neal@protonmail.com,Spain,2021-08-11,Basic,55.82
6554,Joshua Johnson,joshua.johnson@hotmail.com,India,2024-07-31,Premium,4469.78
6555,Anna Brown,anna.brown@yahoo.com,Italy,2024-01-06,Premium,2599.25
6556,Heather Lewis,heather.lewis@yahoo.com,Germany,2021-05-31,Premium,4789.93
6557,Raymond Bennett,raymond.bennett@outlook.com,Germany,2022-03-10,Premium,614.96
6558,Benjamin Reynolds,benjamin.reynolds@gmail.com,USA,2024-08-19,Standard,350.01
6559,Steven Thompson,steven.thompson@gmail.com,India,2024-04-26,Basic,58.58
6560,Alexander Merritt,alexander.merritt@hotmail.com,Brazil,2021-08-06,Basic,41.77
6561,Diane Chung,diane.chung@outlook.com,India,2023-06-03,Basic,22.76
6562,Nancy Mckinney,nancy.mckinney@hotmail.com,USA,2024-10-09,Premium,2251.32
6563,Jennifer Harris,jennifer.harris@icloud.com,Germany,2020-08-24,Basic,48.4
6564,Joseph Lambert,joseph.lambert@gmail.com,Canada,2022-03-01,Standard,380.26
6565,Sylvia Lopez,sylvia.lopez@yahoo.com,Italy,2025-06-02,Basic,26.68
6566,Hannah Patrick,hannah.patrick@protonmail.com,USA,2025-12-07,Basic,90.4
6567,Wendy Williams,wendy.williams@outlook.com,USA,2023-09-23,Premium,3092.28
6568,Anna Vincent,anna.vincent@yahoo.com,UK,2025-08-17,Standard,244.08
6569,Angelica Warner,angelica.warner@gmail.com,USA,2024-04-06,Basic,63.29
6570,Latoya Baldwin,latoya.baldwin@protonmail.com,UAE,2025-09-28,Standard,298.06
6571,Julia Mitchell,julia.mitchell@outlook.com,UK,2025-11-23,Basic,44.96
6572,Christopher Richardson,christopher.richardson@hotmail.com,UK,2024-05-17,Basic,48.3
6573,Lori Stephens,lori.stephens@protonmail.com,USA,2023-09-15,Standard,110.98
6574,Nathaniel Winters,nathaniel.winters@protonmail.com,UK,2021-05-10,Standard,397.17
6575,Jessica Fernandez,jessica.fernandez@outlook.com,UAE,2024-07-22,Standard,223.95
6576,Malik Fowler,malik.fowler@hotmail.com,UK,2023-08-28,Basic,91.1
6577,Richard Carpenter,richard.carpenter@outlook.com,USA,2024-07-03,Standard,395.69
6578,Nathan Lucero,nathan.lucero@protonmail.com,USA,2021-03-14,Standard,289.2
6579,Katrina Hernandez,katrina.hernandez@yahoo.com,Singapore,2025-04-17,Standard,497.12
6580,Emily Preston,emily.preston@gmail.com,UAE,2025-03-21,Basic,95.27
6581,Emma Russell,emma.russell@gmail.com,USA,2022-05-30,Basic,54.85
6582,Susan Miller,susan.miller@icloud.com,Germany,2024-07-10,Standard,196.72
6583,Jon Taylor,jon.taylor@icloud.com,USA,2025-03-29,Basic,43.84
6584,Sandy Brewer,sandy.brewer@outlook.com,Germany,2024-09-29,Standard,380.31
6585,Shannon Ryan,shannon.ryan1@icloud.com,USA,2025-12-31,Basic,17.95
6586,Erin Preston,erin.preston@icloud.com,France,2024-10-04,Premium,1377.2
6587,Matthew Hull,matthew.hull@outlook.com,Italy,2022-07-06,Standard,178.55
6588,Tonya Thomas,tonya.thomas@yahoo.com,USA,2023-12-08,Basic,55.65
6589,Matthew Chen,matthew.chen@yahoo.com,UK,2023-06-21,Standard,222.96
6590,Julie Rosales,julie.rosales@yahoo.com,USA,2022-06-13,Standard,144.28
6591,Ashley Rowland,ashley.rowland@protonmail.com,USA,2025-09-07,Basic,61.36
6592,Laura Summers,laura.summers@outlook.com,USA,2024-02-06,Standard,140.95
6593,Randy Colon,randy.colon@hotmail.com,USA,2023-04-17,Standard,289.24
6594,Nicole Mooney,nicole.mooney@outlook.com,UAE,2023-03-23,Standard,152.53
6595,Amy Stone,amy.stone@icloud.com,USA,2023-02-05,Standard,222.04
6596,Barbara Scott,barbara.scott@icloud.com,Japan,2023-08-18,Premium,3552.64
6597,Andrea Dunlap,andrea.dunlap@hotmail.com,USA,2024-04-13,Standard,276.23
6598,Jodi Sutton,jodi.sutton@gmail.com,UK,2023-08-18,Standard,244.02
6599,Kristin Burns,kristin.burns@outlook.com,UK,2025-12-24,Basic,72.35
6600,Mark Copeland,mark.copeland@protonmail.com,Italy,2025-07-31,Standard,299.16
6601,Nathaniel Giles,nathaniel.giles@yahoo.com,USA,2024-06-29,Standard,216.69
6602,Alexandra Weiss,alexandra.weiss@yahoo.com,USA,2024-01-29,Standard,435.17
6603,Jeffery Bell,jeffery.bell@protonmail.com,Canada,2025-11-27,Premium,4885.29
6604,Ricky Walton,ricky.walton@outlook.com,India,2022-05-28,Standard,478.56
6605,Daniel Bowman,daniel.bowman@protonmail.com,India,2022-09-14,Standard,268.85
6606,Shawn Flowers,shawn.flowers@yahoo.com,USA,2020-12-02,Standard,487.41
6607,Paula Lopez,paula.lopez@protonmail.com,USA,2023-07-14,Premium,4008.4
6608,Aaron Leon,aaron.leon@icloud.com,Japan,2023-10-11,Standard,343.53
6609,William Rodriguez,william.rodriguez@icloud.com,Germany,2024-06-03,Standard,153.74
6610,Drew Jones,drew.jones@yahoo.com,Germany,2023-12-31,Basic,16.45
6611,Stephanie Allen,stephanie.allen@icloud.com,USA,2022-02-19,Basic,43.73
6612,Richard Bryan,richard.bryan@outlook.com,USA,2023-05-26,Basic,34.04
6613,Amber Davis,amber.davis@hotmail.com,Netherlands,2020-01-29,Standard,459.77
6614,Lisa Johnson,lisa.johnson@hotmail.com,India,2024-07-06,Standard,487.94
6615,Anthony Martinez,anthony.martinez@gmail.com,USA,2022-11-17,Standard,297.61
6616,Jacob Parsons,jacob.parsons@yahoo.com,Italy,2021-05-22,Premium,1647.72
6617,Charles King,charles.king@outlook.com,Germany,2020-12-29,Standard,342.02
6618,Stephanie Henderson,stephanie.henderson@yahoo.com,USA,2024-11-03,Premium,4931.01
6619,Michael Powell,michael.powell@icloud.com,UK,2022-03-23,Standard,469.94
6620,Heidi Evans,heidi.evans@gmail.com,India,2024-10-17,Basic,50.92
6621,Paul Clark,paul.clark@gmail.com,USA,2025-12-13,Standard,335.96
6622,Roy Lawrence,roy.lawrence@hotmail.com,Germany,2023-05-24,Standard,163.96
6623,Timothy Mendez,timothy.mendez@hotmail.com,India,2021-09-23,Standard,409.61
6624,Bobby Henry,bobby.henry@icloud.com,USA,2024-03-16,Standard,248.74
6625,Anthony Flores,anthony.flores@hotmail.com,Netherlands,2020-01-21,Standard,322.9
6626,Anthony Haynes,anthony.haynes@icloud.com,USA,2025-08-08,Standard,439.3
6627,Michelle Reyes,michelle.reyes@yahoo.com,UK,2024-01-10,Standard,147.86
6628,Amber Garcia,amber.garcia@icloud.com,India,2023-01-12,Standard,477.78
6629,Haley Oliver,haley.oliver@yahoo.com,Germany,2022-07-07,Basic,32.14
6630,Michael Mata,michael.mata@yahoo.com,UK,2024-01-07,Standard,138.61
6631,Tracy Johnson,tracy.johnson@protonmail.com,India,2024-09-20,Standard,292.11
6632,Benjamin Freeman,benjamin.freeman@hotmail.com,Spain,2021-09-26,Premium,1693.36
6633,Rebecca Wells,rebecca.wells@gmail.com,Australia,2024-06-09,Premium,3307.38
6634,Amy Miller,amy.miller@protonmail.com,France,2023-03-19,Standard,215.01
6635,Jennifer Baldwin,jennifer.baldwin@gmail.com,USA,2025-02-21,Basic,74.06
6636,Sandra Gibson,sandra.gibson@icloud.com,UK,2025-08-01,Premium,2501.03
6637,Kaitlyn Allen,kaitlyn.allen@protonmail.com,Germany,2022-07-27,Standard,167.92
6638,Tracey Johnson,tracey.johnson@hotmail.com,USA,2022-10-24,Basic,77.99
6639,Kyle Waters,kyle.waters@protonmail.com,Canada,2023-03-08,Standard,454.28
6640,Melissa Robinson,melissa.robinson@yahoo.com,USA,2025-05-24,Standard,285.45
6641,Robert Smith,robert.smith@yahoo.com,USA,2021-07-13,Standard,417.16
6642,David Huffman,david.huffman@icloud.com,USA,2022-03-01,Standard,206.01
6643,Kimberly Walls,kimberly.walls@hotmail.com,USA,2024-12-08,Basic,94.4
6644,Sean Shaw,sean.shaw@hotmail.com,USA,2020-10-23,Premium,1257.95
6645,Steven Terry,steven.terry@yahoo.com,Germany,2020-08-05,Basic,50.14
6646,Paul Buckley,paul.buckley@outlook.com,Germany,2024-01-30,Standard,130.22
6647,Desiree Williams,desiree.williams@yahoo.com,USA,2024-11-09,Basic,18.14
6648,Brenda Wolfe,brenda.wolfe@protonmail.com,USA,2024-04-09,Basic,23.57
6649,Travis Barrera,travis.barrera@gmail.com,France,2022-07-29,Basic,78.4
6650,Kelly Martin,kelly.martin@hotmail.com,USA,2024-04-07,Basic,80.38
6651,Kelly Rivera,kelly.rivera@gmail.com,UK,2024-03-05,Basic,42.11
6652,Daniel Moore,daniel.moore@protonmail.com,UK,2023-03-30,Premium,2544.53
6653,Mary Gonzalez,mary.gonzalez@yahoo.com,Germany,2025-12-25,Premium,3815.59
6654,Todd Smith,todd.smith@outlook.com,Mexico,2020-03-16,Standard,486.57
6655,Kimberly Roman,kimberly.roman@yahoo.com,Germany,2023-09-06,Standard,281.67
6656,Rebecca Barton,rebecca.barton@gmail.com,Singapore,2025-12-01,Standard,405.13
6657,Bradley White,bradley.white@outlook.com,Brazil,2022-09-24,Basic,28.08
6658,Matthew Vega,matthew.vega@gmail.com,USA,2025-02-16,Basic,87.91
6659,Megan Perez,megan.perez@gmail.com,USA,2023-09-06,Basic,83.55
6660,Sean Haynes,sean.haynes@hotmail.com,USA,2021-10-07,Standard,461.24
6661,Rhonda Garcia,rhonda.garcia@icloud.com,USA,2021-05-18,Basic,41.52
6662,Donald Yang,donald.yang@hotmail.com,Germany,2023-03-28,Basic,19.49
6663,Stacey Hart,stacey.hart@protonmail.com,USA,2025-06-26,Basic,54.84
6664,Samuel Richardson,samuel.richardson@gmail.com,USA,2025-02-11,Basic,64.32
6665,Holly Smith,holly.smith@gmail.com,USA,2024-05-12,Standard,282.5
6666,Alicia Benson,alicia.benson@gmail.com,India,2021-07-06,Premium,1897.43
6667,Cynthia Rodriguez,cynthia.rodriguez@icloud.com,India,2023-09-08,Basic,55.89
6668,Thomas Ramirez,thomas.ramirez@yahoo.com,Singapore,2023-06-11,Basic,46.86
6669,Angela Henderson,angela.henderson@hotmail.com,USA,2022-01-09,Basic,79.41
6670,Cameron Baker,cameron.baker@hotmail.com,UK,2020-12-19,Basic,21.79
6671,Stacy Howard,stacy.howard@gmail.com,Singapore,2023-04-16,Basic,86.22
6672,Richard Calhoun,richard.calhoun@icloud.com,India,2023-09-16,Basic,38.12
6673,Rebecca Hutchinson,rebecca.hutchinson@icloud.com,Germany,2024-08-25,Basic,92.55
6674,David Martin,david.martin@icloud.com,Germany,2023-03-22,Basic,71.17
6675,Ashley Ortega,ashley.ortega@yahoo.com,USA,2020-10-24,Standard,138.12
6676,Sean Barajas,sean.barajas@icloud.com,Mexico,2020-12-08,Premium,4816.99
6677,Nathaniel Baker,nathaniel.baker@icloud.com,Germany,2024-09-25,Premium,2820.23
6678,Carl Tyler,carl.tyler@yahoo.com,Germany,2024-08-09,Standard,359.37
6679,Jacob Gutierrez,jacob.gutierrez@protonmail.com,Germany,2021-02-26,Basic,36.54
6680,Anita Hall,anita.hall@hotmail.com,USA,2025-02-06,Basic,43.34
6681,Dylan Anderson,dylan.anderson@hotmail.com,USA,2024-09-29,Standard,454.2
6682,Jacqueline Smith,jacqueline.smith@yahoo.com,Canada,2021-05-16,Standard,346.44
6683,Brian French,brian.french@protonmail.com,UK,2022-08-06,Standard,289.02
6684,Daniel Wade,daniel.wade@hotmail.com,USA,2025-09-11,Basic,23.57
6685,Brenda Smith,brenda.smith@outlook.com,UK,2023-01-28,Standard,239.21
6686,Nicole Taylor,nicole.taylor@hotmail.com,Italy,2022-12-20,Premium,4789.03
6687,Samantha Valencia,samantha.valencia@hotmail.com,USA,2024-08-19,Standard,331.48
6688,Laurie Lopez,laurie.lopez@protonmail.com,UK,2022-08-20,Standard,271.75
6689,Thomas Mendoza,thomas.mendoza@hotmail.com,Germany,2025-04-16,Standard,102.22
6690,Cory Hughes,cory.hughes@icloud.com,Australia,2025-01-08,Basic,97.49
6691,Cynthia Weaver,cynthia.weaver@icloud.com,India,2025-09-29,Basic,72.11
6692,Linda Thomas,linda.thomas@gmail.com,Japan,2024-11-05,Premium,3231.2
6693,David Hicks,david.hicks@protonmail.com,USA,2024-09-01,Standard,416.04
6694,Michelle Jones,michelle.jones@icloud.com,Italy,2023-02-15,Standard,175.05
6695,William Archer,william.archer@gmail.com,Spain,2025-07-22,Standard,138.75
6696,Ashlee Wright,ashlee.wright@gmail.com,UK,2021-08-29,Standard,432.88
6697,Karen Franco,karen.franco@yahoo.com,Germany,2022-11-02,Premium,1954.91
6698,Michael Perez,michael.perez@icloud.com,USA,2025-03-15,Premium,4814.24
6699,Jose Brown,jose.brown@protonmail.com,UK,2025-11-30,Basic,38.22
6700,Ryan Harrell,ryan.harrell@gmail.com,USA,2024-11-23,Premium,4464.54
6701,Kimberly Johnson,kimberly.johnson@gmail.com,USA,2023-05-04,Basic,42.69
6702,Emily Galvan,emily.galvan@yahoo.com,UAE,2021-12-07,Standard,396.75
6703,Peter Obrien,peter.obrien@icloud.com,USA,2024-08-14,Standard,481.16
6704,Michelle Goodman,michelle.goodman@outlook.com,Germany,2020-11-12,Premium,836.39
6705,David Mendez,david.mendez@outlook.com,USA,2022-07-02,Premium,4530.71
6706,Krystal Oneal,krystal.oneal@gmail.com,USA,2023-02-10,Standard,128.89
6707,Debbie Campos,debbie.campos@yahoo.com,UK,2025-11-10,Basic,79.96
6708,Eric George,eric.george@outlook.com,USA,2025-03-03,Basic,26.3
6709,Keith Mejia,keith.mejia@yahoo.com,India,2025-10-31,Premium,1441.22
6710,Ryan Johnson,ryan.johnson@yahoo.com,Singapore,2025-02-22,Premium,4584.01
6711,Carl Miller,carl.miller@yahoo.com,UK,2022-10-21,Premium,2317.03
6712,Patricia Thomas,patricia.thomas@protonmail.com,Singapore,2020-08-17,Basic,48.74
6713,Darlene Wood,darlene.wood@hotmail.com,India,2023-04-11,Standard,494.72
6714,Phillip Marshall,phillip.marshall@gmail.com,Germany,2022-07-19,Standard,355.03
6715,Lindsay Stark,lindsay.stark@outlook.com,USA,2024-05-29,Basic,55.07
6716,Kevin Nichols,kevin.nichols@yahoo.com,USA,2023-04-16,Basic,48.64
6717,Mark Parker,mark.parker@hotmail.com,Japan,2025-08-18,Standard,424.85
6718,Stacy Dixon,stacy.dixon@outlook.com,Germany,2023-10-20,Premium,551.39
6719,Paul Pitts,paul.pitts@gmail.com,UK,2023-07-15,Standard,249.33
6720,Haley Dominguez,haley.dominguez@hotmail.com,France,2024-08-10,Standard,452.67
6721,Sandra Jacobs,sandra.jacobs@hotmail.com,USA,2024-10-10,Standard,232.29
6722,Donna Berry,donna.berry@hotmail.com,Australia,2022-09-27,Basic,19.12
6723,Taylor Davis,taylor.davis@outlook.com,USA,2024-02-16,Premium,1515.01
6724,Tracy Peterson,tracy.peterson@protonmail.com,Spain,2024-05-26,Basic,55.96
6725,Zachary Welch,zachary.welch@gmail.com,USA,2021-05-26,Standard,351.12
6726,John Adams,john.adams@outlook.com,USA,2023-02-15,Basic,56.93
6727,Joseph Roberts,joseph.roberts@icloud.com,India,2025-04-10,Premium,2140.92
6728,William Edwards,william.edwards@yahoo.com,USA,2022-07-05,Standard,153.06
6729,Rebecca Solomon,rebecca.solomon@outlook.com,Netherlands,2023-05-22,Premium,3923.31
6730,Ashlee Bailey,ashlee.bailey@outlook.com,India,2022-04-12,Basic,78.81
6731,Kirk Petersen,kirk.petersen@protonmail.com,USA,2024-03-25,Premium,3893.78
6732,Zachary Jenkins,zachary.jenkins@protonmail.com,USA,2025-03-12,Standard,480.49
6733,Joseph Coleman,joseph.coleman@hotmail.com,Italy,2022-02-26,Basic,99.99
6734,Donna Tate,donna.tate@protonmail.com,Germany,2025-03-25,Basic,73.92
6735,Pamela Taylor,pamela.taylor@outlook.com,Mexico,2025-04-22,Standard,132.87
6736,Kayla Phillips,kayla.phillips@yahoo.com,USA,2022-01-10,Standard,158.91
6737,Gloria Ward,gloria.ward@protonmail.com,Italy,2024-05-29,Standard,332.09
6738,Amy Morris,amy.morris1@yahoo.com,UK,2025-06-24,Standard,352.18
6739,Lauren Perkins,lauren.perkins@gmail.com,India,2025-02-04,Standard,370.57
6740,Glenn Hardy,glenn.hardy@outlook.com,USA,2024-10-14,Premium,1537.94
6741,Nancy Little,nancy.little@outlook.com,USA,2021-10-17,Standard,200.0
6742,Jamie Tyler,jamie.tyler@hotmail.com,Netherlands,2021-06-12,Premium,4126.14
6743,Maria White,maria.white@yahoo.com,UAE,2022-09-08,Standard,301.49
6744,Deborah Crawford,deborah.crawford@yahoo.com,USA,2024-05-15,Standard,325.47
6745,John Washington,john.washington@protonmail.com,Netherlands,2023-07-09,Premium,4871.49
6746,Joseph Carroll,joseph.carroll@yahoo.com,USA,2024-10-29,Basic,20.48
6747,Amanda Thomas,amanda.thomas@yahoo.com,USA,2025-05-31,Basic,62.86
6748,Catherine King,catherine.king@hotmail.com,USA,2022-09-15,Standard,170.94
6749,Tammy Li,tammy.li@protonmail.com,USA,2025-10-31,Basic,66.7
6750,Tonya Smith,tonya.smith@yahoo.com,USA,2020-01-25,Standard,123.64
6751,Jacob Villa,jacob.villa@yahoo.com,UK,2022-09-08,Standard,402.22
6752,Sarah Gibson,sarah.gibson@gmail.com,USA,2025-04-24,Premium,1228.8
6753,Vicki Silva,vicki.silva@hotmail.com,India,2022-03-22,Standard,256.89
6754,Joshua Bradley,joshua.bradley@outlook.com,Japan,2022-08-19,Standard,175.09
6755,James Williams,james.williams@gmail.com,India,2025-10-16,Basic,32.4
6756,Ronald Holden,ronald.holden@hotmail.com,USA,2025-10-23,Standard,469.61
6757,Caitlin Alvarez,caitlin.alvarez@yahoo.com,Canada,2025-03-01,Standard,467.09
6758,Paul Wilson,paul.wilson@yahoo.com,USA,2021-09-15,Standard,454.88
6759,Herbert Ward,herbert.ward@yahoo.com,Canada,2022-05-07,Standard,445.46
6760,Laurie Brown,laurie.brown@icloud.com,Germany,2022-06-24,Basic,27.07
6761,Melanie Ramirez,melanie.ramirez@outlook.com,USA,2022-12-30,Standard,479.23
6762,Amy Adams,amy.adams@yahoo.com,USA,2025-02-15,Basic,51.06
6763,Kristen Frost,kristen.frost@icloud.com,France,2021-12-26,Standard,319.38
6764,Gloria Harris,gloria.harris@yahoo.com,Italy,2024-06-30,Standard,178.14
6765,Patricia Knight,patricia.knight@hotmail.com,India,2020-06-02,Standard,299.28
6766,Alejandro Morgan,alejandro.morgan@hotmail.com,Singapore,2024-09-18,Basic,50.5
6767,Claudia Ramirez,claudia.ramirez@hotmail.com,Italy,2020-08-20,Standard,140.61
6768,Russell Hall,russell.hall@protonmail.com,USA,2020-10-06,Standard,101.31
6769,Christine Duncan,christine.duncan@yahoo.com,India,2022-08-23,Premium,4218.41
6770,Joseph Tran,joseph.tran@hotmail.com,USA,2025-10-07,Standard,158.93
6771,Mary Hernandez,mary.hernandez@outlook.com,UK,2024-11-04,Premium,856.38
6772,Angela Stewart,angela.stewart@yahoo.com,USA,2024-01-25,Basic,84.03
6773,Jeffrey Shaffer,jeffrey.shaffer@protonmail.com,Singapore,2022-03-08,Premium,2511.77
6774,Mandy Harris,mandy.harris@protonmail.com,India,2024-12-08,Standard,183.59
6775,Christina Best,christina.best@outlook.com,USA,2024-10-12,Standard,333.78
6776,Christopher Yang,christopher.yang@gmail.com,USA,2023-05-29,Standard,283.69
6777,Tiffany Nelson,tiffany.nelson@protonmail.com,UK,2024-05-30,Standard,430.92
6778,Todd Davis,todd.davis@hotmail.com,Canada,2025-10-25,Basic,43.61
6779,Megan Walker,megan.walker@gmail.com,Italy,2025-09-12,Premium,2893.4
6780,Stephen Martin,stephen.martin@protonmail.com,USA,2025-10-01,Standard,120.02
6781,Glenn Robinson,glenn.robinson@hotmail.com,UK,2023-05-03,Premium,2011.13
6782,Daniel Allen,daniel.allen@icloud.com,Germany,2020-08-06,Standard,183.05
6783,Kyle Riley,kyle.riley@yahoo.com,UK,2022-07-14,Basic,98.19
6784,Carol Hughes,carol.hughes@yahoo.com,UK,2022-01-16,Standard,301.38
6785,Jason Garcia,jason.garcia@outlook.com,USA,2022-02-20,Basic,62.42
6786,Christopher Marquez,christopher.marquez@yahoo.com,USA,2023-03-29,Standard,461.0
6787,Scott Stevenson,scott.stevenson@protonmail.com,UK,2024-04-26,Standard,483.33
6788,Patrick Gilbert,patrick.gilbert@yahoo.com,Spain,2024-01-02,Basic,84.89
6789,Omar Weaver,omar.weaver@gmail.com,USA,2024-04-05,Premium,1407.3
6790,Joseph Macias,joseph.macias@outlook.com,USA,2025-11-19,Basic,37.39
6791,Travis Clarke,travis.clarke@yahoo.com,Canada,2020-08-01,Standard,394.71
6792,Alexandria Morris,alexandria.morris@icloud.com,Netherlands,2020-06-02,Standard,140.54
6793,Victor Gilbert,victor.gilbert@icloud.com,UK,2024-12-03,Basic,68.28
6794,Mary Obrien,mary.obrien@icloud.com,USA,2024-11-22,Standard,407.09
6795,Nathan Warner,nathan.warner@gmail.com,India,2023-10-10,Basic,63.09
6796,Carolyn Hale,carolyn.hale@gmail.com,UK,2025-01-03,Basic,89.44
6797,Nicholas French,nicholas.french@gmail.com,India,2021-10-31,Standard,390.8
6798,Jamie Edwards,jamie.edwards@yahoo.com,USA,2024-11-17,Standard,173.68
6799,Richard Wright,richard.wright@protonmail.com,USA,2025-04-13,Basic,24.14
6800,Kelly Hall,kelly.hall@outlook.com,USA,2023-08-25,Premium,2472.76
6801,Caroline Harrison,caroline.harrison@hotmail.com,India,2024-02-07,Basic,61.81
6802,Andrew Mcconnell,andrew.mcconnell@gmail.com,UK,2020-05-04,Premium,2707.29
6803,John Wolfe,john.wolfe@yahoo.com,USA,2023-04-06,Standard,164.46
6804,Shaun Mcbride,shaun.mcbride@icloud.com,UK,2020-06-13,Standard,190.46
6805,Paul Reed,paul.reed@gmail.com,Canada,2024-05-28,Basic,44.4
6806,Parker Henry,parker.henry@icloud.com,USA,2024-12-10,Basic,26.82
6807,Jennifer Blankenship,jennifer.blankenship@outlook.com,India,2025-04-15,Standard,416.75
6808,Christopher Scott,christopher.scott@icloud.com,India,2024-04-18,Standard,292.11
6809,Jeremy Richardson,jeremy.richardson@outlook.com,USA,2020-10-05,Standard,101.76
6810,Wendy Mendoza,wendy.mendoza@yahoo.com,Singapore,2025-12-16,Standard,285.13
6811,Gary Nash,gary.nash@icloud.com,Mexico,2023-10-05,Standard,468.32
6812,Deanna George,deanna.george@hotmail.com,USA,2024-11-16,Standard,188.15
6813,Lisa Singleton,lisa.singleton@gmail.com,USA,2022-07-22,Standard,264.26
6814,Tiffany Diaz,tiffany.diaz@icloud.com,USA,2024-07-13,Standard,411.85
6815,Kathleen Davis,kathleen.davis@icloud.com,USA,2025-05-10,Premium,2647.44
6816,Ruth Davis,ruth.davis@icloud.com,Germany,2020-08-10,Standard,208.23
6817,Heather Williams,heather.williams@yahoo.com,Spain,2024-08-10,Premium,1170.11
6818,Christian Frederick,christian.frederick@icloud.com,Brazil,2024-08-15,Basic,22.89
6819,Shawn Carter,shawn.carter@gmail.com,USA,2022-10-11,Standard,177.61
6820,Michele Ramirez,michele.ramirez@outlook.com,UK,2023-08-24,Premium,3115.39
6821,Ruth Perez,ruth.perez@outlook.com,USA,2024-06-04,Basic,68.09
6822,Larry Meyer,larry.meyer@icloud.com,Germany,2022-11-05,Standard,148.07
6823,Jesse Davis,jesse.davis@gmail.com,USA,2020-09-04,Basic,46.91
6824,Brett Pena,brett.pena@icloud.com,Italy,2024-09-03,Standard,450.02
6825,Kristen Mckay,kristen.mckay@icloud.com,Brazil,2024-08-26,Standard,163.93
6826,Shelly Thompson,shelly.thompson@protonmail.com,USA,2022-06-01,Standard,319.78
6827,Amy Mcmahon,amy.mcmahon@protonmail.com,India,2025-02-16,Standard,357.44
6828,Patty Young,patty.young@icloud.com,Germany,2025-09-18,Standard,405.01
6829,Lindsey Gonzalez,lindsey.gonzalez@icloud.com,Australia,2025-02-13,Standard,382.06
6830,Jennifer Jones,jennifer.jones1@icloud.com,UK,2024-05-14,Standard,184.49
6831,Craig Roth,craig.roth@protonmail.com,USA,2022-07-11,Premium,3077.24
6832,Guy Martinez,guy.martinez@yahoo.com,India,2021-06-16,Basic,85.68
6833,Steven Hodges,steven.hodges@protonmail.com,USA,2025-02-26,Standard,262.86
6834,Jennifer Hernandez,jennifer.hernandez@protonmail.com,Germany,2025-04-08,Basic,14.39
6835,Sarah Sanchez,sarah.sanchez@protonmail.com,USA,2024-05-04,Standard,387.23
6836,Alan Foley,alan.foley@hotmail.com,India,2024-07-10,Standard,267.5
6837,Katie Palmer,katie.palmer@hotmail.com,France,2023-06-23,Standard,225.0
6838,Andrew Wagner,andrew.wagner@hotmail.com,USA,2024-02-14,Standard,336.17
6839,Brian Taylor,brian.taylor@hotmail.com,UK,2020-10-25,Basic,81.01
6840,Brandon Moore,brandon.moore@icloud.com,India,2024-03-26,Standard,273.72
6841,David Hensley,david.hensley@gmail.com,USA,2024-07-21,Standard,420.98
6842,Mary Berry,mary.berry@icloud.com,Germany,2024-03-12,Basic,21.9
6843,Joshua Sanchez,joshua.sanchez@outlook.com,India,2023-12-07,Premium,1155.74
6844,Gregory Rodriguez,gregory.rodriguez@hotmail.com,USA,2024-12-28,Standard,339.59
6845,John Bowman,john.bowman@outlook.com,France,2021-07-02,Basic,27.0
6846,Karen Jones,karen.jones@protonmail.com,UK,2022-11-11,Standard,168.87
6847,Nicholas Smith,nicholas.smith1@hotmail.com,Germany,2021-05-27,Standard,119.21
6848,Steven Lindsey,steven.lindsey@icloud.com,USA,2023-01-09,Basic,75.66
6849,Erica Foster,erica.foster@outlook.com,USA,2023-03-17,Premium,3203.56
6850,Amber Powell,amber.powell@yahoo.com,USA,2023-09-22,Standard,296.71
6851,Alicia Hayden,alicia.hayden@yahoo.com,Spain,2023-08-28,Standard,196.46
6852,Sherry Gomez,sherry.gomez@yahoo.com,Mexico,2023-10-26,Basic,28.56
6853,Catherine Higgins,catherine.higgins@gmail.com,France,2023-08-04,Standard,434.35
6854,Kara Walton,kara.walton@icloud.com,USA,2024-10-17,Standard,120.51
6855,Alexandra Russell,alexandra.russell@yahoo.com,UK,2021-05-15,Standard,441.03
6856,Wesley Porter,wesley.porter@icloud.com,Australia,2023-11-07,Premium,3363.84
6857,Linda Clark,linda.clark@gmail.com,India,2020-02-09,Premium,2319.2
6858,Carol Richardson,carol.richardson@icloud.com,USA,2020-12-17,Standard,142.62
6859,Kenneth Munoz,kenneth.munoz@hotmail.com,Mexico,2024-10-20,Premium,2380.19
6860,Robert Bennett,robert.bennett@hotmail.com,USA,2025-09-29,Premium,744.4
6861,Nathaniel Edwards,nathaniel.edwards@hotmail.com,USA,2022-01-04,Standard,220.25
6862,James Smith,james.smith@outlook.com,Mexico,2023-11-14,Standard,371.92
6863,Ryan Little,ryan.little@outlook.com,UK,2022-08-12,Premium,4989.56
6864,Dylan Grimes,dylan.grimes@protonmail.com,USA,2021-05-07,Standard,440.1
6865,Krystal Curry,krystal.curry@gmail.com,Germany,2025-02-10,Premium,1268.27
6866,Deborah Turner,deborah.turner@protonmail.com,UAE,2024-06-23,Standard,483.79
6867,John Smith,john.smith1@outlook.com,USA,2024-09-14,Basic,20.13
6868,Jeremy Gonzales,jeremy.gonzales@icloud.com,Canada,2025-12-15,Standard,406.29
6869,Tommy Owens,tommy.owens@icloud.com,USA,2024-09-26,Premium,2981.7
6870,Steven Khan,steven.khan@protonmail.com,USA,2022-05-24,Standard,143.96
6871,Steven Perry,steven.perry@outlook.com,UK,2024-08-14,Standard,151.08
6872,Brett Gould,brett.gould@outlook.com,Germany,2024-08-03,Standard,315.86
6873,Penny Livingston,penny.livingston@outlook.com,USA,2023-08-06,Basic,84.41
6874,Kenneth Brown,kenneth.brown@outlook.com,UK,2024-05-30,Standard,274.64
6875,Steven Hughes,steven.hughes@outlook.com,Germany,2023-01-22,Premium,1794.83
6876,Denise Hamilton,denise.hamilton@outlook.com,Germany,2023-01-30,Standard,156.7
6877,Carmen Kelly,carmen.kelly@hotmail.com,India,2024-06-05,Standard,262.88
6878,William Woods,william.woods@hotmail.com,Japan,2022-12-08,Standard,147.73
6879,Sarah Melton,sarah.melton@hotmail.com,UK,2023-02-24,Basic,77.58
6880,Timothy Gomez,timothy.gomez@icloud.com,UK,2023-01-09,Basic,68.59
6881,James Weeks,james.weeks@yahoo.com,UK,2024-09-30,Premium,3330.44
6882,Gabriel Gay,gabriel.gay@yahoo.com,Germany,2025-04-16,Premium,966.14
6883,Dustin Dawson,dustin.dawson@outlook.com,USA,2024-12-29,Standard,443.74
6884,Joseph Johnson,joseph.johnson@yahoo.com,USA,2024-09-24,Standard,174.82
6885,Jeffery Meyer,jeffery.meyer@yahoo.com,USA,2022-06-07,Standard,383.93
6886,Andrew Powell,andrew.powell@protonmail.com,USA,2024-02-07,Standard,482.93
6887,Lauren Stevens,lauren.stevens@yahoo.com,Singapore,2021-12-15,Basic,23.54
6888,Christy Mitchell,christy.mitchell@yahoo.com,Germany,2023-03-13,Standard,245.63
6889,Brent Black,brent.black@outlook.com,UK,2024-06-13,Basic,49.67
6890,David Gonzales,david.gonzales@yahoo.com,Germany,2021-09-09,Basic,52.32
6891,Tony Gallagher,tony.gallagher@hotmail.com,India,2025-03-09,Premium,1674.6
6892,Barry Maxwell,barry.maxwell@gmail.com,UK,2023-05-31,Standard,307.72
6893,Jessica Knight,jessica.knight@outlook.com,UK,2024-12-03,Standard,138.49
6894,Carlos Donaldson,carlos.donaldson@hotmail.com,India,2023-10-21,Basic,37.98
6895,Sarah Gray,sarah.gray@yahoo.com,USA,2024-09-23,Standard,203.3
6896,Donna Gonzales,donna.gonzales@gmail.com,Germany,2024-05-20,Basic,49.89
6897,Jennifer Adams,jennifer.adams@gmail.com,Germany,2021-10-02,Standard,166.5
6898,Douglas Herman,douglas.herman@gmail.com,Canada,2025-05-07,Standard,311.42
6899,Christopher Reyes,christopher.reyes@outlook.com,UAE,2024-08-28,Basic,16.85
6900,Preston Williams,preston.williams@gmail.com,Australia,2023-02-04,Standard,387.39
6901,Kevin Mckay,kevin.mckay@hotmail.com,UK,2024-05-14,Basic,24.91
6902,James Hudson,james.hudson@gmail.com,USA,2022-04-07,Standard,339.29
6903,Robert Mckenzie,robert.mckenzie@protonmail.com,Germany,2024-12-14,Premium,3793.6
6904,Edward Payne,edward.payne@gmail.com,Japan,2023-10-18,Premium,3238.02
6905,Jonathan Moon,jonathan.moon@hotmail.com,Italy,2025-05-16,Standard,484.88
6906,Aaron Jones,aaron.jones@icloud.com,France,2022-01-30,Basic,82.78
6907,Michele Baker,michele.baker@outlook.com,USA,2025-04-05,Standard,343.14
6908,Timothy Jones,timothy.jones@icloud.com,India,2025-12-25,Standard,436.92
6909,Taylor Zavala,taylor.zavala@outlook.com,Brazil,2025-11-07,Premium,4203.81
6910,Sandy Snyder,sandy.snyder@icloud.com,India,2024-06-15,Standard,257.22
6911,Christopher Stevens,christopher.stevens1@icloud.com,India,2024-07-08,Basic,35.66
6912,Rachel Jensen,rachel.jensen@icloud.com,UK,2024-06-24,Standard,150.72
6913,Tiffany Jefferson,tiffany.jefferson@icloud.com,Germany,2021-11-22,Basic,76.21
6914,Stephanie Scott,stephanie.scott@outlook.com,USA,2024-01-23,Premium,3469.77
6915,Angelica Small,angelica.small@protonmail.com,USA,2024-10-04,Premium,4377.25
6916,Lisa Rivera,lisa.rivera@yahoo.com,France,2020-04-30,Standard,352.29
6917,Elizabeth Rose,elizabeth.rose@yahoo.com,Netherlands,2024-04-11,Standard,439.55
6918,Elizabeth Conley,elizabeth.conley@yahoo.com,Japan,2021-11-16,Standard,130.62
6919,Brittany Fleming,brittany.fleming@protonmail.com,USA,2024-04-14,Basic,19.25
6920,Linda Osborne,linda.osborne@yahoo.com,USA,2023-05-26,Premium,523.17
6921,John Briggs,john.briggs@hotmail.com,USA,2025-10-13,Basic,48.83
6922,Ryan Nelson,ryan.nelson@protonmail.com,Japan,2022-07-15,Premium,3841.78
6923,Shelby Turner,shelby.turner@outlook.com,India,2021-09-17,Standard,225.86
6924,Teresa Esparza,teresa.esparza@gmail.com,Singapore,2024-10-13,Standard,356.3
6925,Brett Vargas,brett.vargas@gmail.com,USA,2023-03-21,Standard,111.7
6926,Laurie Scott,laurie.scott@outlook.com,Germany,2021-10-03,Premium,1245.41
6927,Madison Peters,madison.peters@hotmail.com,Australia,2024-02-11,Basic,47.84
6928,Megan Robinson,megan.robinson@hotmail.com,USA,2025-12-03,Basic,74.63
6929,Stephanie Marshall,stephanie.marshall@outlook.com,Singapore,2024-10-19,Standard,207.96
6930,Eric Garcia,eric.garcia@outlook.com,Germany,2022-11-01,Standard,266.15
6931,Amy Cox,amy.cox@protonmail.com,USA,2022-12-24,Standard,327.9
6932,Julia Barnes,julia.barnes@icloud.com,USA,2024-08-09,Standard,466.05
6933,Mark Miller,mark.miller@yahoo.com,Brazil,2024-12-13,Standard,107.06
6934,Francisco Olson,francisco.olson@outlook.com,India,2025-03-26,Standard,345.7
6935,Sarah Jones,sarah.jones@yahoo.com,Canada,2021-01-02,Basic,38.58
6936,Lee Small,lee.small@outlook.com,Australia,2024-03-12,Standard,309.39
6937,Ryan Briggs,ryan.briggs@icloud.com,UK,2025-08-07,Premium,1350.57
6938,Eric Kennedy,eric.kennedy@gmail.com,Australia,2021-07-15,Basic,45.71
6939,Anthony Pace,anthony.pace@icloud.com,Italy,2025-12-28,Standard,126.04
6940,David Young,david.young@hotmail.com,USA,2023-11-03,Premium,4997.66
6941,Natasha Vasquez,natasha.vasquez@gmail.com,Canada,2024-07-17,Basic,71.25
6942,Susan Chapman,susan.chapman@gmail.com,USA,2023-02-16,Standard,240.33
6943,Richard Atkinson,richard.atkinson@yahoo.com,USA,2025-03-08,Premium,3124.94
6944,Justin Bishop,justin.bishop@hotmail.com,UK,2025-12-10,Standard,111.84
6945,Frederick Moore,frederick.moore@hotmail.com,Brazil,2021-06-30,Basic,75.12
6946,Mark Bennett,mark.bennett@protonmail.com,USA,2024-06-06,Premium,2924.91
6947,Christopher Miller,christopher.miller@icloud.com,UK,2020-06-14,Standard,339.0
6948,Laura Smith,laura.smith@outlook.com,India,2022-01-26,Premium,2960.58
6949,Amber Vasquez,amber.vasquez@hotmail.com,USA,2024-07-06,Standard,172.74
6950,Christopher Cordova,christopher.cordova@gmail.com,Australia,2024-07-14,Standard,285.26
6951,Lindsey Wong,lindsey.wong@outlook.com,Netherlands,2023-08-05,Premium,3037.21
6952,Victoria Smith,victoria.smith1@protonmail.com,USA,2022-05-28,Basic,80.3
6953,Gregory Anderson,gregory.anderson@icloud.com,USA,2021-05-11,Standard,289.81
6954,Tonya Richardson,tonya.richardson@outlook.com,Singapore,2022-06-05,Basic,53.73
6955,Gina Serrano,gina.serrano@yahoo.com,USA,2021-10-20,Basic,73.87
6956,Michael Armstrong,michael.armstrong@yahoo.com,USA,2022-01-16,Basic,54.51
6957,Billy Orozco,billy.orozco@outlook.com,Netherlands,2025-02-15,Basic,75.64
6958,Mark Williams,mark.williams@protonmail.com,Mexico,2022-12-27,Standard,347.52
6959,Brandi Mcneil,brandi.mcneil@hotmail.com,India,2025-05-19,Basic,16.51
6960,Christina Underwood,christina.underwood@gmail.com,Germany,2022-05-02,Standard,310.12
6961,James Jackson,james.jackson@protonmail.com,Spain,2023-11-18,Standard,305.2
6962,Peter Holder,peter.holder@hotmail.com,India,2021-12-26,Standard,247.67
6963,Daniel Watkins,daniel.watkins@icloud.com,India,2020-01-01,Standard,351.45
6964,Christina Fox,christina.fox@yahoo.com,Japan,2024-03-21,Standard,197.51
6965,Marie Mitchell,marie.mitchell@gmail.com,India,2023-01-07,Basic,57.83
6966,Calvin Obrien,calvin.obrien@gmail.com,UK,2023-04-01,Standard,497.72
6967,Jordan Schneider,jordan.schneider@hotmail.com,USA,2023-11-02,Standard,388.48
6968,Holly Davis,holly.davis@gmail.com,UK,2024-05-09,Premium,822.19
6969,Catherine Barker,catherine.barker@yahoo.com,UK,2023-09-02,Basic,12.01
6970,Antonio Phelps,antonio.phelps@yahoo.com,USA,2021-06-11,Standard,121.11
6971,Elizabeth Neal,elizabeth.neal@gmail.com,UK,2022-07-24,Standard,323.82
6972,Lisa Howard,lisa.howard@icloud.com,Australia,2024-07-13,Basic,74.31
6973,William Carter,william.carter@yahoo.com,UK,2025-03-25,Basic,31.8
6974,Janice Morales,janice.morales@protonmail.com,USA,2021-06-01,Standard,381.11
6975,Lindsay Young,lindsay.young@outlook.com,USA,2023-02-12,Standard,454.36
6976,Tracey Parker,tracey.parker@outlook.com,USA,2023-04-03,Standard,151.15
6977,Mark Allen,mark.allen@outlook.com,Australia,2025-08-07,Basic,34.8
6978,Eduardo Moore,eduardo.moore@icloud.com,UK,2021-05-30,Standard,124.45
6979,Christopher Matthews,christopher.matthews@gmail.com,USA,2025-06-19,Basic,37.33
6980,David Rodriguez,david.rodriguez@gmail.com,France,2024-03-03,Premium,2238.42
6981,Shane Hernandez,shane.hernandez@hotmail.com,USA,2022-10-09,Standard,405.46
6982,Charles Townsend,charles.townsend@protonmail.com,USA,2024-05-11,Standard,489.69
6983,Gwendolyn Riley,gwendolyn.riley@protonmail.com,France,2024-02-16,Standard,441.9
6984,Jennifer Graham,jennifer.graham@yahoo.com,Germany,2021-12-24,Standard,329.18
6985,David Newman,david.newman@icloud.com,Canada,2022-01-22,Basic,92.89
6986,Sherri Arnold,sherri.arnold@outlook.com,Japan,2023-06-09,Standard,168.76
6987,Briana Pineda,briana.pineda@protonmail.com,Netherlands,2023-11-22,Basic,48.42
6988,Jason Kennedy,jason.kennedy1@icloud.com,USA,2024-07-01,Standard,328.41
6989,Arthur Moore,arthur.moore@yahoo.com,Australia,2024-11-27,Standard,301.5
6990,James Jones,james.jones@hotmail.com,India,2025-11-21,Premium,1266.03
6991,Anthony Farrell,anthony.farrell@gmail.com,USA,2024-08-13,Standard,310.2
6992,Johnny Lopez,johnny.lopez@protonmail.com,Italy,2023-04-29,Basic,29.13
6993,Tyler Barrett,tyler.barrett@icloud.com,UK,2020-01-26,Premium,1677.81
6994,Raymond Fletcher,raymond.fletcher@yahoo.com,Mexico,2025-09-06,Basic,35.04
6995,Marcus Anderson,marcus.anderson@yahoo.com,Germany,2020-09-23,Standard,450.06
6996,Mark Levy,mark.levy@hotmail.com,UK,2022-09-11,Standard,422.03
6997,Robert Edwards,robert.edwards@icloud.com,USA,2024-07-28,Premium,4759.72
6998,Ruth Knight,ruth.knight@gmail.com,Spain,2024-10-06,Standard,229.07
6999,Holly Smith,holly.smith@icloud.com,Germany,2020-09-21,Basic,70.47
7000,Krista Best,krista.best@gmail.com,USA,2024-10-02,Standard,227.74
7001,Robert Tucker,robert.tucker@gmail.com,USA,2021-07-05,Standard,452.15
7002,Vanessa Hernandez,vanessa.hernandez@gmail.com,Australia,2024-12-23,Basic,42.39
7003,Nicole Allen,nicole.allen@yahoo.com,USA,2024-06-27,Basic,39.77
7004,Cassandra Krueger,cassandra.krueger@yahoo.com,Germany,2024-09-19,Premium,674.55
7005,Rebecca Le,rebecca.le@outlook.com,India,2020-12-15,Standard,319.75
7006,Robert Townsend,robert.townsend@icloud.com,USA,2024-04-09,Standard,114.92
7007,Crystal Dawson,crystal.dawson@hotmail.com,Germany,2022-07-24,Basic,62.76
7008,Lauren Watson,lauren.watson@protonmail.com,USA,2023-09-11,Standard,310.16
7009,Aaron Webb,aaron.webb@icloud.com,Netherlands,2025-07-08,Standard,221.65
7010,Madison Mason,madison.mason@outlook.com,Japan,2021-03-12,Basic,32.59
7011,Jason Cook,jason.cook@gmail.com,USA,2024-05-17,Standard,409.34
7012,Donna Doyle,donna.doyle@gmail.com,UK,2021-02-13,Standard,357.47
7013,William Schmidt,william.schmidt@outlook.com,UK,2024-01-14,Basic,13.88
7014,Pamela Chaney,pamela.chaney@outlook.com,Netherlands,2024-04-10,Standard,242.88
7015,Cheyenne Salazar,cheyenne.salazar@hotmail.com,UK,2023-03-11,Standard,454.49
7016,Ryan Dodson,ryan.dodson@gmail.com,Germany,2024-04-21,Basic,52.15
7017,Lauren Gibson,lauren.gibson@outlook.com,Italy,2025-12-29,Basic,32.85
7018,Jennifer Payne,jennifer.payne@outlook.com,USA,2025-08-14,Basic,77.19
7019,Amber Campos,amber.campos@hotmail.com,Germany,2025-04-09,Standard,122.99
7020,Bradley Cook,bradley.cook@hotmail.com,USA,2022-10-16,Standard,215.61
7021,Richard Sims,richard.sims@yahoo.com,Germany,2025-04-28,Standard,265.9
7022,Latoya Wells,latoya.wells@gmail.com,USA,2022-01-15,Premium,4331.37
7023,Natalie Hickman,natalie.hickman@protonmail.com,Singapore,2020-11-11,Basic,88.42
7024,Robin Lynch,robin.lynch@hotmail.com,UK,2023-03-08,Premium,4892.95
7025,Jerry Edwards,jerry.edwards@outlook.com,USA,2022-08-30,Standard,337.18
7026,Brittany Cole,brittany.cole@gmail.com,Japan,2024-09-21,Standard,402.38
7027,Kevin Pearson,kevin.pearson@outlook.com,France,2021-06-01,Premium,3127.65
7028,Benjamin Perez,benjamin.perez@protonmail.com,India,2024-08-02,Standard,103.12
7029,Rebecca King,rebecca.king@icloud.com,Canada,2022-01-04,Standard,288.28
7030,Joseph Schmidt,joseph.schmidt@outlook.com,USA,2022-07-23,Premium,3682.5
7031,Billy Crane,billy.crane@gmail.com,India,2025-10-02,Basic,62.72
7032,Shannon Sanders,shannon.sanders@protonmail.com,USA,2024-04-14,Basic,65.74
7033,Russell Benjamin,russell.benjamin@hotmail.com,USA,2023-04-05,Premium,4179.09
7034,Leah Hill,leah.hill@protonmail.com,Italy,2024-06-03,Basic,90.55
7035,Lisa Payne,lisa.payne@hotmail.com,Canada,2025-02-16,Standard,382.19
7036,Robert Shaw,robert.shaw@icloud.com,USA,2023-06-06,Premium,1073.2
7037,Stephanie Norton,stephanie.norton@outlook.com,USA,2022-07-24,Standard,184.74
7038,Danielle Torres,danielle.torres@gmail.com,Netherlands,2025-04-17,Basic,51.06
7039,Caroline Williams,caroline.williams@icloud.com,USA,2023-05-13,Standard,255.49
7040,Vanessa Lewis,vanessa.lewis@protonmail.com,USA,2022-05-25,Standard,106.79
7041,Donna Roberts,donna.roberts@gmail.com,USA,2021-05-15,Basic,45.42
7042,Darrell Young,darrell.young@yahoo.com,USA,2021-08-05,Basic,53.28
7043,Veronica Castro,veronica.castro@gmail.com,USA,2025-03-04,Basic,62.91
7044,Mark Gardner,mark.gardner@yahoo.com,Singapore,2025-01-13,Standard,233.31
7045,James Cohen,james.cohen@outlook.com,USA,2024-08-14,Basic,66.16
7046,Christopher Lucas,christopher.lucas@protonmail.com,UK,2024-03-07,Standard,235.68
7047,Stacey Smith,stacey.smith@gmail.com,Canada,2025-06-17,Premium,2351.43
7048,David Curry,david.curry@yahoo.com,Germany,2024-09-07,Basic,76.62
7049,Jonathan Sandoval,jonathan.sandoval@yahoo.com,Canada,2024-01-15,Standard,398.11
7050,Emily Perry,emily.perry@protonmail.com,India,2025-11-17,Basic,92.25
7051,Rebecca Harris,rebecca.harris@outlook.com,Germany,2021-01-21,Standard,453.49
7052,Frank Davis,frank.davis@hotmail.com,India,2021-03-01,Standard,235.34
7053,Sarah Collins,sarah.collins@gmail.com,Australia,2024-05-19,Premium,1845.44
7054,Amy Dunn,amy.dunn@gmail.com,India,2024-04-17,Standard,167.77
7055,Casey Mcgrath,casey.mcgrath@outlook.com,Australia,2022-08-29,Basic,62.24
7056,Morgan Farrell,morgan.farrell@icloud.com,USA,2022-08-12,Basic,56.92
7057,Aaron Allen,aaron.allen@protonmail.com,India,2024-03-21,Standard,334.52
7058,Kimberly Bauer,kimberly.bauer@outlook.com,Canada,2023-08-27,Standard,120.77
7059,Sheryl Sanford,sheryl.sanford@icloud.com,USA,2025-12-27,Standard,331.91
7060,Daniel Hayes,daniel.hayes@outlook.com,Brazil,2025-08-21,Basic,61.27
7061,David Miranda,david.miranda@gmail.com,USA,2023-09-10,Standard,362.74
7062,Kimberly Marshall,kimberly.marshall1@yahoo.com,USA,2024-10-19,Basic,24.54
7063,David Contreras,david.contreras@yahoo.com,Brazil,2024-02-29,Standard,187.83
7064,Joshua Miller,joshua.miller@gmail.com,USA,2021-12-18,Premium,2106.66
7065,Kristina Gomez,kristina.gomez@outlook.com,UK,2023-04-26,Standard,191.72
7066,Paul Lopez,paul.lopez@gmail.com,USA,2023-06-25,Standard,462.13
7067,Sierra Swanson,sierra.swanson@outlook.com,Mexico,2025-09-04,Standard,175.1
7068,Rhonda Oliver,rhonda.oliver@yahoo.com,UK,2025-11-02,Standard,478.2
7069,Tara Miranda,tara.miranda@gmail.com,India,2020-09-17,Basic,63.43
7070,Victoria Martin,victoria.martin@gmail.com,Australia,2025-09-03,Standard,394.39
7071,Matthew Boyd,matthew.boyd@icloud.com,Germany,2024-11-10,Basic,69.28
7072,Hannah Lee,hannah.lee@yahoo.com,Netherlands,2020-07-13,Standard,172.98
7073,Vickie Todd,vickie.todd@icloud.com,Australia,2023-05-17,Standard,133.84
7074,Michael Peterson,michael.peterson@yahoo.com,UK,2025-09-23,Standard,496.92
7075,Paul Sherman,paul.sherman@protonmail.com,Netherlands,2023-02-05,Standard,276.08
7076,Dale Hunt,dale.hunt@protonmail.com,UK,2024-09-13,Standard,111.97
7077,Lisa Lewis,lisa.lewis@yahoo.com,USA,2024-06-09,Standard,417.91
7078,James Walsh,james.walsh@icloud.com,USA,2024-04-17,Premium,3468.66
7079,Kiara Adkins,kiara.adkins@icloud.com,Germany,2023-08-10,Basic,73.0
7080,Carl Kaiser,carl.kaiser@outlook.com,USA,2023-03-29,Standard,167.33
7081,Jeremy Sandoval,jeremy.sandoval@gmail.com,Germany,2025-01-07,Standard,292.14
7082,Roberta Snyder,roberta.snyder@hotmail.com,USA,2023-03-10,Basic,68.61
7083,Kelli Hughes,kelli.hughes@yahoo.com,UK,2022-07-20,Standard,433.49
7084,Dawn Gonzalez,dawn.gonzalez@outlook.com,USA,2023-10-20,Basic,42.51
7085,Bobby Chavez,bobby.chavez@icloud.com,Japan,2024-04-18,Standard,132.87
7086,Adam Kelly,adam.kelly@protonmail.com,USA,2023-10-04,Standard,298.48
7087,Vanessa Peck,vanessa.peck@outlook.com,USA,2024-05-03,Premium,3666.02
7088,Deborah Perry,deborah.perry@yahoo.com,UK,2022-04-11,Premium,2651.15
7089,Mary Montes,mary.montes@yahoo.com,UK,2024-06-08,Premium,1716.04
7090,Michelle Miller,michelle.miller@yahoo.com,India,2025-10-16,Premium,3683.01
7091,Megan Wheeler,megan.wheeler@protonmail.com,UK,2024-07-09,Standard,376.5
7092,Anna Wilson,anna.wilson@gmail.com,USA,2024-02-02,Standard,271.93
7093,Derek Snyder,derek.snyder@protonmail.com,Brazil,2024-08-07,Standard,257.53
7094,Wendy Swanson,wendy.swanson@icloud.com,UK,2024-09-18,Standard,308.89
7095,Matthew Weber,matthew.weber@hotmail.com,USA,2023-05-20,Premium,2369.07
7096,Antonio Conley,antonio.conley@icloud.com,Canada,2024-09-19,Premium,796.14
7097,Logan Collins,logan.collins@protonmail.com,India,2023-11-02,Premium,758.11
7098,Lynn Carter,lynn.carter@icloud.com,India,2023-02-18,Standard,424.08
7099,Michele Brown,michele.brown@yahoo.com,UK,2023-05-17,Premium,2567.41
7100,Kevin Maynard,kevin.maynard@gmail.com,UK,2023-05-17,Standard,137.22
7101,Derrick Green,derrick.green@outlook.com,UK,2020-08-10,Basic,72.02
7102,Noah Hernandez,noah.hernandez@yahoo.com,USA,2024-03-10,Standard,400.84
7103,Matthew Jenkins,matthew.jenkins@yahoo.com,USA,2024-02-06,Premium,3986.69
7104,Charles Schmidt,charles.schmidt@hotmail.com,UAE,2021-09-13,Standard,464.85
7105,Charles Parker,charles.parker@gmail.com,India,2022-10-24,Standard,437.8
7106,Kevin Johnson,kevin.johnson@yahoo.com,UK,2024-12-16,Premium,4299.5
7107,Tina Murphy,tina.murphy@yahoo.com,USA,2024-10-18,Basic,27.65
7108,Jennifer Kane,jennifer.kane@yahoo.com,Canada,2024-10-03,Basic,66.94
7109,Sarah Morrison,sarah.morrison@hotmail.com,USA,2023-12-17,Basic,74.8
7110,Melissa Cox,melissa.cox@protonmail.com,USA,2025-04-05,Basic,24.77
7111,Cody Baker,cody.baker@icloud.com,USA,2020-04-12,Standard,292.06
7112,Matthew Beasley,matthew.beasley@protonmail.com,India,2024-08-26,Standard,186.04
7113,Ian Lewis,ian.lewis@yahoo.com,India,2023-03-26,Standard,220.75
7114,Lauren Hall,lauren.hall@protonmail.com,USA,2022-10-22,Basic,42.89
7115,Joshua Skinner,joshua.skinner@icloud.com,USA,2025-01-29,Standard,318.01
7116,Andrea Weaver,andrea.weaver@icloud.com,Germany,2025-01-03,Standard,369.48
7117,Michele Cain,michele.cain@yahoo.com,Germany,2022-11-04,Premium,1248.72
7118,Ana Ray,ana.ray@icloud.com,India,2020-11-05,Standard,371.61
7119,Hannah Phillips,hannah.phillips@icloud.com,USA,2025-02-05,Standard,191.16
7120,Andrea Evans,andrea.evans@yahoo.com,India,2021-03-24,Basic,28.52
7121,Paula Goodwin,paula.goodwin@hotmail.com,Italy,2025-05-03,Premium,4584.53
7122,Billy Ellison,billy.ellison@yahoo.com,Germany,2022-03-23,Basic,93.4
7123,Robert Barrett,robert.barrett@protonmail.com,USA,2023-07-20,Premium,2826.66
7124,Joseph Williams,joseph.williams@hotmail.com,India,2020-09-03,Standard,422.27
7125,Casey Rush,casey.rush@icloud.com,USA,2024-12-16,Standard,101.08
7126,Brianna Rodriguez,brianna.rodriguez@outlook.com,USA,2022-05-26,Standard,171.61
7127,Thomas Harrison,thomas.harrison@gmail.com,USA,2023-02-25,Standard,158.81
7128,Michael Weaver,michael.weaver@hotmail.com,Spain,2025-09-17,Standard,120.46
7129,Joseph Garza,joseph.garza@gmail.com,UK,2022-11-02,Premium,3886.55
7130,Ann Bauer,ann.bauer@protonmail.com,Brazil,2024-05-29,Basic,48.29
7131,Christopher Jackson,christopher.jackson1@protonmail.com,UK,2022-09-05,Standard,104.31
7132,Deborah Carroll,deborah.carroll@protonmail.com,UK,2024-05-21,Basic,26.21
7133,Michelle Mccoy,michelle.mccoy@outlook.com,USA,2022-03-07,Basic,59.55
7134,Andre Robinson,andre.robinson@outlook.com,Germany,2024-03-31,Premium,2188.33
7135,Jean Jackson,jean.jackson@yahoo.com,USA,2024-09-19,Basic,65.86
7136,Susan Shields,susan.shields@icloud.com,UK,2025-05-01,Basic,14.46
7137,William Mayo,william.mayo@hotmail.com,USA,2025-01-10,Basic,53.88
7138,Adam Mills,adam.mills@yahoo.com,UK,2022-06-03,Basic,81.68
7139,Joshua Norton,joshua.norton@outlook.com,UK,2021-01-30,Standard,439.97
7140,Kimberly Lopez,kimberly.lopez@gmail.com,USA,2020-03-18,Basic,41.57
7141,Amy Brown,amy.brown@gmail.com,USA,2024-11-10,Premium,4269.45
7142,Jason Estrada,jason.estrada@icloud.com,UAE,2022-07-07,Premium,867.49
7143,James Rose,james.rose@gmail.com,USA,2025-08-04,Basic,78.56
7144,Max Sullivan,max.sullivan@protonmail.com,USA,2025-04-06,Standard,173.22
7145,Brittany Bartlett,brittany.bartlett@icloud.com,USA,2021-07-01,Standard,399.72
7146,Keith Wright,keith.wright@outlook.com,USA,2022-07-04,Standard,195.79
7147,Melissa Martinez,melissa.martinez@hotmail.com,India,2024-11-14,Standard,448.8
7148,Robert Wong,robert.wong@yahoo.com,USA,2023-08-29,Basic,16.69
7149,Tyler Levine,tyler.levine@hotmail.com,UK,2023-03-26,Premium,3283.99
7150,Richard Lee,richard.lee@icloud.com,India,2022-10-13,Premium,2634.17
7151,Johnny Anderson,johnny.anderson@protonmail.com,USA,2025-04-21,Standard,453.81
7152,Jack Davidson,jack.davidson@protonmail.com,Netherlands,2024-05-19,Basic,92.46
7153,David Lambert,david.lambert@protonmail.com,Singapore,2021-07-14,Basic,65.29
7154,David Williams,david.williams@gmail.com,USA,2020-02-15,Standard,207.03
7155,Whitney Mcgee,whitney.mcgee@yahoo.com,USA,2024-12-22,Basic,74.68
7156,Jessica Sutton,jessica.sutton@icloud.com,USA,2020-06-23,Standard,308.57
7157,Dean Robinson,dean.robinson@outlook.com,USA,2025-02-02,Basic,80.5
7158,Susan Andrews,susan.andrews@protonmail.com,UK,2024-01-27,Premium,2241.47
7159,Denise Love,denise.love@gmail.com,Germany,2025-05-30,Standard,341.23
7160,Maria Smith,maria.smith@protonmail.com,UK,2024-06-01,Standard,484.29
7161,Daniel Clark,daniel.clark@hotmail.com,USA,2025-10-19,Standard,483.73
7162,Drew Ramsey,drew.ramsey@protonmail.com,USA,2024-07-08,Premium,1860.06
7163,Kristen Melton,kristen.melton@yahoo.com,UAE,2024-12-25,Standard,132.49
7164,Mark Jenkins,mark.jenkins@protonmail.com,Italy,2021-12-05,Standard,138.31
7165,Donna Becker,donna.becker@protonmail.com,USA,2024-10-22,Standard,411.97
7166,Scott Harris,scott.harris@protonmail.com,India,2024-08-29,Standard,413.02
7167,Cynthia Clark,cynthia.clark@gmail.com,UK,2023-02-02,Standard,249.4
7168,Michael Berg,michael.berg@hotmail.com,India,2024-05-03,Basic,98.34
7169,Michele Bates,michele.bates@protonmail.com,Germany,2022-06-22,Standard,119.86
7170,Tracy Avery,tracy.avery@protonmail.com,Mexico,2023-04-05,Standard,437.63
7171,Samuel King,samuel.king@protonmail.com,USA,2021-11-22,Basic,93.46
7172,Ryan Moore,ryan.moore@outlook.com,USA,2023-02-22,Standard,375.23
7173,Kimberly Bass,kimberly.bass@icloud.com,UAE,2023-05-27,Standard,394.19
7174,Kaitlin Warren,kaitlin.warren@outlook.com,USA,2025-10-28,Standard,204.5
7175,James Rodriguez,james.rodriguez@outlook.com,USA,2024-07-02,Basic,39.46
7176,Justin Campbell,justin.campbell@yahoo.com,India,2025-06-16,Premium,1807.77
7177,Gregory Hammond,gregory.hammond@icloud.com,Australia,2025-05-04,Standard,208.91
7178,Thomas Farmer,thomas.farmer@icloud.com,India,2020-04-19,Premium,3100.84
7179,Cameron Gibson,cameron.gibson@icloud.com,Australia,2024-08-07,Basic,92.87
7180,Kevin Walker,kevin.walker@yahoo.com,India,2022-05-23,Standard,362.99
7181,James Shields,james.shields@outlook.com,USA,2025-12-19,Basic,51.97
7182,Mary Stuart,mary.stuart@yahoo.com,Germany,2023-10-12,Standard,487.9
7183,Joseph Castillo,joseph.castillo@hotmail.com,Australia,2020-10-16,Premium,862.27
7184,Samuel Anderson,samuel.anderson@gmail.com,Brazil,2022-03-12,Standard,217.95
7185,Kimberly Brewer,kimberly.brewer@gmail.com,USA,2024-09-08,Basic,70.43
7186,Patrick Downs,patrick.downs@icloud.com,USA,2020-02-20,Standard,279.74
7187,Andrea May,andrea.may@yahoo.com,Australia,2023-06-03,Premium,3604.41
7188,Duane Adams,duane.adams@yahoo.com,USA,2025-04-06,Basic,31.4
7189,Nathan Scott,nathan.scott@icloud.com,USA,2020-08-06,Standard,133.13
7190,Corey Atkins,corey.atkins@icloud.com,France,2024-09-01,Premium,2477.43
7191,Zachary Collins,zachary.collins@icloud.com,UK,2024-07-15,Standard,420.8
7192,Richard Brown,richard.brown@protonmail.com,USA,2023-03-08,Standard,183.98
7193,Susan Rodriguez,susan.rodriguez@outlook.com,USA,2021-11-25,Standard,396.39
7194,Rachel King,rachel.king@yahoo.com,USA,2021-04-06,Standard,388.29
7195,John Rosario,john.rosario@icloud.com,Australia,2025-06-16,Standard,346.91
7196,Sarah Foley,sarah.foley@protonmail.com,UK,2024-10-14,Basic,14.03
7197,Autumn Middleton,autumn.middleton@protonmail.com,USA,2023-08-12,Standard,235.39
7198,Sandra Burton,sandra.burton@protonmail.com,USA,2025-07-08,Standard,245.5
7199,Tiffany Smith,tiffany.smith@yahoo.com,USA,2021-12-10,Standard,338.86
7200,Susan Murphy,susan.murphy@icloud.com,USA,2021-11-06,Standard,202.69
7201,Hannah Spencer,hannah.spencer@protonmail.com,USA,2022-05-14,Standard,414.83
7202,Ashley Smith,ashley.smith@yahoo.com,Germany,2024-03-26,Standard,500.0
7203,James Rodriguez,james.rodriguez@gmail.com,USA,2023-08-29,Basic,90.71
7204,Kirk Duran,kirk.duran@protonmail.com,USA,2024-02-08,Standard,265.53
7205,John Ballard,john.ballard@gmail.com,UK,2022-05-03,Premium,4869.34
7206,Brenda Fuller,brenda.fuller@icloud.com,UK,2024-02-22,Standard,399.27
7207,Elizabeth Yu,elizabeth.yu@icloud.com,USA,2025-08-19,Standard,440.54
7208,Annette Kelly,annette.kelly@yahoo.com,USA,2023-12-23,Standard,422.36
7209,Noah Weber,noah.weber@protonmail.com,USA,2022-04-03,Basic,85.08
7210,Pamela Nguyen,pamela.nguyen@yahoo.com,USA,2024-07-11,Basic,68.8
7211,Michaela Kelly,michaela.kelly@icloud.com,India,2022-04-13,Standard,426.41
7212,Katherine Patel,katherine.patel@yahoo.com,USA,2021-06-12,Standard,423.35
7213,Trevor Jordan,trevor.jordan@icloud.com,Australia,2024-06-05,Premium,3274.44
7214,Anna Norris,anna.norris@hotmail.com,India,2024-02-07,Standard,136.99
7215,Dakota Huang,dakota.huang@gmail.com,USA,2025-12-14,Standard,390.43
7216,Jesse Delacruz,jesse.delacruz@hotmail.com,USA,2022-03-05,Basic,63.8
7217,Jamie Gutierrez,jamie.gutierrez@icloud.com,USA,2022-10-13,Standard,339.48
7218,Wendy Jones,wendy.jones@gmail.com,USA,2024-06-13,Premium,4258.61
7219,Erin Daugherty,erin.daugherty@hotmail.com,UK,2024-01-19,Premium,3350.01
7220,Scott Taylor,scott.taylor@hotmail.com,USA,2023-06-22,Premium,3416.75
7221,Joann Robinson,joann.robinson@hotmail.com,Australia,2023-04-17,Basic,24.62
7222,Collin Scott,collin.scott@yahoo.com,UK,2021-12-22,Basic,87.78
7223,Samantha Ortiz,samantha.ortiz@outlook.com,India,2023-11-28,Basic,79.19
7224,Vickie Day,vickie.day@outlook.com,Canada,2025-01-24,Basic,66.51
7225,Pamela Orozco,pamela.orozco@yahoo.com,UK,2021-05-20,Premium,2004.3
7226,Clayton Mclean,clayton.mclean@gmail.com,Italy,2024-04-01,Basic,26.26
7227,Cheryl Davis,cheryl.davis@gmail.com,UAE,2020-02-21,Basic,20.91
7228,John George,john.george@gmail.com,USA,2023-09-17,Standard,472.17
7229,Julie Mays,julie.mays@outlook.com,USA,2024-05-19,Standard,142.41
7230,John Alvarez,john.alvarez1@protonmail.com,USA,2024-03-21,Standard,398.8
7231,Joshua Jackson,joshua.jackson@protonmail.com,USA,2021-05-08,Basic,69.65
7232,Katherine Chandler,katherine.chandler@gmail.com,UK,2023-03-17,Premium,3905.5
7233,Sara Burns,sara.burns@gmail.com,USA,2020-08-27,Basic,30.0
7234,Victoria Flynn,victoria.flynn@yahoo.com,UK,2023-12-07,Basic,57.04
7235,Paige Garcia,paige.garcia@outlook.com,Canada,2024-03-21,Basic,61.0
7236,William Perez,william.perez@gmail.com,USA,2022-06-01,Premium,4627.15
7237,Barbara Smith,barbara.smith@outlook.com,UK,2023-04-24,Standard,454.52
7238,Heather Michael,heather.michael@hotmail.com,USA,2024-09-28,Standard,371.96
7239,Karen Hawkins,karen.hawkins@hotmail.com,Australia,2025-03-09,Standard,134.45
7240,Frank Rodgers,frank.rodgers@icloud.com,India,2021-11-12,Premium,3067.44
7241,Tina Armstrong,tina.armstrong@protonmail.com,USA,2024-12-19,Basic,56.48
7242,Elizabeth Lee,elizabeth.lee@outlook.com,India,2020-08-04,Premium,4986.99
7243,Lynn Young,lynn.young@hotmail.com,USA,2021-09-19,Standard,244.01
7244,Brandon White,brandon.white@yahoo.com,India,2022-10-30,Basic,36.59
7245,Margaret Gonzalez,margaret.gonzalez@hotmail.com,Germany,2024-07-11,Standard,195.18
7246,Kenneth Brown,kenneth.brown@protonmail.com,UK,2020-12-30,Basic,94.11
7247,Shannon Montgomery,shannon.montgomery@icloud.com,India,2025-11-15,Standard,260.46
7248,Anthony Swanson,anthony.swanson@hotmail.com,Japan,2023-09-23,Standard,204.31
7249,Jennifer Richardson,jennifer.richardson@protonmail.com,Australia,2025-05-23,Premium,4120.4
7250,Katherine Juarez,katherine.juarez@hotmail.com,Germany,2022-01-21,Standard,119.8
7251,Mary Reynolds,mary.reynolds@hotmail.com,India,2023-08-30,Standard,409.84
7252,Hailey Bass,hailey.bass@hotmail.com,UK,2024-05-20,Basic,70.72
7253,Erik Gray,erik.gray@gmail.com,Australia,2023-11-26,Basic,19.0
7254,George Johnson,george.johnson@yahoo.com,France,2024-10-30,Premium,3117.83
7255,Gregory Cameron,gregory.cameron@icloud.com,USA,2025-06-04,Premium,732.7
7256,Robert Miller,robert.miller@hotmail.com,USA,2024-05-20,Standard,417.56
7257,Eric Jones,eric.jones@icloud.com,USA,2025-07-17,Standard,170.52
7258,Robert Hamilton,robert.hamilton@gmail.com,USA,2021-03-26,Standard,439.05
7259,Holly Martin,holly.martin@hotmail.com,UK,2024-06-07,Standard,138.19
7260,Jennifer Reeves,jennifer.reeves@hotmail.com,USA,2024-12-22,Standard,201.38
7261,Nicole Schmidt,nicole.schmidt@icloud.com,Germany,2024-10-18,Standard,105.12
7262,Rachel Vargas,rachel.vargas@icloud.com,USA,2024-04-03,Premium,2017.05
7263,Suzanne Richards,suzanne.richards@protonmail.com,USA,2024-11-10,Basic,77.32
7264,Mark Chavez,mark.chavez@icloud.com,India,2025-04-23,Standard,414.99
7265,Maria Wheeler,maria.wheeler@yahoo.com,UK,2022-10-23,Standard,304.81
7266,Donna Lewis,donna.lewis@protonmail.com,UK,2021-07-05,Standard,303.81
7267,Shane Jackson,shane.jackson@outlook.com,Australia,2020-03-02,Standard,425.09
7268,Mary Wallace,mary.wallace@protonmail.com,UAE,2021-09-18,Basic,86.44
7269,Leslie Obrien,leslie.obrien@protonmail.com,Germany,2024-10-25,Standard,414.17
7270,Sara Yates,sara.yates@outlook.com,USA,2023-10-12,Basic,95.0
7271,Mary Gonzalez,mary.gonzalez@protonmail.com,USA,2023-08-09,Standard,431.17
7272,Kenneth Barton,kenneth.barton@hotmail.com,Singapore,2025-10-20,Standard,208.09
7273,Steven Davis,steven.davis@gmail.com,India,2025-07-26,Standard,391.88
7274,Bonnie Hogan,bonnie.hogan@icloud.com,Canada,2024-02-07,Standard,312.23
7275,David Brown,david.brown@icloud.com,India,2023-01-02,Standard,196.12
7276,Jillian Ferguson,jillian.ferguson@outlook.com,USA,2022-06-27,Standard,222.77
7277,Mercedes Castro,mercedes.castro@outlook.com,UK,2023-10-09,Premium,3368.32
7278,Ralph Banks,ralph.banks@outlook.com,Australia,2023-04-08,Standard,106.83
7279,Jennifer Velasquez,jennifer.velasquez@outlook.com,Brazil,2020-04-03,Premium,2835.83
7280,Brian White,brian.white@gmail.com,USA,2024-10-05,Standard,341.35
7281,Nancy Lindsey,nancy.lindsey@gmail.com,Germany,2023-01-21,Standard,286.61
7282,John Williams,john.williams1@protonmail.com,USA,2022-12-17,Basic,91.36
7283,Michele Stephens,michele.stephens@icloud.com,Netherlands,2024-09-28,Premium,1777.17
7284,Charles Ryan,charles.ryan@hotmail.com,USA,2023-01-09,Premium,2553.65
7285,Christopher Warren,christopher.warren@hotmail.com,India,2022-05-17,Standard,370.34
7286,Clayton Green,clayton.green@yahoo.com,USA,2022-01-26,Premium,4655.2
7287,Ana Clayton,ana.clayton@yahoo.com,Germany,2020-09-26,Standard,488.4
7288,Bradley Henry,bradley.henry@protonmail.com,India,2024-11-12,Premium,2436.03
7289,Mary Taylor,mary.taylor@outlook.com,USA,2023-08-30,Basic,86.11
7290,Kristy Hale,kristy.hale@hotmail.com,France,2020-03-15,Basic,10.87
7291,Christopher Hernandez,christopher.hernandez@outlook.com,Mexico,2025-04-23,Standard,274.98
7292,Scott Henderson,scott.henderson@gmail.com,Japan,2025-08-16,Basic,33.71
7293,Cynthia Miller,cynthia.miller@outlook.com,USA,2023-06-11,Standard,359.47
7294,Kathleen Murray,kathleen.murray@yahoo.com,Canada,2025-10-28,Basic,30.42
7295,Erin Haney,erin.haney@icloud.com,Germany,2023-10-19,Standard,475.68
7296,Matthew Johnson,matthew.johnson@hotmail.com,Germany,2021-05-30,Basic,59.68
7297,Alexander Johnson,alexander.johnson@protonmail.com,UK,2024-01-04,Premium,3695.94
7298,Elizabeth Johnson,elizabeth.johnson@gmail.com,Germany,2022-11-15,Standard,107.99
7299,Lisa Johnson,lisa.johnson@outlook.com,USA,2023-11-04,Basic,23.41
7300,Marcus Todd,marcus.todd@outlook.com,UK,2025-11-04,Standard,316.76
7301,Lindsey Willis,lindsey.willis@hotmail.com,USA,2023-05-16,Standard,476.51
7302,Christopher Lee,christopher.lee@outlook.com,USA,2022-08-12,Premium,673.95
7303,Stephanie Garcia,stephanie.garcia@icloud.com,USA,2021-10-07,Premium,1320.79
7304,Kristen Ryan,kristen.ryan@hotmail.com,USA,2025-12-03,Standard,166.58
7305,Nathan Cobb,nathan.cobb@hotmail.com,Australia,2020-06-27,Standard,309.03
7306,Kaitlyn Jacobs,kaitlyn.jacobs@hotmail.com,Germany,2025-07-25,Standard,313.32
7307,Jennifer Mcneil,jennifer.mcneil@gmail.com,USA,2020-06-09,Basic,74.15
7308,Lawrence Chambers,lawrence.chambers@protonmail.com,Australia,2024-02-26,Premium,4042.72
7309,Laura Gordon,laura.gordon@yahoo.com,Spain,2022-01-14,Basic,85.79
7310,Kelly Carter,kelly.carter@icloud.com,Brazil,2022-10-01,Standard,418.16
7311,Erik Gardner,erik.gardner@protonmail.com,France,2021-04-19,Basic,86.47
7312,Dylan Barnett,dylan.barnett@yahoo.com,UAE,2021-09-10,Basic,97.17
7313,Amber Mitchell,amber.mitchell@gmail.com,Germany,2020-01-08,Basic,81.15
7314,Alexa Tate,alexa.tate@yahoo.com,Singapore,2021-08-16,Premium,4950.67
7315,Edward Holloway,edward.holloway@outlook.com,Netherlands,2024-06-11,Standard,211.86
7316,Keith Howell,keith.howell@gmail.com,USA,2024-11-17,Basic,39.31
7317,Brad Gray,brad.gray@yahoo.com,Brazil,2022-09-14,Basic,39.87
7318,Billy Hamilton,billy.hamilton@yahoo.com,Australia,2024-12-12,Premium,2867.45
7319,Anthony Greene,anthony.greene@protonmail.com,Australia,2024-04-27,Standard,428.97
7320,Aaron Green,aaron.green@protonmail.com,Mexico,2025-01-23,Basic,18.44
7321,John Reed,john.reed@protonmail.com,USA,2023-11-02,Standard,229.37
7322,Matthew Ward,matthew.ward@icloud.com,UK,2023-03-06,Standard,334.86
7323,Zachary Moreno,zachary.moreno@protonmail.com,India,2025-04-03,Basic,98.85
7324,Richard Hart,richard.hart@outlook.com,Canada,2025-10-27,Standard,455.67
7325,Joe Hernandez,joe.hernandez@outlook.com,Brazil,2025-11-01,Premium,4486.37
7326,Joseph Perez,joseph.perez@protonmail.com,Brazil,2024-05-03,Standard,369.36
7327,Marc Stanley,marc.stanley@gmail.com,India,2024-11-27,Standard,374.38
7328,Michael Underwood,michael.underwood@gmail.com,Netherlands,2025-12-30,Standard,446.21
7329,Kristen Bennett,kristen.bennett@outlook.com,USA,2023-01-26,Standard,300.67
7330,Bobby Klein,bobby.klein@yahoo.com,Netherlands,2022-04-11,Standard,450.02
7331,Colleen Brown,colleen.brown@hotmail.com,USA,2025-12-09,Basic,61.0
7332,Jared Ortiz,jared.ortiz@outlook.com,Germany,2025-01-22,Basic,41.2
7333,Melissa Grant,melissa.grant@hotmail.com,USA,2020-03-10,Basic,57.63
7334,Christine Buchanan,christine.buchanan@hotmail.com,Germany,2021-12-26,Standard,237.3
7335,Andre Weber,andre.weber@outlook.com,USA,2025-09-25,Premium,4239.74
7336,Daisy Mays,daisy.mays@hotmail.com,USA,2022-10-31,Basic,23.46
7337,Sandy Lopez,sandy.lopez@hotmail.com,India,2024-03-27,Premium,1504.75
7338,Caleb Adams,caleb.adams@gmail.com,India,2021-04-19,Standard,118.72
7339,Brandon Martinez,brandon.martinez@protonmail.com,USA,2021-07-16,Premium,3834.19
7340,Peter Davenport,peter.davenport@gmail.com,India,2024-04-05,Standard,355.93
7341,David Peters,david.peters@outlook.com,USA,2025-07-19,Standard,139.67
7342,Allison Smith,allison.smith1@protonmail.com,USA,2024-03-28,Standard,196.59
7343,Connie Green,connie.green@hotmail.com,USA,2020-06-27,Standard,351.14
7344,Melody Thompson,melody.thompson@hotmail.com,Germany,2022-04-21,Premium,1072.06
7345,Stacy Jimenez,stacy.jimenez@hotmail.com,Australia,2022-04-09,Standard,116.07
7346,Sarah Black,sarah.black@icloud.com,Germany,2025-10-01,Standard,379.72
7347,Nicholas Gallagher,nicholas.gallagher@gmail.com,France,2023-09-02,Basic,65.6
7348,Allison Brown,allison.brown@hotmail.com,Germany,2025-04-19,Basic,20.39
7349,Joseph Moore,joseph.moore@outlook.com,Australia,2025-08-07,Basic,75.93
7350,Cameron Horton,cameron.horton@yahoo.com,Singapore,2023-10-23,Premium,3769.39
7351,Christine Phillips,christine.phillips@yahoo.com,USA,2020-08-29,Standard,429.76
7352,George Duncan,george.duncan@hotmail.com,USA,2025-10-06,Standard,477.96
7353,Elizabeth Cross,elizabeth.cross@icloud.com,USA,2020-01-03,Standard,158.67
7354,Rickey Moore,rickey.moore@gmail.com,Germany,2025-07-31,Basic,46.1
7355,John Barnes,john.barnes@outlook.com,Germany,2023-05-05,Basic,77.13
7356,Jennifer Richardson,jennifer.richardson@icloud.com,USA,2022-07-15,Standard,310.59
7357,Jessica Rice,jessica.rice@protonmail.com,Brazil,2023-01-19,Standard,284.52
7358,Jason Collins,jason.collins@yahoo.com,Netherlands,2023-08-10,Basic,35.21
7359,Kimberly Miller,kimberly.miller@outlook.com,USA,2024-03-28,Standard,320.25
7360,Morgan Short,morgan.short@yahoo.com,USA,2024-11-29,Basic,20.47
7361,Kelly Hendrix,kelly.hendrix@yahoo.com,USA,2022-04-23,Basic,15.23
7362,Peter Gomez,peter.gomez@protonmail.com,USA,2024-04-29,Premium,3626.78
7363,Karen Todd,karen.todd@icloud.com,Japan,2023-04-27,Basic,45.87
7364,Michelle Williams,michelle.williams@outlook.com,Germany,2025-12-08,Basic,41.24
7365,Richard Perez,richard.perez1@gmail.com,USA,2025-07-16,Basic,94.03
7366,Emma Morgan,emma.morgan@outlook.com,UK,2024-07-05,Premium,1265.69
7367,Felicia Carter,felicia.carter@yahoo.com,USA,2025-02-22,Premium,4545.03
7368,Susan Pruitt,susan.pruitt@yahoo.com,UK,2023-11-20,Standard,200.41
7369,Andrew Miller,andrew.miller@protonmail.com,UK,2021-08-16,Premium,1249.38
7370,Nicholas Jenkins,nicholas.jenkins@hotmail.com,India,2020-03-25,Premium,4642.98
7371,Joshua Roberts,joshua.roberts@protonmail.com,Germany,2025-05-27,Standard,183.41
7372,Barbara Briggs,barbara.briggs@yahoo.com,Brazil,2023-07-11,Premium,4329.52
7373,William Hull,william.hull@yahoo.com,USA,2025-11-01,Basic,69.58
7374,Kelsey Cross,kelsey.cross@yahoo.com,Canada,2023-10-24,Standard,411.82
7375,Micheal Hawkins,micheal.hawkins@yahoo.com,USA,2020-12-18,Premium,3451.28
7376,Vincent White,vincent.white@hotmail.com,USA,2024-08-06,Standard,462.27
7377,Toni Rivera,toni.rivera@yahoo.com,Brazil,2024-05-12,Premium,2717.98
7378,Teresa Owens,teresa.owens@yahoo.com,India,2023-11-10,Premium,4905.35
7379,Marie Brown,marie.brown@outlook.com,USA,2025-06-03,Standard,335.92
7380,Haley Johnson,haley.johnson@yahoo.com,UK,2024-11-02,Standard,307.5
7381,Gloria Brown,gloria.brown@outlook.com,India,2023-05-28,Standard,125.95
7382,Melissa Allen,melissa.allen@outlook.com,Italy,2024-03-18,Standard,232.57
7383,Sabrina Clark,sabrina.clark@yahoo.com,Germany,2022-05-27,Standard,410.48
7384,Kathy Kelly,kathy.kelly@icloud.com,USA,2025-03-02,Standard,128.96
7385,Maria Scott,maria.scott@yahoo.com,UK,2022-08-03,Standard,103.24
7386,Leslie Fletcher,leslie.fletcher@hotmail.com,USA,2024-12-06,Basic,33.04
7387,Ralph Walker,ralph.walker@icloud.com,USA,2023-11-01,Standard,251.81
7388,Donald Garcia,donald.garcia@gmail.com,Germany,2021-12-31,Premium,2755.71
7389,Cody Greene,cody.greene@icloud.com,Australia,2024-12-18,Standard,287.55
7390,Alicia Griffith,alicia.griffith@protonmail.com,USA,2023-09-18,Basic,15.73
7391,Kristin Stephens,kristin.stephens@yahoo.com,Australia,2024-06-11,Premium,1718.54
7392,Catherine Gonzalez,catherine.gonzalez@hotmail.com,India,2024-10-17,Standard,312.97
7393,Brittney Mccoy,brittney.mccoy@icloud.com,Canada,2020-08-22,Basic,32.84
7394,James Robinson,james.robinson@gmail.com,USA,2022-02-12,Premium,3562.54
7395,Richard Morris,richard.morris@hotmail.com,UK,2024-06-10,Basic,47.53
7396,Jeremiah Khan,jeremiah.khan@gmail.com,USA,2023-12-18,Standard,147.3
7397,Melissa Cummings,melissa.cummings@yahoo.com,USA,2023-08-24,Basic,15.42
7398,Stephanie Hull,stephanie.hull@outlook.com,USA,2020-09-07,Basic,60.37
7399,Cheryl Wagner,cheryl.wagner@hotmail.com,USA,2022-09-23,Basic,77.57
7400,Katherine Murphy,katherine.murphy@protonmail.com,USA,2024-02-18,Standard,209.88
7401,Pedro Murray,pedro.murray@gmail.com,USA,2025-04-03,Basic,64.72
7402,Vincent Russell,vincent.russell@outlook.com,Mexico,2024-04-04,Standard,306.35
7403,Angela Shields,angela.shields@outlook.com,Australia,2024-06-10,Standard,334.26
7404,Patricia Smith,patricia.smith@gmail.com,USA,2023-05-09,Basic,93.25
7405,Jack Hoover,jack.hoover@yahoo.com,Netherlands,2024-12-19,Standard,240.35
7406,Wendy Johnson,wendy.johnson@outlook.com,USA,2025-11-30,Basic,81.37
7407,Daniel Osborne,daniel.osborne@hotmail.com,UK,2022-03-24,Premium,3032.64
7408,Daniel Anderson,daniel.anderson@hotmail.com,France,2024-05-18,Standard,420.37
7409,Carla Glass,carla.glass@protonmail.com,UK,2022-11-23,Premium,3300.86
7410,John Bennett,john.bennett@protonmail.com,USA,2020-08-18,Standard,388.5
7411,Thomas Warner,thomas.warner@hotmail.com,USA,2020-06-30,Premium,2617.97
7412,Joseph Campbell,joseph.campbell@icloud.com,UK,2020-07-25,Standard,427.34
7413,Tiffany Wilson,tiffany.wilson@outlook.com,Germany,2022-08-25,Basic,22.96
7414,Jenny Perry,jenny.perry@yahoo.com,UK,2021-02-21,Basic,47.43
7415,Aaron Oliver,aaron.oliver@gmail.com,UK,2021-08-29,Basic,45.2
7416,Jason Richardson,jason.richardson@yahoo.com,USA,2021-05-20,Premium,4529.52
7417,Laura Anderson,laura.anderson@hotmail.com,UK,2020-11-13,Standard,290.26
7418,Brian Collins,brian.collins@outlook.com,USA,2023-09-20,Standard,280.84
7419,Chad Martinez,chad.martinez@outlook.com,Brazil,2025-08-09,Premium,1735.3
7420,Alicia Ingram,alicia.ingram@icloud.com,Canada,2024-07-01,Standard,357.02
7421,Justin Ryan,justin.ryan@yahoo.com,UK,2020-06-10,Basic,78.34
7422,Jeremiah Sanders,jeremiah.sanders@outlook.com,Canada,2023-04-08,Premium,557.95
7423,Thomas Massey,thomas.massey@outlook.com,USA,2023-11-30,Basic,42.49
7424,Brenda Avila,brenda.avila@outlook.com,USA,2021-04-03,Premium,2642.26
7425,Richard Jackson,richard.jackson@hotmail.com,UK,2023-04-02,Premium,3799.6
7426,Jennifer David,jennifer.david@hotmail.com,UK,2023-04-22,Premium,4962.61
7427,Catherine Wagner,catherine.wagner@protonmail.com,Canada,2023-04-11,Basic,42.57
7428,Charles Hayes,charles.hayes@gmail.com,Singapore,2024-07-16,Standard,101.33
7429,Matthew Barnes,matthew.barnes@gmail.com,USA,2023-01-02,Basic,31.04
7430,Christopher Peck,christopher.peck@outlook.com,USA,2020-01-30,Standard,404.03
7431,Heather Mathews,heather.mathews@hotmail.com,Germany,2020-11-15,Basic,47.19
7432,Kelly Stone,kelly.stone@protonmail.com,USA,2025-07-08,Standard,345.1
7433,Richard Burgess,richard.burgess@protonmail.com,USA,2024-02-04,Standard,287.93
7434,Maria Mccoy,maria.mccoy@gmail.com,Singapore,2024-12-17,Basic,28.71
7435,Kimberly Rogers,kimberly.rogers@yahoo.com,France,2025-01-31,Basic,35.25
7436,Travis Foster,travis.foster@yahoo.com,Netherlands,2024-07-19,Standard,447.4
7437,Ryan Gibbs,ryan.gibbs@gmail.com,USA,2020-05-09,Premium,2051.64
7438,Brandon Steele,brandon.steele@protonmail.com,USA,2024-05-05,Basic,85.68
7439,Darren Anderson,darren.anderson@yahoo.com,UK,2021-06-21,Standard,232.55
7440,Kimberly Smith,kimberly.smith@icloud.com,Italy,2024-03-05,Basic,21.3
7441,Bobby Lee,bobby.lee@icloud.com,USA,2023-12-22,Standard,294.57
7442,Veronica Meyer,veronica.meyer@protonmail.com,USA,2020-01-27,Premium,4578.63
7443,James Myers,james.myers@gmail.com,USA,2020-12-15,Standard,194.87
7444,Nicole Davis,nicole.davis@yahoo.com,Canada,2023-04-26,Standard,484.2
7445,Monica Johnson,monica.johnson@icloud.com,Australia,2024-01-06,Standard,229.73
7446,Eric Bryant,eric.bryant@hotmail.com,India,2021-06-06,Basic,79.33
7447,Luke Mcgee,luke.mcgee@yahoo.com,USA,2021-05-15,Standard,235.36
7448,Cory Thompson,cory.thompson@protonmail.com,India,2023-09-24,Standard,439.72
7449,Jeffery Merritt,jeffery.merritt@hotmail.com,UK,2025-02-04,Standard,156.99
7450,Michael Roth,michael.roth@yahoo.com,USA,2025-08-29,Basic,38.29
7451,William White,william.white@yahoo.com,USA,2024-09-01,Basic,25.65
7452,Ashley Washington,ashley.washington@yahoo.com,UK,2023-10-21,Standard,228.57
7453,Melanie Coleman,melanie.coleman@protonmail.com,USA,2023-05-03,Basic,26.1
7454,Anna Barrera,anna.barrera@protonmail.com,Singapore,2022-03-19,Premium,3192.78
7455,Christine Riggs,christine.riggs@hotmail.com,UK,2021-08-01,Standard,429.76
7456,Marie Roberts,marie.roberts@outlook.com,USA,2020-08-18,Basic,48.51
7457,Sylvia Wilson,sylvia.wilson@hotmail.com,India,2025-10-21,Standard,106.64
7458,Kevin Spencer,kevin.spencer@gmail.com,India,2023-09-14,Premium,2944.35
7459,Laura Galloway,laura.galloway@protonmail.com,USA,2020-03-21,Standard,355.0
7460,Kimberly Cooper,kimberly.cooper@icloud.com,Germany,2024-12-27,Standard,238.6
7461,John Roy,john.roy@yahoo.com,USA,2022-08-22,Premium,2477.18
7462,Roberta Doyle,roberta.doyle@yahoo.com,USA,2023-05-24,Premium,1882.23
7463,Allison Russell,allison.russell@protonmail.com,India,2024-03-24,Basic,31.2
7464,Jason Brewer,jason.brewer@icloud.com,Germany,2025-10-10,Premium,1957.04
7465,Christina Martinez,christina.martinez@protonmail.com,USA,2024-07-12,Standard,185.41
7466,Curtis Wood,curtis.wood@outlook.com,USA,2025-03-19,Basic,62.84
7467,Hayley Smith,hayley.smith@outlook.com,UK,2022-08-01,Basic,55.47
7468,Lynn Romero,lynn.romero@gmail.com,USA,2024-09-10,Standard,354.81
7469,Victoria Carpenter,victoria.carpenter@outlook.com,Spain,2025-03-15,Standard,122.2
7470,Calvin Roberts,calvin.roberts@outlook.com,UK,2022-04-09,Premium,2440.61
7471,Audrey Donovan,audrey.donovan@outlook.com,Brazil,2025-03-18,Standard,292.96
7472,Jennifer Chavez,jennifer.chavez@yahoo.com,USA,2025-01-14,Premium,2647.06
7473,Jonathan Aguirre,jonathan.aguirre@gmail.com,France,2024-05-08,Premium,4815.98
7474,Richard Harper,richard.harper@outlook.com,USA,2021-11-16,Premium,4780.03
7475,Ashley Bender,ashley.bender@protonmail.com,USA,2022-08-29,Standard,488.78
7476,Robert Weber,robert.weber@hotmail.com,USA,2024-03-10,Premium,2895.76
7477,Lindsey Kane,lindsey.kane@yahoo.com,USA,2025-09-29,Premium,2670.56
7478,Diane Greer,diane.greer@yahoo.com,Spain,2020-03-19,Basic,68.84
7479,Darlene Malone,darlene.malone@icloud.com,India,2023-12-21,Premium,2854.4
7480,Julie Lowe,julie.lowe@icloud.com,Germany,2022-04-01,Basic,13.65
7481,Kathleen Dickerson,kathleen.dickerson@protonmail.com,UK,2023-02-08,Standard,410.89
7482,Christopher Boyd,christopher.boyd@outlook.com,Germany,2024-06-26,Standard,183.46
7483,Dustin Bowers,dustin.bowers@yahoo.com,India,2024-11-10,Premium,2462.34
7484,Beth Walsh,beth.walsh@icloud.com,France,2024-10-18,Premium,4150.82
7485,Ashley Thomas,ashley.thomas@yahoo.com,Germany,2024-09-19,Basic,97.53
7486,Annette Phillips,annette.phillips@gmail.com,Canada,2024-11-24,Standard,150.18
7487,Kelsey Clay,kelsey.clay@icloud.com,USA,2024-05-05,Premium,4794.11
7488,Ashley Sparks,ashley.sparks@protonmail.com,Singapore,2021-08-28,Standard,277.49
7489,Melissa Ashley,melissa.ashley@gmail.com,USA,2020-11-11,Standard,355.56
7490,Pamela Rodriguez,pamela.rodriguez@hotmail.com,USA,2025-05-16,Premium,1720.61
7491,Mary Roman,mary.roman@protonmail.com,Brazil,2023-11-07,Standard,438.71
7492,Jeffrey Deleon,jeffrey.deleon@icloud.com,USA,2022-12-02,Standard,413.82
7493,Kimberly Jordan,kimberly.jordan@icloud.com,USA,2023-03-09,Standard,255.39
7494,Anne Yu,anne.yu@outlook.com,USA,2024-04-30,Basic,33.21
7495,Brian Dean,brian.dean@hotmail.com,UK,2021-10-18,Standard,149.86
7496,Andrew Grant,andrew.grant@hotmail.com,Italy,2024-06-24,Basic,87.91
7497,Eric Bowman,eric.bowman@yahoo.com,Japan,2021-10-15,Standard,206.95
7498,Stephen Butler,stephen.butler@hotmail.com,UK,2025-01-13,Standard,265.55
7499,Patricia May,patricia.may@protonmail.com,Singapore,2024-08-05,Standard,441.9
7500,Gordon Lewis,gordon.lewis@outlook.com,India,2025-07-12,Standard,206.33
7501,Anna Vang,anna.vang@protonmail.com,Brazil,2024-09-09,Premium,2307.46
7502,Jeremy Lawson,jeremy.lawson@icloud.com,USA,2025-10-29,Basic,12.14
7503,Mark Bates,mark.bates@outlook.com,UK,2023-06-02,Basic,47.99
7504,Rebecca Santos,rebecca.santos@outlook.com,USA,2021-08-03,Standard,243.44
7505,Rachel Meyer,rachel.meyer@protonmail.com,USA,2025-05-27,Standard,393.96
7506,Diane Hoffman,diane.hoffman@yahoo.com,India,2025-03-04,Basic,31.45
7507,Andre Cardenas,andre.cardenas@gmail.com,USA,2025-02-07,Basic,33.19
7508,Justin Smith,justin.smith@outlook.com,Germany,2025-07-04,Standard,175.66
7509,Melvin Russell,melvin.russell@gmail.com,India,2024-01-27,Premium,4983.65
7510,Elizabeth Jarvis,elizabeth.jarvis@hotmail.com,USA,2024-06-15,Standard,432.62
7511,Rachel Knight,rachel.knight@outlook.com,UK,2025-09-27,Premium,1244.49
7512,Ryan Johnson,ryan.johnson@protonmail.com,India,2021-07-06,Standard,327.14
7513,Linda Bowers,linda.bowers@gmail.com,Mexico,2025-02-27,Standard,144.76
7514,Richard Hines,richard.hines@protonmail.com,USA,2025-04-07,Standard,204.51
7515,Amy Thomas,amy.thomas@icloud.com,Singapore,2024-04-11,Premium,1636.05
7516,Donna Davis,donna.davis@protonmail.com,Japan,2023-07-19,Standard,217.76
7517,Andrea Berry,andrea.berry@yahoo.com,India,2024-10-09,Standard,120.95
7518,Melvin Mccoy,melvin.mccoy@hotmail.com,USA,2025-08-15,Standard,408.98
7519,Sandra Robinson,sandra.robinson@gmail.com,India,2021-06-09,Premium,1936.96
7520,Anna Stokes,anna.stokes@icloud.com,France,2022-04-21,Standard,231.12
7521,Corey Rivas,corey.rivas@yahoo.com,USA,2024-02-12,Basic,62.3
7522,Nicole Miranda,nicole.miranda@protonmail.com,UAE,2025-08-16,Standard,255.87
7523,Lindsay Edwards,lindsay.edwards@yahoo.com,Spain,2024-12-15,Standard,464.57
7524,Matthew Bradshaw,matthew.bradshaw@protonmail.com,UK,2024-04-19,Standard,392.94
7525,David Bridges,david.bridges@protonmail.com,India,2021-02-12,Basic,78.2
7526,Kimberly Ross,kimberly.ross@outlook.com,UK,2023-09-26,Standard,242.65
7527,Edward Matthews,edward.matthews@yahoo.com,Canada,2025-05-22,Premium,3137.28
7528,Kendra Atkinson,kendra.atkinson@outlook.com,France,2023-04-13,Premium,3077.31
7529,Joseph Nolan,joseph.nolan@icloud.com,USA,2023-11-20,Premium,2501.77
7530,Melissa Wall,melissa.wall@icloud.com,USA,2023-03-16,Basic,60.22
7531,Frank Goodwin,frank.goodwin@gmail.com,USA,2023-08-27,Standard,310.39
7532,Aaron Contreras,aaron.contreras@yahoo.com,Spain,2023-01-09,Basic,70.24
7533,Willie Burke,willie.burke@yahoo.com,UK,2024-01-14,Basic,47.57
7534,Rebecca Price,rebecca.price@protonmail.com,Mexico,2023-06-01,Basic,86.18
7535,Yesenia Wilson,yesenia.wilson@icloud.com,UK,2024-11-11,Basic,79.75
7536,Tina Hughes,tina.hughes@icloud.com,USA,2023-10-27,Standard,187.52
7537,James Miller,james.miller@hotmail.com,Mexico,2025-09-19,Standard,399.71
7538,James Salazar,james.salazar@protonmail.com,Germany,2021-10-11,Premium,4076.52
7539,Madison Morrow,madison.morrow@icloud.com,USA,2021-03-01,Standard,202.77
7540,Anthony Dougherty,anthony.dougherty@hotmail.com,USA,2023-10-14,Basic,23.26
7541,Nicholas Brown,nicholas.brown@protonmail.com,USA,2025-02-15,Standard,490.81
7542,Deborah Miller,deborah.miller@outlook.com,USA,2024-12-20,Standard,234.69
7543,Crystal Jones,crystal.jones@protonmail.com,USA,2024-01-04,Basic,45.84
7544,Joan Brown,joan.brown@icloud.com,Germany,2023-01-10,Standard,157.37
7545,Ricky Thompson,ricky.thompson@hotmail.com,USA,2022-03-23,Standard,435.69
7546,Crystal Gonzalez,crystal.gonzalez@protonmail.com,USA,2025-05-17,Basic,10.74
7547,Brandi Ramos,brandi.ramos@yahoo.com,USA,2023-08-21,Standard,128.25
7548,Robert Thomas,robert.thomas@protonmail.com,UK,2024-11-23,Standard,198.14
7549,Jessica Walker,jessica.walker@outlook.com,UAE,2025-03-28,Standard,258.82
7550,Joshua Smith,joshua.smith@gmail.com,UK,2024-02-09,Standard,109.26
7551,Tyler Ramos,tyler.ramos@icloud.com,USA,2022-11-30,Standard,445.44
7552,Juan Martin,juan.martin@hotmail.com,Germany,2022-12-01,Premium,3544.88
7553,Jennifer Cole,jennifer.cole@hotmail.com,Spain,2020-01-05,Standard,489.28
7554,Donald Powell,donald.powell@protonmail.com,Australia,2025-09-16,Standard,266.09
7555,Michelle Powers,michelle.powers@outlook.com,Japan,2025-09-25,Premium,3051.84
7556,Caitlyn Cooper,caitlyn.cooper@hotmail.com,Italy,2023-09-03,Standard,429.64
7557,Angela Davis,angela.davis@outlook.com,Germany,2025-12-08,Standard,418.66
7558,Monique Hardy,monique.hardy@gmail.com,UAE,2021-11-23,Standard,327.0
7559,Margaret Livingston,margaret.livingston@icloud.com,USA,2020-05-03,Standard,367.88
7560,Sandra Hendrix,sandra.hendrix@protonmail.com,Japan,2021-07-23,Standard,122.48
7561,Ariana Randolph,ariana.randolph@gmail.com,Japan,2025-07-30,Standard,266.97
7562,Carl Strickland,carl.strickland@hotmail.com,Spain,2021-05-15,Basic,75.2
7563,Andrew Zuniga,andrew.zuniga@hotmail.com,UK,2020-11-19,Standard,178.86
7564,Emily Baker,emily.baker@icloud.com,Australia,2022-10-18,Basic,25.26
7565,Tara Gonzalez,tara.gonzalez@yahoo.com,USA,2023-07-30,Standard,439.28
7566,Shawn Davis,shawn.davis@yahoo.com,Germany,2023-11-27,Standard,223.38
7567,David Velazquez,david.velazquez@gmail.com,USA,2022-10-26,Standard,451.52
7568,Michael Arias,michael.arias@yahoo.com,Germany,2025-03-05,Basic,44.63
7569,James Moon,james.moon@outlook.com,India,2025-10-11,Basic,11.32
7570,Richard Mcdonald,richard.mcdonald@hotmail.com,USA,2022-08-17,Standard,265.86
7571,Sara Marshall,sara.marshall@icloud.com,USA,2025-07-08,Standard,267.35
7572,Jamie Ferrell,jamie.ferrell@yahoo.com,USA,2025-03-13,Basic,41.36
7573,Rebecca Gregory,rebecca.gregory@protonmail.com,India,2025-11-11,Basic,64.99
7574,Christian Martin,christian.martin@icloud.com,India,2020-06-23,Basic,73.54
7575,Noah Robinson,noah.robinson@gmail.com,Canada,2025-03-09,Premium,875.63
7576,Robert Bryan,robert.bryan@protonmail.com,USA,2024-07-19,Premium,551.76
7577,Tiffany Stewart,tiffany.stewart@yahoo.com,France,2020-02-24,Standard,386.82
7578,Taylor Payne,taylor.payne@gmail.com,India,2024-11-25,Basic,35.67
7579,Tiffany Bennett,tiffany.bennett@yahoo.com,USA,2022-05-20,Premium,3564.6
7580,James West,james.west@outlook.com,USA,2025-10-21,Standard,204.08
7581,Patricia Gardner,patricia.gardner@outlook.com,UK,2024-10-29,Standard,489.07
7582,Kurt Watkins,kurt.watkins@gmail.com,USA,2023-02-02,Standard,189.73
7583,Jessica Jackson,jessica.jackson@icloud.com,USA,2020-09-22,Basic,13.3
7584,Beth Williams,beth.williams@outlook.com,USA,2025-04-14,Standard,437.81
7585,Michelle Carter,michelle.carter@icloud.com,USA,2021-09-06,Basic,67.66
7586,Bradley Roth,bradley.roth@hotmail.com,USA,2025-08-12,Standard,300.76
7587,Ryan Mitchell,ryan.mitchell@outlook.com,USA,2024-10-07,Standard,446.12
7588,Brian Hayes,brian.hayes@protonmail.com,France,2020-10-18,Standard,293.08
7589,Evelyn Collier,evelyn.collier@hotmail.com,UK,2024-10-11,Standard,402.14
7590,Raymond Ferguson,raymond.ferguson@icloud.com,UK,2025-06-16,Standard,233.64
7591,Sarah Stein,sarah.stein@protonmail.com,India,2025-05-30,Basic,54.39
7592,Joyce Porter,joyce.porter@outlook.com,Germany,2021-02-23,Standard,187.39
7593,William Herman,william.herman@yahoo.com,USA,2021-02-07,Premium,825.32
7594,Charles Flowers,charles.flowers@gmail.com,USA,2021-07-26,Basic,72.83
7595,Danielle Humphrey,danielle.humphrey@gmail.com,USA,2024-08-12,Premium,3771.06
7596,Patricia Chapman,patricia.chapman@yahoo.com,Germany,2021-05-29,Standard,419.66
7597,Margaret Garcia,margaret.garcia@yahoo.com,UK,2020-09-30,Standard,384.4
7598,James Stone,james.stone@hotmail.com,USA,2023-10-07,Standard,192.58
7599,Terri Jackson,terri.jackson@outlook.com,Germany,2025-07-27,Premium,3987.22
7600,Amy Navarro,amy.navarro@gmail.com,Singapore,2022-02-06,Standard,198.83
7601,Travis Simon,travis.simon@yahoo.com,USA,2024-06-28,Premium,2363.83
7602,Catherine Hall,catherine.hall@outlook.com,UK,2021-11-30,Standard,400.26
7603,Ronald Mckenzie,ronald.mckenzie@icloud.com,UK,2024-01-15,Standard,286.12
7604,Nancy Ryan,nancy.ryan@hotmail.com,India,2024-10-06,Standard,367.6
7605,Nancy Charles,nancy.charles@protonmail.com,India,2025-07-16,Premium,883.38
7606,Gregory Maldonado,gregory.maldonado@icloud.com,India,2024-11-30,Premium,2367.94
7607,Lucas Johnson,lucas.johnson@hotmail.com,USA,2021-02-22,Standard,133.76
7608,Jeremy Christensen,jeremy.christensen@gmail.com,UK,2023-10-14,Standard,345.1
7609,Susan Johnson,susan.johnson@gmail.com,France,2020-04-02,Basic,57.97
7610,Kristen Chapman,kristen.chapman@gmail.com,USA,2022-12-12,Standard,297.25
7611,Jennifer Patterson,jennifer.patterson@hotmail.com,UAE,2025-05-23,Premium,1885.29
7612,Erin Vang,erin.vang@outlook.com,USA,2023-03-08,Standard,464.14
7613,Shawn Graves,shawn.graves@yahoo.com,UK,2025-03-04,Standard,121.85
7614,Richard Hurley,richard.hurley@outlook.com,UK,2020-02-22,Standard,173.0
7615,Joel Sullivan,joel.sullivan@protonmail.com,UK,2025-06-05,Premium,4593.38
7616,Kimberly Thomas,kimberly.thomas@protonmail.com,Japan,2025-02-19,Premium,1157.78
7617,Laura Diaz,laura.diaz@yahoo.com,USA,2024-06-09,Standard,461.51
7618,Aaron Fernandez,aaron.fernandez@protonmail.com,Germany,2021-12-05,Standard,480.33
7619,Christopher Pittman,christopher.pittman@hotmail.com,Germany,2025-02-16,Standard,382.22
7620,Henry Soto,henry.soto@icloud.com,Japan,2025-08-25,Standard,112.19
7621,Mark Moore,mark.moore@hotmail.com,Germany,2022-09-03,Standard,378.79
7622,Victoria Shelton,victoria.shelton@yahoo.com,Netherlands,2025-08-28,Standard,186.28
7623,Donna Smith,donna.smith@hotmail.com,Brazil,2025-05-02,Basic,59.84
7624,Matthew Zhang,matthew.zhang@yahoo.com,USA,2022-02-20,Premium,1214.39
7625,Sharon Mcdaniel,sharon.mcdaniel@icloud.com,Japan,2023-09-13,Premium,1245.69
7626,Richard Hernandez,richard.hernandez@icloud.com,Netherlands,2023-01-07,Basic,26.66
7627,Charles Curtis,charles.curtis@icloud.com,USA,2023-01-28,Premium,1769.76
7628,Sharon Jones,sharon.jones1@outlook.com,Germany,2025-10-05,Standard,414.44
7629,Ashley Murphy,ashley.murphy@outlook.com,USA,2025-01-27,Standard,328.11
7630,Raymond Bryant,raymond.bryant@protonmail.com,India,2021-02-02,Standard,174.83
7631,Brooke Williams,brooke.williams@hotmail.com,USA,2024-10-14,Standard,488.8
7632,Brittany Barton,brittany.barton@yahoo.com,India,2024-04-09,Basic,79.91
7633,Joseph Jordan,joseph.jordan@yahoo.com,UK,2023-05-05,Basic,80.61
7634,Chelsea Roberts,chelsea.roberts@gmail.com,Germany,2024-07-27,Standard,318.53
7635,Amy Smith,amy.smith1@protonmail.com,USA,2024-10-23,Standard,378.47
7636,Eric Mcclain,eric.mcclain@outlook.com,India,2022-12-21,Basic,42.64
7637,Benjamin Rivera,benjamin.rivera@protonmail.com,UK,2023-12-15,Basic,84.49
7638,Austin Jacobs,austin.jacobs@outlook.com,Germany,2025-06-30,Basic,55.07
7639,Jessica Bates,jessica.bates@protonmail.com,USA,2023-11-26,Premium,3143.5
7640,Amy Proctor,amy.proctor@gmail.com,USA,2023-05-04,Standard,116.55
7641,Carmen Holt,carmen.holt@hotmail.com,UK,2025-04-20,Basic,29.56
7642,William Carter,william.carter@gmail.com,Netherlands,2025-02-17,Basic,70.54
7643,David Khan,david.khan@icloud.com,USA,2024-05-24,Standard,137.83
7644,Matthew Moss,matthew.moss@gmail.com,India,2022-04-30,Basic,22.64
7645,William Soto,william.soto@gmail.com,USA,2024-08-07,Standard,270.76
7646,Deborah Campbell,deborah.campbell@outlook.com,India,2024-12-07,Basic,64.79
7647,Shannon Gardner,shannon.gardner@icloud.com,USA,2023-10-07,Standard,234.02
7648,Stephen Patrick,stephen.patrick@protonmail.com,UK,2020-10-03,Basic,76.13
7649,Robin Dominguez,robin.dominguez@gmail.com,USA,2023-12-28,Standard,364.47
7650,Scott Kelly,scott.kelly@gmail.com,USA,2024-12-01,Premium,4401.12
7651,Harold Woodard,harold.woodard@yahoo.com,USA,2025-12-02,Standard,329.27
7652,Richard Myers,richard.myers@icloud.com,USA,2024-03-22,Basic,62.65
7653,James Hammond,james.hammond@gmail.com,UK,2021-12-03,Premium,4878.58
7654,Diane Johnson,diane.johnson@protonmail.com,Singapore,2022-12-12,Standard,276.44
7655,Christina Hill,christina.hill@icloud.com,UK,2024-10-21,Basic,53.97
7656,Kimberly Stuart,kimberly.stuart@outlook.com,Spain,2023-09-10,Basic,48.84
7657,Bryan Burton,bryan.burton@protonmail.com,UK,2020-04-20,Standard,276.77
7658,Teresa Simpson,teresa.simpson@gmail.com,USA,2025-04-23,Basic,48.09
7659,Amanda Cruz,amanda.cruz@icloud.com,USA,2025-09-05,Premium,1403.37
7660,Edward Hanson,edward.hanson@icloud.com,UK,2025-09-05,Standard,129.45
7661,Rose Wagner,rose.wagner@outlook.com,USA,2023-01-01,Standard,193.22
7662,Jennifer Moore,jennifer.moore@outlook.com,Brazil,2025-03-15,Basic,84.98
7663,Mary Flores,mary.flores@protonmail.com,India,2024-10-03,Standard,366.56
7664,Barbara Snyder,barbara.snyder@outlook.com,Germany,2024-09-15,Premium,3483.44
7665,Kara Gibbs,kara.gibbs@hotmail.com,UK,2020-10-29,Standard,313.56
7666,Amanda Maldonado,amanda.maldonado@gmail.com,UK,2021-01-07,Standard,445.33
7667,Aaron Schneider,aaron.schneider@outlook.com,Germany,2022-06-21,Basic,93.56
7668,Faith Sparks,faith.sparks@yahoo.com,USA,2025-11-22,Standard,259.74
7669,Miguel Dominguez,miguel.dominguez@hotmail.com,USA,2024-12-07,Basic,15.27
7670,Nicole Alvarado,nicole.alvarado@yahoo.com,USA,2025-08-30,Standard,372.6
7671,Mindy Campos,mindy.campos@outlook.com,USA,2024-11-03,Basic,52.43
7672,Peter Luna,peter.luna@outlook.com,India,2021-03-29,Basic,13.98
7673,Martin Bryant,martin.bryant@gmail.com,USA,2023-06-20,Standard,281.31
7674,Benjamin Nunez,benjamin.nunez@icloud.com,USA,2021-05-11,Standard,354.57
7675,Gary Yoder,gary.yoder@yahoo.com,Spain,2025-07-13,Basic,20.4
7676,Gregory Francis,gregory.francis@yahoo.com,UAE,2022-01-18,Standard,456.27
7677,Melissa Adams,melissa.adams@gmail.com,UK,2022-09-28,Standard,285.28
7678,Ian Mills,ian.mills@gmail.com,UK,2024-06-30,Premium,1015.05
7679,Steven Long,steven.long@yahoo.com,Canada,2025-04-07,Basic,84.23
7680,Donald Serrano,donald.serrano@yahoo.com,USA,2024-02-16,Standard,141.72
7681,Cheryl Lopez,cheryl.lopez@protonmail.com,UK,2020-07-23,Standard,436.13
7682,John Lynn,john.lynn@icloud.com,USA,2024-05-18,Standard,358.35
7683,Frances Stevenson,frances.stevenson@hotmail.com,UK,2020-11-26,Standard,456.5
7684,Melanie Clarke,melanie.clarke@outlook.com,UAE,2024-06-20,Standard,218.23
7685,Maria Walker,maria.walker@icloud.com,Canada,2024-07-28,Basic,93.18
7686,Shelia Payne,shelia.payne@yahoo.com,UAE,2022-09-06,Standard,482.07
7687,Rachel Armstrong,rachel.armstrong@hotmail.com,Canada,2023-07-31,Basic,11.91
7688,Dakota Sullivan,dakota.sullivan@protonmail.com,Germany,2020-06-12,Basic,91.29
7689,Jose Cohen,jose.cohen@outlook.com,Canada,2022-01-13,Standard,347.2
7690,Sabrina Lopez,sabrina.lopez@hotmail.com,India,2024-05-18,Standard,261.45
7691,Kathleen Bowen,kathleen.bowen@gmail.com,UK,2022-07-27,Basic,47.04
7692,Sarah Thompson,sarah.thompson@outlook.com,USA,2020-12-02,Standard,221.48
7693,Sierra Price,sierra.price@outlook.com,UK,2024-10-04,Standard,136.83
7694,Tanya Jackson,tanya.jackson@icloud.com,USA,2024-05-01,Basic,24.21
7695,Sophia Walker,sophia.walker@protonmail.com,UK,2025-03-22,Basic,60.8
7696,Heather Cooper,heather.cooper1@outlook.com,USA,2025-05-05,Standard,119.5
7697,Cathy Parks,cathy.parks@outlook.com,Germany,2023-11-12,Premium,3539.27
7698,Curtis Dalton,curtis.dalton@yahoo.com,USA,2023-12-15,Standard,420.18
7699,Sheila Rodriguez,sheila.rodriguez@gmail.com,USA,2024-07-23,Basic,51.43
7700,Jennifer Wood,jennifer.wood@icloud.com,UK,2025-12-12,Standard,269.59
7701,Anthony Brewer,anthony.brewer@gmail.com,USA,2023-07-18,Basic,40.04
7702,April Huber,april.huber@outlook.com,Singapore,2025-04-13,Standard,438.22
7703,Stefanie Hansen,stefanie.hansen@icloud.com,UK,2024-03-31,Standard,157.62
7704,Alexis Flores,alexis.flores@yahoo.com,USA,2022-09-23,Standard,436.46
7705,Tony Frazier,tony.frazier@hotmail.com,USA,2025-12-05,Standard,366.81
7706,Mallory Walker,mallory.walker@gmail.com,Japan,2021-05-08,Basic,55.96
7707,James Fuller,james.fuller@yahoo.com,Germany,2025-03-09,Premium,1454.46
7708,David Leonard,david.leonard@icloud.com,UK,2023-11-24,Basic,86.4
7709,William Ray,william.ray@icloud.com,USA,2024-04-12,Standard,252.17
7710,Sara Wilson,sara.wilson@gmail.com,Canada,2024-12-16,Basic,45.28
7711,Timothy Washington,timothy.washington@hotmail.com,Netherlands,2021-04-30,Basic,28.06
7712,Brandon Boyd,brandon.boyd@gmail.com,USA,2024-05-29,Standard,245.45
7713,Janet Perkins,janet.perkins@icloud.com,USA,2022-09-26,Basic,41.23
7714,Joseph Johnson,joseph.johnson@outlook.com,USA,2023-06-17,Standard,228.54
7715,Mary Clark,mary.clark@icloud.com,USA,2021-04-27,Standard,200.49
7716,Kyle Nguyen,kyle.nguyen@gmail.com,Canada,2025-07-01,Basic,48.61
7717,Shawn Murphy,shawn.murphy@icloud.com,UAE,2025-01-22,Basic,93.75
7718,Mark Rodriguez,mark.rodriguez@hotmail.com,UAE,2021-05-08,Standard,403.02
7719,Jessica Diaz,jessica.diaz@protonmail.com,Australia,2025-11-28,Basic,11.03
7720,Olivia Roth,olivia.roth@outlook.com,USA,2025-02-15,Standard,176.22
7721,Thomas Singleton,thomas.singleton@icloud.com,Singapore,2021-11-20,Standard,318.27
7722,Alice Allen,alice.allen@protonmail.com,USA,2025-04-24,Premium,698.53
7723,Ronald York,ronald.york@hotmail.com,USA,2020-01-13,Standard,331.01
7724,Brandon Moyer,brandon.moyer@protonmail.com,India,2025-09-14,Standard,254.23
7725,Joseph Bradford,joseph.bradford@outlook.com,USA,2024-04-15,Standard,422.62
7726,Heidi Schneider,heidi.schneider@hotmail.com,France,2025-11-12,Standard,253.39
7727,Daniel Clements,daniel.clements@gmail.com,UAE,2023-10-01,Premium,4412.54
7728,Laura Johnson,laura.johnson@yahoo.com,Australia,2023-05-19,Standard,164.29
7729,Michael Bryant,michael.bryant@protonmail.com,Australia,2025-05-15,Basic,15.6
7730,Christina Gould,christina.gould@outlook.com,USA,2024-01-14,Premium,4212.03
7731,David Vargas,david.vargas@protonmail.com,USA,2024-11-08,Basic,68.26
7732,Thomas Brown,thomas.brown@protonmail.com,Australia,2024-11-09,Basic,94.19
7733,Jessica Anderson,jessica.anderson1@yahoo.com,Germany,2024-09-08,Standard,464.66
7734,Timothy Nelson,timothy.nelson@protonmail.com,Spain,2020-12-02,Basic,34.7
7735,David Kirk,david.kirk@outlook.com,USA,2021-12-13,Basic,98.55
7736,Alison Gates,alison.gates@protonmail.com,USA,2022-04-13,Premium,3323.54
7737,Michael Martin,michael.martin@icloud.com,USA,2021-03-22,Standard,257.5
7738,Derrick Rivera,derrick.rivera@icloud.com,India,2025-08-16,Standard,114.98
7739,Lisa Pacheco,lisa.pacheco@protonmail.com,Australia,2023-08-24,Standard,294.42
7740,Ronnie Brown,ronnie.brown@yahoo.com,Singapore,2023-02-15,Standard,373.84
7741,Mark Mejia,mark.mejia@icloud.com,USA,2021-12-11,Basic,10.2
7742,William Sparks,william.sparks@outlook.com,UK,2025-06-09,Basic,21.35
7743,Shannon Ramos,shannon.ramos@protonmail.com,USA,2020-03-16,Basic,54.24
7744,Kenneth Jackson,kenneth.jackson@protonmail.com,USA,2021-04-17,Basic,68.42
7745,Trevor Morgan,trevor.morgan@yahoo.com,USA,2025-04-07,Standard,410.5
7746,Matthew Yang,matthew.yang@icloud.com,Germany,2021-03-08,Premium,4582.61
7747,Elizabeth Weaver,elizabeth.weaver@protonmail.com,UK,2025-05-27,Premium,749.57
7748,Matthew Chapman,matthew.chapman@hotmail.com,USA,2023-02-06,Standard,313.18
7749,Tamara Hogan,tamara.hogan@protonmail.com,Germany,2024-11-29,Basic,56.38
7750,Logan Marquez,logan.marquez@hotmail.com,France,2020-06-13,Premium,3977.6
7751,Christina Thompson,christina.thompson@outlook.com,USA,2023-03-24,Standard,370.66
7752,David Rubio,david.rubio@outlook.com,USA,2023-03-21,Standard,438.13
7753,Renee Ponce,renee.ponce@yahoo.com,India,2024-11-18,Standard,177.83
7754,Lisa Patterson,lisa.patterson@gmail.com,Australia,2025-02-22,Standard,389.34
7755,Martin Taylor,martin.taylor@hotmail.com,France,2022-08-27,Standard,348.66
7756,Melissa Khan,melissa.khan@hotmail.com,USA,2024-07-05,Premium,1080.77
7757,Brad Solis,brad.solis@outlook.com,Germany,2021-09-20,Standard,164.93
7758,Nathan Hall,nathan.hall@icloud.com,Mexico,2025-07-18,Standard,238.65
7759,Deborah Hall,deborah.hall@protonmail.com,USA,2025-05-02,Basic,84.9
7760,Susan Anderson,susan.anderson@yahoo.com,UK,2020-06-15,Standard,297.38
7761,Natalie Ware,natalie.ware@yahoo.com,UAE,2020-11-24,Standard,323.38
7762,Margaret Lloyd,margaret.lloyd@hotmail.com,USA,2025-10-20,Standard,445.15
7763,Miranda Jones,miranda.jones@yahoo.com,India,2025-09-11,Standard,157.61
7764,Adam Morgan,adam.morgan@hotmail.com,Japan,2024-02-13,Standard,273.69
7765,Arthur Harris,arthur.harris@outlook.com,USA,2023-01-24,Premium,1853.23
7766,Cynthia Peters,cynthia.peters@icloud.com,India,2024-03-17,Basic,13.48
7767,Ian Garcia,ian.garcia@protonmail.com,UK,2022-05-26,Basic,32.42
7768,Kevin Rosales,kevin.rosales@gmail.com,Japan,2025-02-07,Standard,392.12
7769,Alicia Reyes,alicia.reyes@hotmail.com,Spain,2025-11-30,Standard,348.3
7770,Brenda Carney,brenda.carney@hotmail.com,Brazil,2025-12-06,Premium,1249.07
7771,Tracy Porter,tracy.porter@hotmail.com,USA,2025-10-08,Premium,2338.73
7772,Melissa Mooney,melissa.mooney@hotmail.com,Canada,2025-06-28,Premium,3489.28
7773,Jeffrey Cole,jeffrey.cole@hotmail.com,Spain,2020-10-13,Basic,15.38
7774,Dana Alexander,dana.alexander@protonmail.com,Germany,2025-05-22,Standard,405.99
7775,Stacy Day,stacy.day@hotmail.com,Germany,2022-07-15,Premium,2037.61
7776,Edward Smith,edward.smith@yahoo.com,USA,2023-01-15,Premium,533.13
7777,Michael Robertson,michael.robertson@outlook.com,Japan,2023-06-05,Premium,2676.16
7778,Joanne Jackson,joanne.jackson@gmail.com,USA,2022-03-25,Standard,419.85
7779,Miguel Clark,miguel.clark@gmail.com,USA,2023-09-22,Standard,175.27
7780,Susan Fox,susan.fox@gmail.com,Italy,2024-03-09,Standard,445.94
7781,Linda Thompson,linda.thompson@gmail.com,Netherlands,2021-12-02,Standard,493.82
7782,Amy Velasquez,amy.velasquez@icloud.com,UAE,2023-09-08,Standard,471.57
7783,Jillian Lee,jillian.lee@outlook.com,UK,2023-02-24,Basic,24.01
7784,Bryan Gonzalez,bryan.gonzalez@yahoo.com,USA,2024-01-16,Standard,315.41
7785,Douglas Randall,douglas.randall@hotmail.com,UK,2024-03-21,Standard,327.52
7786,Adrian Torres,adrian.torres@yahoo.com,USA,2024-01-03,Basic,57.61
7787,Christopher Bennett,christopher.bennett@yahoo.com,Brazil,2025-11-21,Standard,390.37
7788,Alan Davis,alan.davis@gmail.com,Germany,2024-05-14,Standard,127.3
7789,John Baker,john.baker@outlook.com,UK,2022-03-31,Standard,301.34
7790,Ethan Robbins,ethan.robbins@protonmail.com,USA,2024-04-04,Premium,3993.77
7791,Steven Johnson,steven.johnson@outlook.com,UK,2023-12-08,Premium,1292.98
7792,Frederick Ruiz,frederick.ruiz@icloud.com,Brazil,2020-01-03,Basic,17.57
7793,April Miller,april.miller@icloud.com,India,2025-10-21,Standard,121.48
7794,Stephen Buchanan,stephen.buchanan@protonmail.com,USA,2021-09-30,Premium,2323.44
7795,Rachel Castillo,rachel.castillo@hotmail.com,USA,2025-06-05,Premium,3788.47
7796,Manuel Francis,manuel.francis@yahoo.com,UK,2020-04-27,Standard,424.2
7797,Michael Burton,michael.burton@gmail.com,USA,2024-02-04,Standard,387.46
7798,Timothy Gray,timothy.gray@yahoo.com,Italy,2022-11-26,Standard,165.7
7799,Michelle Mcmahon,michelle.mcmahon@hotmail.com,India,2025-07-22,Standard,356.39
7800,Mark Montgomery,mark.montgomery@protonmail.com,USA,2025-02-18,Basic,58.89
7801,William Rowe,william.rowe@protonmail.com,Australia,2020-04-02,Basic,77.82
7802,Elizabeth Chavez,elizabeth.chavez@outlook.com,USA,2020-07-26,Basic,46.95
7803,Rachel Spencer,rachel.spencer@hotmail.com,USA,2024-09-28,Basic,75.86
7804,Jessica Long,jessica.long@hotmail.com,Germany,2021-03-18,Basic,12.31
7805,Andrea White,andrea.white@hotmail.com,USA,2020-03-31,Basic,89.43
7806,Scott Martinez,scott.martinez@hotmail.com,UK,2025-05-25,Standard,180.58
7807,Taylor Brown,taylor.brown@gmail.com,Japan,2024-05-15,Standard,253.26
7808,Grace Gonzalez,grace.gonzalez@gmail.com,Italy,2020-06-15,Premium,2525.13
7809,Kristin Chandler,kristin.chandler@outlook.com,USA,2023-04-19,Standard,219.79
7810,Sara Rios,sara.rios@protonmail.com,India,2021-10-19,Standard,365.21
7811,Tammy Frye,tammy.frye@yahoo.com,USA,2025-09-05,Premium,1357.33
7812,Sara Nguyen,sara.nguyen@protonmail.com,Germany,2020-12-29,Basic,17.82
7813,Gerald Ray,gerald.ray@outlook.com,USA,2023-09-07,Basic,76.91
7814,Ashley Mendez,ashley.mendez@icloud.com,Germany,2022-04-08,Standard,130.84
7815,Joyce Keith,joyce.keith@gmail.com,USA,2025-09-27,Standard,326.23
7816,Stephanie Oconnor,stephanie.oconnor@icloud.com,Netherlands,2020-12-19,Premium,3774.59
7817,Lauren Sandoval,lauren.sandoval@hotmail.com,Mexico,2024-12-06,Standard,353.72
7818,Brenda Bowman,brenda.bowman@protonmail.com,USA,2023-07-01,Premium,4751.31
7819,Joel Pierce,joel.pierce@gmail.com,Australia,2025-10-26,Standard,114.02
7820,Joel Jackson,joel.jackson@outlook.com,USA,2022-08-01,Standard,159.77
7821,Denise Park,denise.park@yahoo.com,Canada,2025-12-13,Standard,370.35
7822,John Lane,john.lane@hotmail.com,USA,2025-06-14,Standard,483.95
7823,Patricia Harris,patricia.harris@hotmail.com,USA,2022-05-03,Standard,277.66
7824,Angela Parker,angela.parker@protonmail.com,India,2022-05-26,Standard,152.75
7825,Robert Burns,robert.burns@yahoo.com,UK,2025-02-24,Basic,63.19
7826,Deanna Mclaughlin,deanna.mclaughlin@outlook.com,UK,2023-01-26,Premium,4689.87
7827,Nicole Robinson,nicole.robinson@protonmail.com,UK,2025-04-30,Basic,38.89
7828,Lindsey Roberts,lindsey.roberts@protonmail.com,USA,2025-02-20,Premium,2079.29
7829,Sheri Duncan,sheri.duncan@yahoo.com,USA,2022-09-10,Standard,482.93
7830,Jose King,jose.king@protonmail.com,Germany,2021-03-12,Basic,25.98
7831,Lisa Hampton,lisa.hampton@icloud.com,Germany,2023-02-20,Basic,61.66
7832,Cheryl Hardy,cheryl.hardy@icloud.com,USA,2024-02-12,Standard,135.25
7833,Henry Griffin,henry.griffin@gmail.com,USA,2023-09-29,Basic,81.39
7834,Mallory Valencia,mallory.valencia@gmail.com,Germany,2024-04-25,Standard,332.59
7835,Scott Lopez,scott.lopez@hotmail.com,India,2024-09-28,Basic,14.41
7836,Grant Jones,grant.jones@protonmail.com,France,2025-08-20,Premium,1787.89
7837,Brian Wright,brian.wright@outlook.com,UK,2021-05-30,Basic,42.06
7838,Rachel Mcdonald,rachel.mcdonald@hotmail.com,Germany,2023-09-20,Basic,52.19
7839,Alison Jimenez,alison.jimenez@yahoo.com,Germany,2020-10-05,Basic,38.35
7840,Daniel Henry,daniel.henry@hotmail.com,USA,2021-07-17,Basic,91.63
7841,Paula Murphy,paula.murphy@gmail.com,USA,2023-06-09,Standard,330.52
7842,Bethany Grant,bethany.grant@outlook.com,USA,2025-09-02,Standard,464.92
7843,Robyn Sanchez,robyn.sanchez@gmail.com,Japan,2023-08-21,Standard,344.96
7844,Edward Burnett,edward.burnett@protonmail.com,USA,2022-11-01,Basic,99.26
7845,Karen Garcia,karen.garcia@icloud.com,Germany,2024-11-25,Standard,149.95
7846,Laura Sanders,laura.sanders@protonmail.com,Germany,2024-09-04,Standard,231.43
7847,Krystal Roy,krystal.roy@hotmail.com,UK,2023-06-01,Basic,68.08
7848,Amy Thompson,amy.thompson@yahoo.com,Japan,2022-02-22,Premium,3617.05
7849,Nicole Baker,nicole.baker@icloud.com,India,2022-04-18,Basic,83.73
7850,Angela Obrien,angela.obrien@outlook.com,USA,2022-05-16,Basic,14.5
7851,Shelby Dyer,shelby.dyer@icloud.com,Australia,2023-08-07,Standard,399.91
7852,April Hunter,april.hunter@yahoo.com,UK,2021-08-14,Premium,4004.52
7853,Ashley Bailey,ashley.bailey@outlook.com,USA,2024-10-21,Basic,13.8
7854,Jason Singh,jason.singh@hotmail.com,India,2025-01-01,Premium,1509.4
7855,Janet Watson,janet.watson@protonmail.com,India,2022-03-24,Basic,60.67
7856,Willie Lopez,willie.lopez@gmail.com,USA,2022-03-25,Premium,2141.81
7857,Dana Foster,dana.foster@icloud.com,UAE,2025-06-15,Standard,340.33
7858,Bruce Monroe,bruce.monroe@gmail.com,India,2024-12-30,Premium,3598.28
7859,Karen Bright,karen.bright@gmail.com,Germany,2024-04-07,Basic,41.57
7860,Kayla Harris,kayla.harris@gmail.com,USA,2025-01-16,Standard,267.81
7861,Joshua Turner,joshua.turner@yahoo.com,USA,2024-08-03,Basic,95.45
7862,Sandra Brewer,sandra.brewer@protonmail.com,UK,2024-04-08,Basic,31.92
7863,Lisa Wyatt,lisa.wyatt@yahoo.com,Germany,2023-01-07,Standard,329.87
7864,Audrey Rodriguez,audrey.rodriguez@yahoo.com,UK,2025-12-30,Standard,248.44
7865,Carl Conley,carl.conley@outlook.com,Canada,2024-07-01,Premium,762.07
7866,Frank Clark,frank.clark@outlook.com,USA,2020-07-28,Basic,28.91
7867,Jessica Roach,jessica.roach@hotmail.com,India,2024-01-06,Standard,373.54
7868,Mikayla Johnson,mikayla.johnson@protonmail.com,France,2021-02-23,Basic,19.1
7869,Edward Ray,edward.ray@icloud.com,Canada,2024-03-24,Basic,22.38
7870,Kimberly Blair,kimberly.blair@icloud.com,Canada,2021-08-16,Standard,206.83
7871,Brenda Bailey,brenda.bailey@outlook.com,Mexico,2024-09-02,Standard,318.39
7872,Andrew Turner,andrew.turner@icloud.com,USA,2023-05-10,Basic,27.41
7873,Timothy Valdez,timothy.valdez@icloud.com,India,2024-09-03,Basic,57.2
7874,Jessica Lee,jessica.lee@hotmail.com,Singapore,2024-09-20,Standard,302.45
7875,Cheryl Gonzalez,cheryl.gonzalez@icloud.com,Germany,2022-10-20,Standard,319.9
7876,Adam Perry,adam.perry@icloud.com,USA,2022-10-24,Standard,319.89
7877,Theodore Clark,theodore.clark@yahoo.com,UAE,2023-12-18,Standard,441.28
7878,Brittney Davis,brittney.davis@outlook.com,USA,2024-04-03,Basic,75.53
7879,Tammy Thomas,tammy.thomas@yahoo.com,USA,2025-02-18,Standard,464.44
7880,Brandon Hernandez,brandon.hernandez@protonmail.com,USA,2023-05-07,Basic,52.97
7881,Edward Clark,edward.clark@outlook.com,UK,2024-01-08,Premium,4404.31
7882,David Mcdaniel,david.mcdaniel@protonmail.com,UK,2025-12-13,Basic,52.35
7883,Isabella Stevens,isabella.stevens@gmail.com,UK,2024-03-09,Standard,377.52
7884,Steven Keller,steven.keller@protonmail.com,Italy,2023-04-19,Basic,96.4
7885,Brian Obrien,brian.obrien@protonmail.com,UK,2023-04-24,Premium,3090.75
7886,Julie Davis,julie.davis@protonmail.com,UK,2025-01-19,Basic,99.08
7887,Daniel Powell,daniel.powell@protonmail.com,Mexico,2023-07-30,Standard,490.13
7888,David White,david.white@gmail.com,France,2022-04-20,Standard,310.86
7889,David Griffith,david.griffith@yahoo.com,USA,2024-01-07,Standard,408.33
7890,Sean Sharp,sean.sharp@icloud.com,USA,2022-03-02,Standard,270.13
7891,Dorothy Schaefer,dorothy.schaefer@icloud.com,Germany,2024-09-02,Standard,132.85
7892,Kathleen Randolph,kathleen.randolph@hotmail.com,Japan,2025-10-14,Premium,4126.08
7893,James Dean,james.dean@hotmail.com,Germany,2025-07-13,Standard,341.98
7894,Jessica Johnson,jessica.johnson@protonmail.com,USA,2024-02-04,Standard,279.52
7895,Ashley Reynolds,ashley.reynolds@yahoo.com,Canada,2025-11-04,Standard,135.73
7896,Matthew Herrera,matthew.herrera@icloud.com,India,2025-12-27,Basic,53.73
7897,Donna Gibson,donna.gibson@yahoo.com,Germany,2025-01-05,Standard,235.96
7898,Natalie Shepherd,natalie.shepherd@protonmail.com,Brazil,2025-07-02,Premium,4815.45
7899,Kimberly Garcia,kimberly.garcia@hotmail.com,Australia,2025-09-15,Basic,62.29
7900,Kathy Campbell,kathy.campbell@yahoo.com,India,2022-12-19,Standard,217.99
7901,Craig Mitchell,craig.mitchell@outlook.com,India,2021-05-19,Standard,407.29
7902,Kristine Vega,kristine.vega@icloud.com,India,2020-08-05,Basic,29.71
7903,Colleen Taylor,colleen.taylor@icloud.com,UK,2024-10-01,Basic,34.05
7904,Matthew Smith,matthew.smith@outlook.com,UK,2025-07-23,Standard,442.5
7905,Elizabeth Hendrix,elizabeth.hendrix@icloud.com,India,2025-04-11,Standard,404.47
7906,Edward Mitchell,edward.mitchell@hotmail.com,Germany,2025-11-11,Basic,38.54
7907,David Larsen,david.larsen@protonmail.com,UK,2025-03-13,Basic,87.92
7908,Brittany Haynes,brittany.haynes@outlook.com,USA,2024-06-19,Premium,1901.1
7909,Michael Ponce,michael.ponce@outlook.com,India,2023-01-04,Standard,177.6
7910,Jennifer Franco,jennifer.franco@yahoo.com,India,2024-07-06,Basic,84.61
7911,Cameron Harmon,cameron.harmon@outlook.com,USA,2020-07-02,Basic,34.88
7912,Diana Trujillo,diana.trujillo@yahoo.com,USA,2025-12-06,Premium,2161.58
7913,Jason Estrada,jason.estrada@yahoo.com,USA,2024-02-29,Standard,478.14
7914,Caitlyn Anderson,caitlyn.anderson@hotmail.com,Singapore,2021-05-25,Standard,292.96
7915,Heather Crawford,heather.crawford@yahoo.com,Japan,2024-10-30,Standard,215.1
7916,Andre Davis,andre.davis@protonmail.com,Germany,2024-07-12,Standard,446.51
7917,Tanya Wilson,tanya.wilson@gmail.com,UK,2025-04-04,Standard,457.72
7918,Joshua Coleman,joshua.coleman@protonmail.com,Canada,2025-03-11,Standard,441.76
7919,Michael Nguyen,michael.nguyen@hotmail.com,UK,2022-05-24,Standard,319.26
7920,Michael Parker,michael.parker@gmail.com,Singapore,2025-07-21,Basic,28.44
7921,Sandra Lewis,sandra.lewis@gmail.com,USA,2022-03-05,Basic,74.03
7922,Anthony David,anthony.david@outlook.com,USA,2023-10-29,Basic,22.32
7923,Pamela Osborne,pamela.osborne@yahoo.com,Germany,2023-10-02,Basic,39.42
7924,Anthony Branch,anthony.branch@hotmail.com,USA,2025-08-05,Basic,58.12
7925,Sarah Henderson,sarah.henderson@gmail.com,Germany,2025-09-29,Standard,316.77
7926,Michael Martin,michael.martin@hotmail.com,Australia,2020-02-04,Premium,1756.41
7927,Jerry Simpson,jerry.simpson@yahoo.com,USA,2024-05-25,Basic,61.48
7928,Bruce George,bruce.george@gmail.com,UK,2025-03-03,Standard,234.97
7929,Bryan Higgins,bryan.higgins@outlook.com,India,2025-01-24,Standard,229.03
7930,Tamara Reynolds,tamara.reynolds@gmail.com,Japan,2022-07-06,Basic,94.28
7931,Michelle Johnson,michelle.johnson@gmail.com,UK,2021-03-06,Standard,111.05
7932,Jeremy Martinez,jeremy.martinez@hotmail.com,USA,2023-05-18,Basic,64.68
7933,Juan Santos,juan.santos@gmail.com,Germany,2025-08-10,Standard,238.22
7934,Rachel Peterson,rachel.peterson@hotmail.com,UK,2022-01-14,Premium,4635.1
7935,Jose Shields,jose.shields@yahoo.com,Canada,2024-07-02,Basic,79.89
7936,Maria Cohen,maria.cohen@yahoo.com,Germany,2025-05-25,Basic,84.83
7937,Dawn Walker,dawn.walker@hotmail.com,USA,2023-10-14,Standard,138.12
7938,Jennifer Mitchell,jennifer.mitchell@protonmail.com,Canada,2024-01-19,Standard,159.8
7939,John Martinez,john.martinez@hotmail.com,UK,2025-10-28,Standard,207.81
7940,Christina Velez,christina.velez@gmail.com,USA,2023-05-25,Standard,331.35
7941,Richard Crawford,richard.crawford@outlook.com,Germany,2022-08-26,Premium,2418.61
7942,Robin Bowman,robin.bowman@gmail.com,Netherlands,2022-06-13,Premium,1976.59
7943,Miguel Orozco,miguel.orozco@yahoo.com,India,2024-02-04,Standard,159.33
7944,Kyle Brown,kyle.brown@outlook.com,USA,2021-11-21,Standard,489.94
7945,Scott Rhodes,scott.rhodes@gmail.com,India,2021-10-29,Premium,1876.09
7946,Whitney Watson,whitney.watson@outlook.com,USA,2022-03-07,Standard,303.68
7947,Ronald Thompson,ronald.thompson@yahoo.com,Germany,2024-02-04,Standard,465.99
7948,John Mendoza,john.mendoza@outlook.com,UK,2025-10-08,Standard,489.45
7949,Daniel Copeland,daniel.copeland@hotmail.com,USA,2024-11-09,Basic,46.79
7950,John Hamilton,john.hamilton@gmail.com,USA,2025-04-25,Basic,85.08
7951,Daniel Peters,daniel.peters@hotmail.com,Netherlands,2025-08-03,Basic,89.08
7952,Kayla Robles,kayla.robles@icloud.com,USA,2024-04-29,Premium,2959.1
7953,Willie Williams,willie.williams@protonmail.com,Australia,2024-06-18,Basic,26.49
7954,Anthony Pruitt,anthony.pruitt@gmail.com,India,2020-07-17,Premium,875.32
7955,Laura Spencer,laura.spencer@protonmail.com,UK,2023-05-17,Standard,313.37
7956,Craig Ross,craig.ross@protonmail.com,USA,2022-02-23,Basic,77.83
7957,Kathryn Davis,kathryn.davis@icloud.com,USA,2024-03-10,Standard,391.42
7958,Evan Black,evan.black@yahoo.com,USA,2025-01-09,Basic,72.0
7959,Amy Black,amy.black@outlook.com,Germany,2023-05-27,Basic,81.11
7960,Lisa Santiago,lisa.santiago@hotmail.com,Singapore,2021-07-25,Standard,252.02
7961,Seth Hernandez,seth.hernandez@hotmail.com,Brazil,2025-08-31,Premium,2245.58
7962,Anthony Cortez,anthony.cortez@icloud.com,USA,2025-05-11,Basic,48.31
7963,Terri Bush,terri.bush@protonmail.com,USA,2025-09-17,Standard,345.98
7964,Steven Gonzalez,steven.gonzalez@yahoo.com,USA,2021-12-01,Premium,501.68
7965,Brad Chavez,brad.chavez@yahoo.com,Singapore,2024-02-28,Premium,2723.09
7966,John Murray,john.murray@icloud.com,USA,2023-09-02,Basic,18.07
7967,Jermaine Miller,jermaine.miller@hotmail.com,USA,2024-04-17,Standard,495.43
7968,Brandon Berg,brandon.berg@gmail.com,Germany,2024-04-29,Basic,44.21
7969,Michael Schmidt,michael.schmidt@gmail.com,Germany,2025-03-29,Standard,106.98
7970,Joshua Evans,joshua.evans@gmail.com,USA,2022-04-15,Standard,164.42
7971,Laurie Thompson,laurie.thompson@hotmail.com,India,2025-05-20,Standard,192.98
7972,Jane Johnson,jane.johnson@protonmail.com,USA,2022-05-28,Basic,34.25
7973,Annette White,annette.white@yahoo.com,USA,2021-12-01,Standard,216.55
7974,Amanda Rice,amanda.rice@yahoo.com,USA,2025-03-10,Premium,3929.15
7975,Michael Simmons,michael.simmons@protonmail.com,USA,2023-10-24,Standard,325.2
7976,Ruben King,ruben.king@hotmail.com,Singapore,2023-05-06,Basic,85.08
7977,Anthony Martinez,anthony.martinez@outlook.com,Germany,2022-09-02,Standard,252.41
7978,Adam Gonzalez,adam.gonzalez@gmail.com,Canada,2020-05-23,Standard,100.98
7979,Emily Brennan,emily.brennan@yahoo.com,USA,2022-01-22,Standard,153.93
7980,James Powell,james.powell@yahoo.com,India,2024-03-31,Standard,470.43
7981,Lynn Calhoun,lynn.calhoun@outlook.com,Singapore,2022-10-27,Basic,13.67
7982,Scott King,scott.king@yahoo.com,USA,2025-01-06,Premium,3137.02
7983,Samuel Long,samuel.long@gmail.com,UAE,2025-05-18,Basic,82.16
7984,Madeline Miller,madeline.miller@outlook.com,India,2025-12-22,Basic,54.48
7985,Brenda Warren,brenda.warren@outlook.com,Canada,2025-03-06,Standard,457.11
7986,Mariah Lyons,mariah.lyons@protonmail.com,USA,2024-06-03,Basic,47.54
7987,Thomas Johnson,thomas.johnson1@gmail.com,India,2023-09-14,Standard,247.97
7988,Tina Powell,tina.powell@gmail.com,UK,2025-03-27,Standard,396.68
7989,Ronald Collins,ronald.collins@outlook.com,Netherlands,2023-03-09,Premium,676.72
7990,Mark Lawrence,mark.lawrence@outlook.com,Spain,2021-07-01,Basic,13.05
7991,Kari Pope,kari.pope@hotmail.com,UK,2024-10-16,Standard,490.96
7992,Brent Chapman,brent.chapman@icloud.com,Netherlands,2021-12-13,Basic,23.4
7993,Elizabeth Martinez,elizabeth.martinez@gmail.com,Mexico,2024-12-07,Standard,144.73
7994,Johnny Smith,johnny.smith@icloud.com,Germany,2025-05-10,Standard,133.73
7995,Diana Richards,diana.richards@outlook.com,USA,2024-10-28,Basic,30.14
7996,Amy David,amy.david@gmail.com,USA,2022-08-31,Standard,405.08
7997,Carlos Espinoza,carlos.espinoza@gmail.com,USA,2021-05-19,Premium,4051.79
7998,Katherine Hodge,katherine.hodge@yahoo.com,USA,2023-04-29,Basic,23.34
7999,Crystal Adams,crystal.adams@icloud.com,Singapore,2021-06-17,Standard,384.13
8000,Aaron Wright,aaron.wright@hotmail.com,USA,2024-01-15,Basic,82.56
8001,Whitney Jones,whitney.jones@protonmail.com,India,2025-04-04,Basic,71.31
8002,Kristen Williams,kristen.williams@protonmail.com,Germany,2024-02-11,Premium,2252.55
8003,Cheryl Shaw,cheryl.shaw@hotmail.com,Germany,2024-06-19,Standard,287.38
8004,Lindsey Evans,lindsey.evans@protonmail.com,USA,2023-04-10,Basic,57.63
8005,Maria Underwood,maria.underwood@outlook.com,Germany,2021-04-12,Basic,24.99
8006,Sarah Foster,sarah.foster@gmail.com,Germany,2024-02-18,Standard,457.88
8007,Catherine Fritz,catherine.fritz@protonmail.com,Germany,2023-02-17,Standard,258.08
8008,Danielle Wong,danielle.wong@outlook.com,USA,2022-04-02,Standard,346.42
8009,James Garza,james.garza@icloud.com,India,2024-05-06,Standard,214.53
8010,Gina Cervantes,gina.cervantes@yahoo.com,USA,2023-12-20,Standard,498.7
8011,Patrick Hawkins,patrick.hawkins@icloud.com,Germany,2021-02-18,Standard,377.11
8012,Kelly Jenkins,kelly.jenkins@gmail.com,UK,2023-11-21,Standard,488.34
8013,Patrick Garcia,patrick.garcia@yahoo.com,USA,2022-04-19,Standard,413.77
8014,Javier Mitchell,javier.mitchell@yahoo.com,France,2024-04-29,Basic,65.94
8015,Brandon Castillo,brandon.castillo@gmail.com,USA,2020-07-06,Standard,383.0
8016,Joseph Hall,joseph.hall@icloud.com,Italy,2025-11-30,Standard,145.11
8017,Grant Morris,grant.morris@yahoo.com,Mexico,2023-03-23,Premium,3135.88
8018,Isaac Mclaughlin,isaac.mclaughlin@hotmail.com,USA,2020-05-10,Premium,3010.36
8019,Tammy Santiago,tammy.santiago@gmail.com,USA,2021-10-13,Basic,72.95
8020,Brooke Aguilar,brooke.aguilar@icloud.com,USA,2025-10-07,Standard,164.47
8021,Rhonda Forbes,rhonda.forbes@gmail.com,Spain,2024-01-12,Premium,4422.77
8022,Sean Smith,sean.smith@gmail.com,Germany,2024-06-14,Basic,67.21
8023,Jennifer Bartlett,jennifer.bartlett@gmail.com,USA,2025-01-27,Premium,3684.75
8024,Frederick Jordan,frederick.jordan@hotmail.com,UK,2023-02-07,Standard,414.94
8025,Vanessa Keller,vanessa.keller@protonmail.com,USA,2024-01-23,Basic,17.49
8026,Anthony Mcdonald,anthony.mcdonald@outlook.com,Germany,2024-05-05,Basic,29.08
8027,Zachary Weiss,zachary.weiss@protonmail.com,UK,2025-12-26,Premium,2530.94
8028,Amber Jackson,amber.jackson@protonmail.com,USA,2023-06-21,Basic,14.18
8029,Christopher Brown,christopher.brown@gmail.com,France,2025-06-29,Standard,125.58
8030,Eric Ortega,eric.ortega@icloud.com,USA,2024-08-17,Standard,492.62
8031,Anthony Pratt,anthony.pratt@yahoo.com,Germany,2025-05-01,Standard,423.22
8032,Courtney Davis,courtney.davis@protonmail.com,India,2021-12-19,Basic,97.12
8033,Sarah Zuniga,sarah.zuniga@gmail.com,Singapore,2023-09-30,Standard,447.99
8034,Sherry Lloyd,sherry.lloyd@hotmail.com,UK,2021-05-09,Basic,62.55
8035,Joe Cohen,joe.cohen@yahoo.com,Spain,2025-08-30,Basic,29.56
8036,Karen Duncan,karen.duncan@hotmail.com,USA,2022-04-25,Basic,42.53
8037,Caitlin Dyer,caitlin.dyer@hotmail.com,Japan,2024-01-25,Basic,51.09
8038,Kimberly West,kimberly.west@icloud.com,USA,2020-10-13,Standard,359.91
8039,Dwayne Rodriguez,dwayne.rodriguez@protonmail.com,India,2022-08-17,Premium,3226.63
8040,Theresa Estes,theresa.estes@outlook.com,USA,2022-01-09,Standard,101.32
8041,Jessica Medina,jessica.medina@gmail.com,UAE,2025-03-03,Premium,4609.84
8042,Connie Oconnell,connie.oconnell@yahoo.com,Netherlands,2022-11-09,Basic,61.91
8043,Sarah Romero,sarah.romero@yahoo.com,UK,2025-05-21,Basic,96.73
8044,Lisa York,lisa.york@icloud.com,UK,2025-01-25,Standard,138.85
8045,Tara Reilly,tara.reilly@outlook.com,Germany,2025-08-15,Premium,2963.83
8046,Patricia Torres,patricia.torres@icloud.com,USA,2024-12-25,Basic,82.23
8047,Devon Chang,devon.chang@gmail.com,India,2024-12-09,Standard,388.68
8048,Shannon Beard,shannon.beard@yahoo.com,India,2024-12-05,Standard,374.72
8049,Michael Palmer,michael.palmer@yahoo.com,UK,2021-07-11,Standard,332.01
8050,Sara Duncan,sara.duncan@yahoo.com,USA,2024-11-25,Premium,970.99
8051,Scott Hunter,scott.hunter@hotmail.com,Spain,2025-07-26,Basic,45.3
8052,Samuel Smith,samuel.smith@gmail.com,USA,2020-08-30,Premium,3217.05
8053,Gerald Cain,gerald.cain@protonmail.com,Germany,2021-05-26,Standard,375.72
8054,Jordan Williams,jordan.williams@hotmail.com,USA,2024-07-15,Premium,1343.63
8055,Thomas Kennedy,thomas.kennedy@icloud.com,USA,2025-08-21,Standard,110.67
8056,Clayton Kirby,clayton.kirby@gmail.com,USA,2022-10-28,Standard,462.59
8057,Megan James,megan.james@gmail.com,USA,2025-01-29,Premium,1655.51
8058,Christopher Larson,christopher.larson@yahoo.com,India,2023-02-16,Basic,79.46
8059,Christopher Wong,christopher.wong@protonmail.com,UK,2023-01-26,Basic,58.7
8060,Christopher Moore,christopher.moore@icloud.com,India,2025-05-22,Premium,3878.91
8061,Patricia Craig,patricia.craig@hotmail.com,India,2023-08-22,Premium,2948.85
8062,Brittany Moody,brittany.moody@protonmail.com,USA,2024-07-03,Basic,79.75
8063,Carol Henderson,carol.henderson@outlook.com,USA,2025-06-24,Premium,2389.13
8064,Rebecca Hernandez,rebecca.hernandez@yahoo.com,Germany,2022-01-10,Standard,207.42
8065,Jessica Myers,jessica.myers@protonmail.com,India,2021-05-16,Premium,3104.41
8066,Sherry Santiago,sherry.santiago@yahoo.com,Germany,2025-09-03,Standard,485.08
8067,Melanie Beck,melanie.beck@outlook.com,USA,2024-04-11,Basic,59.0
8068,Brendan Williams,brendan.williams@hotmail.com,France,2025-10-03,Premium,1897.35
8069,Michael Reeves,michael.reeves@yahoo.com,USA,2025-07-20,Basic,47.67
8070,Jonathan Tyler,jonathan.tyler@protonmail.com,Germany,2024-05-25,Basic,15.64
8071,Kristy Henderson,kristy.henderson@outlook.com,USA,2023-01-09,Basic,36.58
8072,Michael Williams,michael.williams@yahoo.com,India,2023-11-29,Basic,27.35
8073,Rachel May,rachel.may@icloud.com,UK,2021-01-23,Basic,65.82
8074,Gregory Mitchell,gregory.mitchell@gmail.com,India,2023-12-16,Standard,122.87
8075,Patricia Vazquez,patricia.vazquez@outlook.com,USA,2025-09-30,Basic,19.76
8076,Angela Cook,angela.cook@gmail.com,Germany,2025-02-19,Premium,4712.37
8077,Nicholas Rodriguez,nicholas.rodriguez@gmail.com,USA,2025-09-13,Basic,60.34
8078,Sarah Carpenter,sarah.carpenter@gmail.com,India,2025-03-02,Standard,323.62
8079,Michele Hopkins,michele.hopkins@yahoo.com,USA,2020-01-23,Premium,2274.94
8080,Danielle White,danielle.white@protonmail.com,USA,2024-09-14,Standard,327.33
8081,Danielle Dyer,danielle.dyer@hotmail.com,India,2022-09-04,Standard,146.34
8082,Sara Miles,sara.miles@hotmail.com,USA,2024-10-04,Standard,482.51
8083,Justin Bishop,justin.bishop@icloud.com,USA,2025-11-28,Premium,895.71
8084,Patrick Wright,patrick.wright@yahoo.com,France,2025-02-05,Standard,305.35
8085,Joseph Carr,joseph.carr@hotmail.com,France,2025-07-11,Standard,442.85
8086,Anthony Chavez,anthony.chavez@yahoo.com,Japan,2023-05-15,Standard,305.79
8087,Larry Brown,larry.brown@outlook.com,USA,2024-03-15,Premium,4759.67
8088,Alexander Hoffman,alexander.hoffman@icloud.com,UK,2022-02-14,Standard,461.63
8089,Curtis Thomas,curtis.thomas@yahoo.com,Canada,2024-11-21,Standard,120.19
8090,Tina Kelly,tina.kelly@protonmail.com,USA,2022-10-11,Standard,235.01
8091,Kathleen Petersen,kathleen.petersen@outlook.com,India,2025-03-24,Premium,2310.97
8092,Richard Daniels,richard.daniels@outlook.com,USA,2023-12-04,Basic,45.9
8093,David Shaw,david.shaw@hotmail.com,Spain,2024-03-29,Standard,309.84
8094,Audrey Clarke,audrey.clarke@yahoo.com,India,2025-05-30,Standard,107.61
8095,Jeffrey Nichols,jeffrey.nichols@icloud.com,UK,2022-03-09,Standard,106.89
8096,Amanda Shaw,amanda.shaw@hotmail.com,UK,2024-07-10,Basic,67.72
8097,Christina Beard,christina.beard@hotmail.com,USA,2025-09-20,Standard,183.16
8098,Derrick Green,derrick.green@gmail.com,USA,2025-10-21,Standard,264.41
8099,Timothy Ewing,timothy.ewing@hotmail.com,India,2021-01-18,Standard,471.08
8100,Karen Wallace,karen.wallace@protonmail.com,Germany,2024-09-10,Standard,325.02
8101,Barbara Coleman,barbara.coleman@icloud.com,UK,2023-01-15,Standard,105.59
8102,Cindy Brown,cindy.brown@gmail.com,USA,2022-07-26,Basic,89.09
8103,Kevin Lewis,kevin.lewis@gmail.com,India,2021-08-25,Basic,10.5
8104,Maria Willis,maria.willis@yahoo.com,USA,2024-08-21,Standard,239.44
8105,Katherine Hardy,katherine.hardy@outlook.com,USA,2023-02-14,Premium,4152.0
8106,Michael Campos,michael.campos@gmail.com,Netherlands,2024-07-29,Standard,389.69
8107,Carol Briggs,carol.briggs@protonmail.com,UK,2022-03-02,Basic,20.45
8108,Yolanda Marks,yolanda.marks@protonmail.com,UK,2020-07-07,Basic,57.51
8109,Jennifer Rodriguez,jennifer.rodriguez@protonmail.com,UAE,2024-08-01,Standard,397.69
8110,Jason Cortez,jason.cortez@protonmail.com,USA,2021-08-31,Premium,3543.15
8111,Patricia Peterson,patricia.peterson@outlook.com,Netherlands,2022-03-05,Premium,2381.49
8112,Tina Williams,tina.williams@icloud.com,India,2022-08-07,Basic,56.68
8113,Jonathan Hawkins,jonathan.hawkins@yahoo.com,Germany,2023-04-22,Standard,477.71
8114,Cody Cook,cody.cook@yahoo.com,USA,2023-02-21,Standard,489.85
8115,Maria Johnson,maria.johnson@hotmail.com,USA,2025-10-13,Standard,338.47
8116,Gabriel Knox,gabriel.knox@hotmail.com,UK,2024-02-16,Standard,325.56
8117,Joshua Turner,joshua.turner@icloud.com,USA,2021-02-02,Basic,93.87
8118,Duane Martinez,duane.martinez@icloud.com,USA,2022-04-15,Standard,259.81
8119,Connor Stewart,connor.stewart@icloud.com,Germany,2025-08-21,Standard,107.5
8120,Anthony Lee,anthony.lee@icloud.com,India,2022-07-17,Basic,74.34
8121,Keith Johnson,keith.johnson1@protonmail.com,USA,2022-03-17,Standard,161.6
8122,Ashley Morales,ashley.morales@hotmail.com,India,2020-06-27,Basic,58.29
8123,Bryan Campos,bryan.campos@hotmail.com,Netherlands,2024-06-09,Basic,36.6
8124,Todd Buck,todd.buck@yahoo.com,Canada,2024-05-29,Premium,1905.32
8125,Julie Barton,julie.barton@gmail.com,Australia,2023-04-02,Premium,2624.52
8126,David Green,david.green1@hotmail.com,India,2020-05-24,Premium,2459.26
8127,Amanda Mullins,amanda.mullins@outlook.com,USA,2025-01-01,Basic,72.34
8128,Crystal Payne,crystal.payne@gmail.com,USA,2021-01-18,Basic,28.6
8129,Stephanie Blair,stephanie.blair@protonmail.com,Netherlands,2023-10-21,Standard,493.66
8130,Michelle Murray,michelle.murray@hotmail.com,India,2025-12-28,Basic,63.3
8131,Andrea Davis,andrea.davis@icloud.com,Australia,2022-04-05,Basic,85.14
8132,Christopher Nelson,christopher.nelson@icloud.com,Singapore,2023-08-26,Basic,98.76
8133,Zachary Carney,zachary.carney@protonmail.com,USA,2024-07-19,Standard,310.47
8134,Kristin Franco,kristin.franco@protonmail.com,USA,2024-01-17,Premium,1374.81
8135,Cindy Ellison,cindy.ellison@icloud.com,India,2023-09-01,Basic,99.44
8136,Courtney Valentine,courtney.valentine@gmail.com,USA,2023-06-23,Basic,12.62
8137,Amy Jensen,amy.jensen@protonmail.com,Germany,2023-05-26,Basic,21.37
8138,Amanda Ballard,amanda.ballard@outlook.com,France,2023-12-17,Basic,22.72
8139,John Hester,john.hester@hotmail.com,Germany,2023-02-13,Standard,283.11
8140,Randy Montgomery,randy.montgomery@yahoo.com,USA,2022-07-17,Standard,386.92
8141,Scott Conrad,scott.conrad@outlook.com,India,2022-05-15,Standard,458.79
8142,Patrick Edwards,patrick.edwards@yahoo.com,USA,2023-08-07,Standard,118.91
8143,Patricia Davis,patricia.davis@yahoo.com,Mexico,2023-01-13,Standard,287.51
8144,Matthew Green,matthew.green@hotmail.com,USA,2024-06-09,Premium,2535.68
8145,Lawrence Keller,lawrence.keller@gmail.com,Brazil,2024-01-21,Premium,739.73
8146,Daniel Austin,daniel.austin@hotmail.com,UK,2025-01-23,Standard,393.57
8147,Jennifer Frazier,jennifer.frazier@hotmail.com,UK,2024-08-08,Basic,22.28
8148,Brian Mcdaniel,brian.mcdaniel@gmail.com,UK,2024-06-06,Standard,477.18
8149,Tim Ward,tim.ward@gmail.com,USA,2021-01-26,Standard,175.66
8150,Heidi James,heidi.james@gmail.com,UK,2024-05-22,Premium,1561.58
8151,Heather Bell,heather.bell@gmail.com,Japan,2024-02-28,Standard,489.33
8152,Chad Miller,chad.miller@protonmail.com,Australia,2025-10-07,Standard,391.67
8153,Felicia Brown,felicia.brown@gmail.com,USA,2025-12-07,Standard,174.82
8154,Marissa Medina,marissa.medina@yahoo.com,India,2022-11-21,Basic,98.44
8155,Kelsey Aguirre,kelsey.aguirre@outlook.com,Japan,2025-08-03,Standard,461.29
8156,Jamie Edwards,jamie.edwards@protonmail.com,France,2024-10-25,Standard,227.15
8157,Robert Fletcher,robert.fletcher@gmail.com,UK,2024-05-01,Basic,70.82
8158,David Robertson,david.robertson@protonmail.com,USA,2023-07-21,Premium,2232.24
8159,Jordan Watson,jordan.watson@protonmail.com,Italy,2023-01-18,Standard,109.18
8160,Brian Washington,brian.washington@outlook.com,UK,2025-02-05,Premium,2318.64
8161,Brandon Wheeler,brandon.wheeler@yahoo.com,USA,2020-01-11,Standard,159.27
8162,Denise Turner,denise.turner@icloud.com,Canada,2024-12-20,Basic,50.55
8163,Derek Moreno,derek.moreno@hotmail.com,USA,2020-12-07,Standard,175.98
8164,Betty White,betty.white@gmail.com,Japan,2022-05-11,Standard,368.48
8165,Kelly Bennett,kelly.bennett@yahoo.com,USA,2024-12-28,Standard,379.94
8166,Nicholas Grimes,nicholas.grimes@gmail.com,Canada,2024-11-26,Standard,119.65
8167,Kristen Yang,kristen.yang@icloud.com,Singapore,2025-04-21,Basic,89.45
8168,Angela Graham,angela.graham@hotmail.com,UAE,2024-07-10,Standard,167.95
8169,Tyler Williams,tyler.williams@gmail.com,Italy,2024-03-03,Basic,78.28
8170,Kristina Baker,kristina.baker@gmail.com,Brazil,2025-02-27,Premium,2739.52
8171,Alexis Gibbs,alexis.gibbs@outlook.com,USA,2024-03-07,Premium,1437.28
8172,Lance Henderson,lance.henderson@gmail.com,Singapore,2024-05-25,Standard,147.23
8173,Michael Avila,michael.avila@gmail.com,Italy,2025-08-29,Basic,24.95
8174,Matthew Stafford,matthew.stafford@hotmail.com,UK,2024-10-02,Standard,308.52
8175,Ashley Patton,ashley.patton@outlook.com,UK,2024-05-06,Basic,65.28
8176,Kyle Flores,kyle.flores@icloud.com,USA,2024-05-29,Premium,871.24
8177,Jeffrey Harrington,jeffrey.harrington@gmail.com,Germany,2024-04-23,Standard,309.87
8178,Linda Johnson,linda.johnson@gmail.com,India,2024-02-08,Standard,392.94
8179,David Vincent,david.vincent@icloud.com,UK,2024-05-10,Standard,181.92
8180,Mike Lindsey,mike.lindsey@protonmail.com,UK,2024-01-03,Standard,133.97
8181,Nancy Logan,nancy.logan@icloud.com,Germany,2022-03-28,Premium,2151.36
8182,Melissa Lopez,melissa.lopez@protonmail.com,USA,2022-02-25,Basic,59.05
8183,Robert Haynes,robert.haynes@protonmail.com,Netherlands,2023-03-12,Standard,481.87
8184,Brian Sanders,brian.sanders@icloud.com,USA,2022-07-26,Standard,418.65
8185,Matthew Franklin,matthew.franklin@protonmail.com,USA,2023-06-03,Standard,181.95
8186,Jeremy Brown,jeremy.brown@protonmail.com,USA,2021-06-14,Premium,2355.44
8187,Heather Leonard,heather.leonard@outlook.com,Japan,2021-08-16,Standard,464.25
8188,Ethan Lopez,ethan.lopez@gmail.com,Brazil,2025-03-28,Standard,138.62
8189,Gregory Phillips,gregory.phillips@yahoo.com,USA,2024-09-18,Premium,501.77
8190,Sylvia Yates,sylvia.yates@gmail.com,USA,2025-10-18,Standard,391.16
8191,Ronnie Keith,ronnie.keith@icloud.com,UK,2020-10-29,Standard,136.25
8192,Heather Wells,heather.wells@gmail.com,USA,2022-03-16,Basic,59.65
8193,Richard Gallagher,richard.gallagher@outlook.com,Canada,2020-04-29,Basic,86.12
8194,Christina Price,christina.price@outlook.com,USA,2020-06-16,Standard,271.79
8195,Dale Thompson,dale.thompson@gmail.com,Germany,2020-03-08,Basic,60.58
8196,Jenna Garcia,jenna.garcia@outlook.com,USA,2024-05-06,Standard,280.21
8197,Nathan Compton,nathan.compton@outlook.com,UK,2021-04-10,Standard,343.54
8198,Wesley Frye,wesley.frye@protonmail.com,UK,2025-11-02,Premium,592.5
8199,Amanda Holmes,amanda.holmes@protonmail.com,USA,2024-03-25,Premium,3548.07
8200,Paul Brown,paul.brown@protonmail.com,USA,2022-09-15,Standard,217.71
8201,Kathleen Krause,kathleen.krause@yahoo.com,USA,2025-04-15,Premium,3860.65
8202,Alexis Wells,alexis.wells@yahoo.com,USA,2024-07-23,Standard,255.58
8203,Zachary Foster,zachary.foster@yahoo.com,Singapore,2023-01-21,Standard,361.21
8204,Jennifer Frey,jennifer.frey@protonmail.com,USA,2024-04-17,Premium,3096.92
8205,David Baxter,david.baxter@icloud.com,USA,2024-09-21,Standard,285.31
8206,Gerald Larson,gerald.larson@hotmail.com,USA,2024-04-02,Standard,185.66
8207,Shelly Wallace,shelly.wallace@outlook.com,Canada,2025-09-15,Basic,90.24
8208,Kristen Smith,kristen.smith@outlook.com,Italy,2023-12-24,Basic,82.29
8209,Laurie Griffin,laurie.griffin@gmail.com,Australia,2023-08-08,Standard,445.73
8210,Virginia Ortiz,virginia.ortiz@yahoo.com,Germany,2025-05-23,Basic,89.4
8211,Jose Martin,jose.martin@hotmail.com,France,2024-06-06,Standard,338.14
8212,Lisa Jones,lisa.jones@hotmail.com,UK,2025-03-04,Premium,2737.39
8213,Jessica Calhoun,jessica.calhoun@outlook.com,Japan,2025-05-05,Standard,246.6
8214,Brian Rice,brian.rice@hotmail.com,Australia,2024-08-06,Standard,452.75
8215,Jeremy Wolf,jeremy.wolf@gmail.com,USA,2024-10-29,Premium,2070.34
8216,Timothy Perez,timothy.perez@yahoo.com,UK,2023-09-25,Standard,319.05
8217,Michael Chapman,michael.chapman@outlook.com,USA,2021-05-08,Basic,91.73
8218,Paul Goodwin,paul.goodwin@protonmail.com,USA,2023-02-28,Basic,82.46
8219,Brandon Spencer,brandon.spencer@outlook.com,Japan,2022-03-19,Basic,90.32
8220,Terri Reid,terri.reid@yahoo.com,USA,2024-09-21,Standard,285.98
8221,Miguel Baker,miguel.baker@outlook.com,India,2024-01-29,Standard,172.07
8222,Willie Collins,willie.collins@yahoo.com,UAE,2025-03-02,Basic,78.54
8223,David Grant,david.grant@gmail.com,UK,2020-08-15,Standard,187.05
8224,Karen Gordon,karen.gordon1@yahoo.com,USA,2023-05-15,Standard,223.73
8225,Natalie Cox,natalie.cox@outlook.com,Germany,2023-08-27,Standard,232.16
8226,Karen Dodson,karen.dodson@yahoo.com,France,2024-10-08,Standard,377.99
8227,Brandon Lowe,brandon.lowe@icloud.com,USA,2021-03-30,Standard,229.53
8228,Ruben Torres,ruben.torres@hotmail.com,USA,2023-07-20,Standard,463.14
8229,Michael Pearson,michael.pearson@outlook.com,Germany,2024-02-10,Premium,2113.66
8230,Matthew Thomas,matthew.thomas@outlook.com,Italy,2022-08-07,Basic,39.21
8231,James Beard,james.beard@icloud.com,USA,2024-04-15,Standard,272.78
8232,Daniel Blackburn,daniel.blackburn@hotmail.com,USA,2022-03-12,Standard,341.38
8233,Eric Marquez,eric.marquez@yahoo.com,UAE,2023-11-17,Standard,464.3
8234,Seth Carrillo,seth.carrillo@gmail.com,USA,2025-06-22,Basic,36.41
8235,Christina Doyle,christina.doyle@outlook.com,USA,2020-05-19,Standard,191.34
8236,Tiffany Fleming,tiffany.fleming@yahoo.com,Germany,2022-08-07,Standard,153.89
8237,Christine Ochoa,christine.ochoa@icloud.com,USA,2025-04-27,Standard,168.24
8238,Christopher Gonzales,christopher.gonzales@hotmail.com,USA,2021-03-16,Basic,70.43
8239,Kim Duran,kim.duran@yahoo.com,Germany,2023-12-29,Standard,370.17
8240,John Carter,john.carter@gmail.com,India,2023-03-31,Standard,263.06
8241,Darlene Newton,darlene.newton@protonmail.com,UK,2024-08-17,Standard,446.96
8242,Tracy Johnson,tracy.johnson1@protonmail.com,USA,2024-09-18,Basic,23.08
8243,Mikayla Peters,mikayla.peters@icloud.com,Germany,2024-08-09,Premium,1387.29
8244,Noah Jackson,noah.jackson@hotmail.com,India,2025-05-17,Standard,485.93
8245,Charles Wells,charles.wells@hotmail.com,Australia,2023-11-22,Standard,202.71
8246,Jennifer Pena,jennifer.pena@protonmail.com,Australia,2023-09-23,Standard,231.81
8247,Bruce Bradford,bruce.bradford@icloud.com,India,2025-01-03,Standard,440.05
8248,Catherine Hughes,catherine.hughes@icloud.com,Mexico,2021-10-28,Standard,217.66
8249,John Williams,john.williams1@outlook.com,Japan,2025-10-09,Standard,112.59
8250,Mark Reid,mark.reid@outlook.com,USA,2025-07-17,Basic,98.34
8251,Arthur Lynch,arthur.lynch@hotmail.com,Netherlands,2025-10-15,Premium,3090.03
8252,Laura Perez,laura.perez@outlook.com,Mexico,2020-05-13,Basic,76.18
8253,Jennifer Shaw,jennifer.shaw@outlook.com,USA,2024-12-22,Standard,176.85
8254,Duane Hanson,duane.hanson@icloud.com,USA,2025-01-19,Basic,43.95
8255,Jerome Abbott,jerome.abbott@gmail.com,Germany,2022-07-08,Standard,198.09
8256,Nicole Smith,nicole.smith@gmail.com,UK,2024-08-13,Standard,222.35
8257,Michaela Boyer,michaela.boyer@hotmail.com,Canada,2022-12-25,Premium,1694.06
8258,Kristin Yang,kristin.yang@outlook.com,UK,2021-10-21,Standard,485.85
8259,Xavier Espinoza,xavier.espinoza@outlook.com,USA,2025-07-02,Basic,27.93
8260,Randy Wells,randy.wells@gmail.com,USA,2025-11-21,Standard,260.94
8261,Justin Stein,justin.stein@gmail.com,Mexico,2020-07-18,Basic,14.41
8262,Megan Reed,megan.reed@yahoo.com,USA,2021-05-08,Standard,322.38
8263,Gerald King,gerald.king@protonmail.com,Canada,2024-09-10,Standard,480.46
8264,Sabrina Moses,sabrina.moses@icloud.com,USA,2021-08-01,Basic,34.43
8265,Jose Simmons,jose.simmons@protonmail.com,UK,2024-07-22,Standard,128.37
8266,Margaret Clark,margaret.clark@yahoo.com,UK,2024-02-24,Basic,41.67
8267,Amanda Ward,amanda.ward@protonmail.com,USA,2023-01-09,Standard,130.13
8268,Cameron Morrison,cameron.morrison@gmail.com,India,2024-01-03,Standard,172.72
8269,Jeff Bush,jeff.bush@gmail.com,India,2021-10-29,Basic,41.63
8270,Andrea Smith,andrea.smith@icloud.com,USA,2022-11-26,Premium,4482.22
8271,Gina Campos,gina.campos@outlook.com,USA,2025-11-12,Premium,1453.41
8272,Lauren Caldwell,lauren.caldwell@hotmail.com,Canada,2021-05-05,Premium,2607.48
8273,John Larson,john.larson@gmail.com,India,2022-06-07,Standard,131.96
8274,Dylan Bryant,dylan.bryant@icloud.com,Germany,2024-03-28,Standard,348.09
8275,Wayne Guerrero,wayne.guerrero@icloud.com,Australia,2022-09-04,Premium,2140.95
8276,Morgan Moss,morgan.moss@hotmail.com,USA,2023-04-19,Premium,3137.3
8277,Linda Bradley,linda.bradley@icloud.com,USA,2025-08-31,Standard,384.39
8278,Ronald Willis,ronald.willis@hotmail.com,India,2022-10-24,Standard,333.55
8279,Wyatt Moore,wyatt.moore@protonmail.com,India,2023-05-19,Premium,2065.5
8280,Olivia Vaughn,olivia.vaughn@gmail.com,France,2020-01-13,Premium,2373.62
8281,Bruce Kaiser,bruce.kaiser@yahoo.com,USA,2024-11-13,Basic,66.49
8282,Leonard Riley,leonard.riley@icloud.com,UK,2023-08-05,Basic,30.14
8283,Dean Mendoza,dean.mendoza@gmail.com,India,2025-08-06,Standard,172.16
8284,Joshua Cole,joshua.cole@hotmail.com,USA,2021-05-05,Standard,333.8
8285,Devin Bennett,devin.bennett@protonmail.com,UK,2025-01-17,Premium,1901.36
8286,Benjamin Davis,benjamin.davis@yahoo.com,India,2025-02-02,Standard,165.58
8287,Jessica George,jessica.george@protonmail.com,USA,2024-05-08,Standard,377.13
8288,Julie James,julie.james@hotmail.com,USA,2024-04-07,Basic,11.81
8289,Johnny Adams,johnny.adams@yahoo.com,USA,2022-05-26,Basic,29.89
8290,Rebecca Decker,rebecca.decker@protonmail.com,Spain,2023-10-12,Standard,428.79
8291,Deborah Vargas,deborah.vargas@yahoo.com,USA,2023-09-02,Premium,3258.47
8292,Francisco Young,francisco.young@yahoo.com,USA,2022-09-24,Standard,250.4
8293,Ashley Garcia,ashley.garcia@protonmail.com,USA,2023-08-26,Basic,47.78
8294,Theresa Galloway,theresa.galloway@outlook.com,USA,2024-06-06,Premium,4049.29
8295,Donna Porter,donna.porter@gmail.com,USA,2023-10-16,Basic,46.04
8296,Philip Montoya,philip.montoya@icloud.com,Germany,2025-12-09,Premium,2936.94
8297,Sherry Knight,sherry.knight@outlook.com,USA,2024-06-27,Basic,55.14
8298,Tonya Holmes,tonya.holmes@gmail.com,USA,2023-10-12,Premium,4853.94
8299,Xavier Williams,xavier.williams@outlook.com,USA,2023-09-09,Standard,236.52
8300,Belinda Glass,belinda.glass@protonmail.com,UK,2024-07-08,Standard,222.88
8301,Gary Martinez,gary.martinez@icloud.com,USA,2023-08-27,Standard,499.69
8302,Lisa Smith,lisa.smith1@hotmail.com,Germany,2022-11-12,Standard,289.1
8303,Jerry Small,jerry.small@hotmail.com,India,2024-05-05,Standard,281.09
8304,Allen Holt,allen.holt@yahoo.com,India,2024-04-25,Standard,496.65
8305,Paul Hamilton,paul.hamilton@yahoo.com,USA,2023-03-15,Premium,4143.92
8306,Danny Kent,danny.kent@outlook.com,Brazil,2022-06-01,Basic,68.65
8307,William Welch,william.welch1@gmail.com,India,2022-12-03,Premium,3164.39
8308,Emily Grant,emily.grant@gmail.com,USA,2023-08-14,Standard,114.4
8309,Laurie Castillo,laurie.castillo@protonmail.com,UK,2022-02-17,Premium,2932.32
8310,Paul Smith,paul.smith@yahoo.com,Canada,2024-05-15,Standard,343.66
8311,Christopher Phillips,christopher.phillips@icloud.com,USA,2024-05-20,Standard,169.98
8312,Nathan Robles,nathan.robles@protonmail.com,USA,2022-10-18,Basic,86.06
8313,Keith Lowery,keith.lowery@gmail.com,Germany,2025-12-20,Standard,180.29
8314,Joe Tran,joe.tran@protonmail.com,USA,2024-04-23,Premium,1763.58
8315,Sarah Santos,sarah.santos@protonmail.com,Singapore,2021-12-06,Basic,63.77
8316,Danielle Miller,danielle.miller@yahoo.com,USA,2025-12-03,Premium,4506.5
8317,William Williams,william.williams@gmail.com,USA,2024-03-30,Standard,271.13
8318,Timothy Fisher,timothy.fisher@protonmail.com,USA,2024-05-31,Standard,294.76
8319,Karen Chase,karen.chase@protonmail.com,UK,2022-12-31,Basic,25.64
8320,Darlene Lee,darlene.lee@protonmail.com,Mexico,2025-10-09,Basic,30.49
8321,Kyle Cline,kyle.cline@protonmail.com,France,2021-09-27,Basic,28.24
8322,Brianna Collier,brianna.collier@hotmail.com,Spain,2023-07-12,Premium,3504.99
8323,Kristy Johnson,kristy.johnson@icloud.com,UK,2025-06-07,Premium,4847.73
8324,James Mejia,james.mejia@protonmail.com,UK,2025-09-15,Basic,24.16
8325,Andre Conley,andre.conley@hotmail.com,USA,2024-05-16,Standard,225.59
8326,Richard White,richard.white@icloud.com,USA,2020-04-18,Standard,184.7
8327,Mitchell Ochoa,mitchell.ochoa@yahoo.com,Spain,2023-03-09,Basic,88.31
8328,Sherry Cisneros,sherry.cisneros@outlook.com,UK,2025-12-28,Premium,1220.13
8329,Brianna Kim,brianna.kim@hotmail.com,UK,2024-10-16,Standard,191.02
8330,Charles Smith,charles.smith@icloud.com,UK,2025-07-10,Basic,27.74
8331,Hannah Graham,hannah.graham@outlook.com,Australia,2020-04-09,Standard,264.28
8332,Teresa Barnett,teresa.barnett@gmail.com,USA,2025-09-15,Basic,52.66
8333,Robert Davis,robert.davis@gmail.com,India,2022-10-23,Standard,138.64
8334,Alexander Holland,alexander.holland@yahoo.com,India,2023-07-28,Standard,142.68
8335,Sabrina Evans,sabrina.evans@yahoo.com,Japan,2025-02-12,Basic,37.8
8336,Christopher Davis,christopher.davis@hotmail.com,USA,2023-02-08,Basic,79.79
8337,Mary Kaiser,mary.kaiser@protonmail.com,USA,2024-07-04,Basic,68.01
8338,Jeffrey Campbell,jeffrey.campbell@protonmail.com,UK,2024-01-21,Standard,189.92
8339,Lindsey Weaver,lindsey.weaver@yahoo.com,Japan,2025-07-11,Standard,132.8
8340,Craig Mendez,craig.mendez@icloud.com,Singapore,2021-02-28,Standard,108.75
8341,Sandra Vargas,sandra.vargas@icloud.com,Germany,2021-11-29,Standard,272.5
8342,Kelsey Harrison,kelsey.harrison@outlook.com,USA,2024-01-17,Basic,51.44
8343,Alexandra Smith,alexandra.smith@gmail.com,USA,2025-11-20,Basic,27.1
8344,Kendra Wolf,kendra.wolf@protonmail.com,India,2025-03-28,Standard,492.89
8345,Russell Kelley,russell.kelley@outlook.com,USA,2023-11-08,Basic,59.37
8346,Kelly Taylor,kelly.taylor@hotmail.com,Germany,2024-03-09,Standard,187.81
8347,Amanda Bradley,amanda.bradley@yahoo.com,Japan,2023-11-11,Basic,70.8
8348,Christy Moore,christy.moore@outlook.com,USA,2022-05-09,Standard,110.39
8349,Catherine Glover,catherine.glover@icloud.com,USA,2020-02-19,Basic,75.63
8350,Allison Fernandez,allison.fernandez@hotmail.com,USA,2022-08-25,Basic,42.29
8351,Angela Meyer,angela.meyer@icloud.com,USA,2021-08-05,Standard,402.05
8352,Cynthia Wilson,cynthia.wilson@yahoo.com,India,2022-08-23,Basic,31.56
8353,Allison Fleming,allison.fleming@gmail.com,USA,2022-12-14,Standard,109.45
8354,Danielle Harrington,danielle.harrington@yahoo.com,USA,2025-07-23,Basic,30.1
8355,Charles Johnson,charles.johnson@hotmail.com,USA,2022-09-16,Premium,3028.12
8356,Leah Patterson,leah.patterson@outlook.com,USA,2025-03-13,Premium,2776.5
8357,Michael Anthony,michael.anthony@protonmail.com,India,2025-07-09,Basic,47.83
8358,Ashley Mosley,ashley.mosley@outlook.com,Germany,2023-01-16,Basic,28.61
8359,Andrew Wheeler,andrew.wheeler@yahoo.com,UK,2024-12-20,Basic,26.96
8360,David Harding,david.harding@hotmail.com,UK,2022-06-17,Standard,217.62
8361,David Ibarra,david.ibarra@hotmail.com,USA,2020-10-04,Premium,3101.4
8362,Kathryn Howard,kathryn.howard@gmail.com,UK,2024-09-18,Standard,354.79
8363,Melinda Welch,melinda.welch@hotmail.com,USA,2024-07-03,Basic,96.46
8364,Barbara Guerra,barbara.guerra@outlook.com,Italy,2023-09-14,Basic,71.99
8365,Jacob Smith,jacob.smith@gmail.com,USA,2025-09-10,Basic,52.01
8366,Tiffany Tran,tiffany.tran@icloud.com,UK,2024-08-23,Standard,341.8
8367,Adam Acevedo,adam.acevedo@icloud.com,USA,2023-11-21,Basic,98.1
8368,Phyllis Richardson,phyllis.richardson@hotmail.com,Australia,2020-06-25,Standard,340.33
8369,Donald Jones,donald.jones@icloud.com,USA,2025-04-16,Basic,86.09
8370,Steven Rogers,steven.rogers@gmail.com,Italy,2025-09-17,Standard,469.59
8371,Leonard Bernard,leonard.bernard@yahoo.com,USA,2024-08-09,Standard,383.46
8372,Steven Bryant,steven.bryant@yahoo.com,France,2024-02-04,Standard,342.69
8373,Janice Lambert,janice.lambert@yahoo.com,India,2024-05-17,Basic,55.73
8374,Devin Phillips,devin.phillips@gmail.com,USA,2022-04-30,Standard,214.9
8375,Carrie Bowers,carrie.bowers@icloud.com,USA,2025-10-27,Premium,3009.3
8376,Colin Chambers,colin.chambers@outlook.com,USA,2024-04-02,Basic,79.0
8377,Mary Arnold,mary.arnold@icloud.com,France,2024-01-28,Basic,36.38
8378,Juan Franklin,juan.franklin@yahoo.com,Japan,2024-05-03,Standard,171.03
8379,Brittany Case,brittany.case@yahoo.com,USA,2024-11-04,Premium,3532.54
8380,Ryan Thompson,ryan.thompson@protonmail.com,USA,2020-09-02,Standard,337.08
8381,Donald Hahn,donald.hahn@hotmail.com,USA,2024-05-18,Premium,3465.55
8382,Matthew Matthews,matthew.matthews@gmail.com,USA,2020-09-26,Standard,315.39
8383,Shannon Shepherd,shannon.shepherd@yahoo.com,India,2022-06-21,Premium,1505.86
8384,Nicole Gentry,nicole.gentry@protonmail.com,USA,2021-01-31,Standard,116.52
8385,Joseph Simon,joseph.simon@yahoo.com,USA,2023-09-18,Standard,239.46
8386,Joseph Anderson,joseph.anderson1@gmail.com,Brazil,2025-09-16,Premium,2785.58
8387,Madeline Reed,madeline.reed@gmail.com,Canada,2020-06-12,Standard,351.57
8388,Kelly Tucker,kelly.tucker@outlook.com,Canada,2023-03-08,Standard,491.87
8389,Mary Flores,mary.flores1@protonmail.com,USA,2024-04-30,Standard,407.67
8390,Kimberly Martinez,kimberly.martinez@outlook.com,Spain,2025-04-01,Premium,2605.69
8391,Megan Thomas,megan.thomas@outlook.com,Germany,2024-07-01,Standard,222.66
8392,Megan Richardson,megan.richardson@yahoo.com,UK,2025-05-08,Basic,49.18
8393,Maria Page,maria.page@protonmail.com,USA,2024-11-02,Basic,55.0
8394,Andrew Navarro,andrew.navarro@yahoo.com,Mexico,2024-02-02,Standard,186.67
8395,Bryan Ross,bryan.ross@gmail.com,Germany,2023-12-26,Basic,18.09
8396,Sara Roach,sara.roach@hotmail.com,France,2022-08-25,Basic,29.0
8397,Robert Sampson,robert.sampson@gmail.com,India,2023-06-07,Standard,242.81
8398,Stephen Lewis,stephen.lewis@protonmail.com,Australia,2024-12-23,Standard,320.51
8399,Derek Abbott,derek.abbott@protonmail.com,India,2024-04-01,Premium,3216.09
8400,Theodore Thompson,theodore.thompson@hotmail.com,Spain,2024-01-27,Standard,470.66
8401,Frank Castro,frank.castro@yahoo.com,USA,2024-05-05,Standard,453.35
8402,Mark Griffith,mark.griffith@outlook.com,USA,2024-10-23,Standard,174.72
8403,Kristin Smith,kristin.smith@hotmail.com,India,2021-12-18,Basic,99.25
8404,Christopher Meyer,christopher.meyer@gmail.com,UK,2023-10-21,Standard,280.6
8405,Sierra Montoya,sierra.montoya@outlook.com,Germany,2024-09-03,Standard,132.26
8406,Ian Barker,ian.barker@outlook.com,India,2020-12-03,Basic,29.96
8407,Jennifer Allen,jennifer.allen@gmail.com,Germany,2025-09-19,Standard,420.61
8408,Derek Barnes,derek.barnes@gmail.com,Australia,2022-12-20,Standard,429.52
8409,Perry Peck,perry.peck@protonmail.com,USA,2021-10-26,Basic,73.48
8410,Sandra Norton,sandra.norton@protonmail.com,Japan,2024-07-30,Standard,116.75
8411,Nathan Olson,nathan.olson@hotmail.com,USA,2022-12-22,Premium,2520.37
8412,Brian Bell,brian.bell1@yahoo.com,Germany,2024-10-18,Standard,250.91
8413,Anna Wolfe,anna.wolfe@outlook.com,Mexico,2022-06-16,Standard,284.94
8414,Stacy Davis,stacy.davis@icloud.com,USA,2021-12-28,Basic,29.02
8415,Autumn Villegas,autumn.villegas@hotmail.com,USA,2024-07-02,Standard,161.88
8416,Cheryl Anthony,cheryl.anthony@gmail.com,USA,2023-06-30,Basic,59.14
8417,Norma Rodriguez,norma.rodriguez@icloud.com,Germany,2024-02-20,Premium,3642.15
8418,Lisa Miller,lisa.miller@hotmail.com,UK,2022-10-30,Basic,83.44
8419,Jacob Miller,jacob.miller@outlook.com,USA,2024-09-23,Premium,1133.98
8420,Nicole Manning,nicole.manning@protonmail.com,Mexico,2023-08-15,Basic,72.85
8421,Jeremy Montoya,jeremy.montoya@outlook.com,USA,2020-10-04,Premium,3692.31
8422,Laura Brown,laura.brown@icloud.com,UK,2024-08-18,Basic,75.5
8423,Ashley Gonzalez,ashley.gonzalez@gmail.com,Germany,2024-11-07,Basic,61.24
8424,Antonio Jones,antonio.jones@yahoo.com,USA,2025-02-23,Standard,426.38
8425,Russell Edwards,russell.edwards@gmail.com,USA,2025-08-30,Premium,3589.75
8426,Alexis Krueger,alexis.krueger@yahoo.com,Singapore,2024-04-17,Standard,159.86
8427,Jonathan Haynes,jonathan.haynes@hotmail.com,India,2020-10-12,Standard,119.77
8428,Vanessa Miller,vanessa.miller@protonmail.com,USA,2024-05-27,Standard,303.54
8429,William Glover,william.glover@hotmail.com,Australia,2024-01-07,Standard,338.8
8430,Anna Murphy,anna.murphy@outlook.com,UK,2025-02-13,Basic,31.73
8431,Kelly Cochran,kelly.cochran@yahoo.com,USA,2024-12-29,Basic,60.42
8432,Donald Bradley,donald.bradley@hotmail.com,India,2020-12-20,Standard,297.05
8433,Taylor Watkins,taylor.watkins@gmail.com,UK,2025-10-21,Premium,670.96
8434,Ashley Grimes,ashley.grimes@gmail.com,USA,2025-04-17,Premium,1774.51
8435,Robert Anderson,robert.anderson@protonmail.com,Brazil,2021-01-26,Basic,95.69
8436,Jonathan Frye,jonathan.frye@hotmail.com,USA,2024-07-03,Basic,63.37
8437,Katie Gutierrez,katie.gutierrez@yahoo.com,USA,2024-07-09,Standard,199.43
8438,Jessica Chung,jessica.chung@icloud.com,USA,2024-12-04,Premium,3510.47
8439,Laura Robertson,laura.robertson@outlook.com,Canada,2025-02-15,Standard,284.72
8440,Donald Wells,donald.wells@gmail.com,India,2022-01-01,Standard,369.9
8441,Linda Shepherd,linda.shepherd@yahoo.com,Spain,2020-07-10,Basic,91.38
8442,Christopher Winters,christopher.winters@protonmail.com,USA,2022-12-12,Standard,139.27
8443,Jessica Jones,jessica.jones@gmail.com,Australia,2025-02-02,Premium,4545.91
8444,Jonathan Williams,jonathan.williams@icloud.com,Germany,2022-07-06,Standard,287.87
8445,Michael Hoffman,michael.hoffman@hotmail.com,USA,2024-07-27,Premium,2598.81
8446,Cheryl Walker,cheryl.walker@icloud.com,USA,2025-08-13,Standard,479.63
8447,Isaac Mcdonald,isaac.mcdonald@outlook.com,France,2025-08-10,Standard,228.29
8448,Kenneth Arellano,kenneth.arellano@gmail.com,USA,2020-03-19,Premium,4847.52
8449,Kristen Chandler,kristen.chandler@gmail.com,Germany,2020-07-31,Standard,326.67
8450,Samuel Warren,samuel.warren@hotmail.com,Germany,2025-01-13,Basic,92.65
8451,Nicole Allen,nicole.allen@protonmail.com,USA,2024-06-20,Basic,99.98
8452,Monica Hernandez,monica.hernandez@yahoo.com,UAE,2020-03-02,Standard,230.48
8453,Alyssa Sullivan,alyssa.sullivan@yahoo.com,France,2020-03-17,Standard,251.57
8454,Joshua Gardner,joshua.gardner@yahoo.com,UK,2025-12-23,Basic,47.33
8455,Benjamin Patterson,benjamin.patterson@yahoo.com,India,2025-10-29,Basic,77.97
8456,James Kelley,james.kelley@yahoo.com,UK,2024-04-19,Basic,62.19
8457,Veronica Davies,veronica.davies@gmail.com,Canada,2023-11-07,Premium,3250.98
8458,Patricia Galvan,patricia.galvan@gmail.com,USA,2024-04-06,Standard,445.27
8459,Wesley Payne,wesley.payne@protonmail.com,UK,2020-07-22,Premium,4910.04
8460,Tammy Stewart,tammy.stewart@yahoo.com,USA,2025-08-28,Basic,50.4
8461,Jeremy Morse,jeremy.morse@gmail.com,UK,2022-06-09,Standard,452.04
8462,Lauren Mccoy,lauren.mccoy@protonmail.com,UK,2022-12-24,Premium,2346.59
8463,Melissa Sullivan,melissa.sullivan@yahoo.com,USA,2022-03-01,Basic,13.58
8464,Devin Williams,devin.williams@icloud.com,Singapore,2020-04-27,Basic,40.78
8465,Matthew Griffin,matthew.griffin@hotmail.com,USA,2023-06-05,Standard,158.01
8466,Sean Hill,sean.hill@protonmail.com,USA,2024-06-29,Standard,477.35
8467,Brendan Ward,brendan.ward@gmail.com,USA,2023-03-26,Standard,373.9
8468,Christine Gomez,christine.gomez@outlook.com,Germany,2024-01-14,Premium,3397.14
8469,Michael Sanders,michael.sanders@gmail.com,USA,2022-12-09,Standard,212.94
8470,Jamie White,jamie.white@hotmail.com,UK,2023-10-25,Standard,132.98
8471,Makayla Wheeler,makayla.wheeler@outlook.com,India,2024-05-11,Basic,10.6
8472,Amber Cook,amber.cook@protonmail.com,USA,2024-05-09,Basic,37.89
8473,Kathy Rodriguez,kathy.rodriguez@gmail.com,UAE,2022-09-10,Basic,36.51
8474,Trevor Graves,trevor.graves@gmail.com,USA,2025-10-28,Basic,36.23
8475,Jessica Wade,jessica.wade@icloud.com,India,2021-03-23,Premium,2725.37
8476,Carol Preston,carol.preston@yahoo.com,USA,2021-08-28,Standard,455.49
8477,Cory Miller,cory.miller@gmail.com,India,2022-10-24,Basic,57.21
8478,Craig Maxwell,craig.maxwell@protonmail.com,Japan,2024-12-24,Standard,218.61
8479,Shelly Davis,shelly.davis@icloud.com,USA,2020-12-31,Basic,44.67
8480,Valerie Smith,valerie.smith@icloud.com,USA,2020-04-06,Standard,253.12
8481,Mark Phillips,mark.phillips@hotmail.com,USA,2023-08-02,Premium,2632.71
8482,Sherri Fleming,sherri.fleming@outlook.com,USA,2023-01-19,Standard,242.4
8483,Brian Park,brian.park@gmail.com,UAE,2021-06-29,Standard,365.32
8484,Gary Johnson,gary.johnson@hotmail.com,Germany,2024-12-14,Standard,482.36
8485,Jennifer Watson,jennifer.watson@protonmail.com,Germany,2024-07-07,Standard,327.64
8486,Jesus Roth,jesus.roth@protonmail.com,Netherlands,2021-09-12,Standard,434.13
8487,Sarah Hale,sarah.hale@protonmail.com,France,2022-09-30,Basic,74.85
8488,Christopher Thompson,christopher.thompson@protonmail.com,France,2023-06-13,Standard,447.58
8489,Aaron Miller,aaron.miller@icloud.com,USA,2025-08-30,Standard,163.68
8490,Derek Kim,derek.kim@yahoo.com,USA,2024-08-07,Standard,224.22
8491,Lee Leon,lee.leon@outlook.com,USA,2023-03-16,Standard,359.54
8492,Ariel Wiggins,ariel.wiggins@gmail.com,USA,2025-08-23,Premium,4796.23
8493,Brian Moore,brian.moore@icloud.com,USA,2023-12-23,Standard,263.52
8494,Robert Burnett,robert.burnett@outlook.com,USA,2023-03-07,Standard,156.18
8495,Samantha Miller,samantha.miller@protonmail.com,USA,2025-12-22,Basic,45.63
8496,Daniel Lewis,daniel.lewis@gmail.com,UK,2024-05-05,Basic,65.9
8497,Jennifer White,jennifer.white@icloud.com,USA,2024-01-21,Standard,358.7
8498,Natalie Levy,natalie.levy@outlook.com,USA,2024-11-16,Basic,75.18
8499,Diana Parks,diana.parks@protonmail.com,USA,2025-06-02,Standard,146.46
8500,Jordan Schultz,jordan.schultz@gmail.com,UK,2021-03-30,Premium,1694.41
8501,Christina Johnson,christina.johnson@icloud.com,India,2023-05-21,Basic,22.0
8502,Justin Blanchard,justin.blanchard@outlook.com,India,2023-07-30,Basic,42.97
8503,Travis Hubbard,travis.hubbard@hotmail.com,USA,2025-07-01,Premium,1783.11
8504,Janet Richard,janet.richard@yahoo.com,USA,2021-06-15,Standard,385.06
8505,Steven Pierce,steven.pierce@outlook.com,USA,2021-02-02,Standard,304.04
8506,Sarah Erickson,sarah.erickson@yahoo.com,USA,2023-08-14,Standard,367.07
8507,Brittany Diaz,brittany.diaz@icloud.com,UK,2021-12-03,Standard,412.45
8508,Anthony Hall,anthony.hall@outlook.com,Singapore,2024-09-27,Standard,447.2
8509,Karen Jones,karen.jones@gmail.com,USA,2023-11-30,Basic,85.54
8510,Alec Long,alec.long@outlook.com,USA,2025-08-13,Premium,4293.94
8511,Susan Howell,susan.howell@icloud.com,India,2024-04-29,Standard,480.79
8512,Tara Mejia,tara.mejia@protonmail.com,UK,2023-03-05,Basic,30.63
8513,Alexander Vaughn,alexander.vaughn@yahoo.com,USA,2025-02-27,Standard,410.81
8514,Beth Smith,beth.smith@hotmail.com,USA,2021-06-08,Standard,395.21
8515,Michael Pace,michael.pace@gmail.com,Italy,2024-07-05,Premium,2314.74
8516,Natalie Patterson,natalie.patterson@outlook.com,USA,2024-11-24,Standard,272.86
8517,William Hale,william.hale@icloud.com,Germany,2022-08-14,Standard,443.44
8518,Kathleen Brown,kathleen.brown@hotmail.com,Australia,2020-03-18,Standard,261.09
8519,Amy Sims,amy.sims@protonmail.com,USA,2024-02-23,Basic,58.84
8520,Renee Moses,renee.moses@protonmail.com,India,2024-10-15,Standard,122.01
8521,Veronica Rogers,veronica.rogers@gmail.com,USA,2024-01-23,Basic,76.71
8522,Christina Mcclain,christina.mcclain@hotmail.com,USA,2022-09-17,Basic,46.2
8523,Susan Howard,susan.howard@icloud.com,USA,2021-05-12,Standard,212.81
8524,Kathleen Sanchez,kathleen.sanchez@outlook.com,UAE,2025-01-23,Premium,2810.97
8525,Nathaniel Bradley,nathaniel.bradley@yahoo.com,USA,2021-08-13,Basic,87.88
8526,Dwayne Ward,dwayne.ward@gmail.com,USA,2025-07-17,Standard,160.78
8527,Chad Brown,chad.brown@yahoo.com,Italy,2024-04-22,Standard,414.01
8528,Tamara Hudson,tamara.hudson@protonmail.com,USA,2024-08-14,Premium,3970.0
8529,Becky Schneider,becky.schneider@icloud.com,Brazil,2023-05-31,Standard,127.01
8530,Raymond Patterson,raymond.patterson@gmail.com,India,2025-11-22,Standard,239.69
8531,Robin Holloway,robin.holloway@protonmail.com,Germany,2025-01-31,Premium,3141.0
8532,Brian Payne,brian.payne@hotmail.com,Canada,2024-09-29,Standard,291.2
8533,Jennifer Woods,jennifer.woods@yahoo.com,India,2024-08-12,Basic,47.55
8534,Bradley Dominguez,bradley.dominguez@icloud.com,USA,2023-10-24,Standard,413.49
8535,John Mendoza,john.mendoza@yahoo.com,UAE,2020-09-20,Basic,11.79
8536,Joseph Frazier,joseph.frazier@yahoo.com,Netherlands,2025-07-08,Standard,414.14
8537,Jennifer Huber,jennifer.huber@icloud.com,Mexico,2020-03-30,Standard,203.68
8538,Eileen Hudson,eileen.hudson@protonmail.com,Germany,2023-11-27,Standard,436.69
8539,Keith Carpenter,keith.carpenter@hotmail.com,UK,2023-12-27,Premium,2738.4
8540,Sylvia Brooks,sylvia.brooks@yahoo.com,UK,2024-02-15,Standard,103.3
8541,Jeffrey Smith,jeffrey.smith1@protonmail.com,USA,2024-09-15,Basic,83.5
8542,Travis Bennett,travis.bennett@hotmail.com,UK,2024-06-05,Premium,2416.09
8543,Melanie Moore,melanie.moore@outlook.com,Germany,2020-11-03,Basic,26.74
8544,Mark Robinson,mark.robinson@icloud.com,India,2022-01-24,Premium,4845.63
8545,Cynthia Poole,cynthia.poole@icloud.com,USA,2021-07-17,Standard,408.95
8546,Charles Lewis,charles.lewis@icloud.com,UK,2025-12-15,Standard,424.17
8547,Noah Scott,noah.scott@protonmail.com,Germany,2021-06-20,Basic,68.33
8548,Rachel White,rachel.white@protonmail.com,UK,2025-08-19,Premium,4664.88
8549,Daniel Medina,daniel.medina@gmail.com,Singapore,2021-02-21,Premium,3630.71
8550,Isaiah Brown,isaiah.brown@outlook.com,India,2025-11-11,Standard,243.63
8551,Jacob Valentine,jacob.valentine@gmail.com,USA,2024-09-16,Standard,199.94
8552,Jacqueline Hernandez,jacqueline.hernandez@hotmail.com,USA,2025-02-02,Standard,110.16
8553,Kristina Parker,kristina.parker@outlook.com,India,2024-07-12,Basic,14.65
8554,Melissa Jones,melissa.jones@protonmail.com,UK,2024-08-04,Premium,2189.86
8555,Jo Johnson,jo.johnson@yahoo.com,Japan,2024-01-03,Basic,30.38
8556,Bill Jacobson,bill.jacobson@hotmail.com,USA,2022-09-27,Premium,2204.58
8557,Robert Rhodes,robert.rhodes@hotmail.com,USA,2025-09-22,Basic,83.35
8558,Michael Smith,michael.smith1@yahoo.com,USA,2024-10-18,Basic,70.35
8559,Kathryn Weaver,kathryn.weaver@protonmail.com,Canada,2022-09-30,Standard,327.92
8560,Robin Dixon,robin.dixon@yahoo.com,Singapore,2022-06-19,Basic,15.55
8561,John Hernandez,john.hernandez@outlook.com,Mexico,2024-12-22,Basic,85.62
8562,Rebecca Davis,rebecca.davis@icloud.com,UK,2025-09-03,Premium,3398.43
8563,Philip Robinson,philip.robinson@yahoo.com,France,2025-07-30,Premium,924.89
8564,Derek Pennington,derek.pennington@yahoo.com,USA,2022-04-27,Premium,2028.28
8565,Juan Gregory,juan.gregory@yahoo.com,Germany,2024-10-17,Standard,341.98
8566,Susan Mclean,susan.mclean@outlook.com,Italy,2020-05-25,Standard,231.24
8567,Stephen Webster,stephen.webster@protonmail.com,UK,2023-11-08,Standard,414.25
8568,Wendy Hawkins,wendy.hawkins@gmail.com,Netherlands,2025-10-24,Standard,258.16
8569,Tina Hayes,tina.hayes@outlook.com,USA,2021-06-24,Standard,329.31
8570,Meredith Valencia,meredith.valencia@hotmail.com,USA,2023-03-12,Premium,2130.26
8571,Christopher Watkins,christopher.watkins@icloud.com,UK,2020-06-28,Standard,368.15
8572,Brittney Henderson,brittney.henderson@hotmail.com,Spain,2020-06-13,Basic,23.91
8573,Gary Williams,gary.williams@protonmail.com,USA,2021-06-05,Standard,312.55
8574,Stephanie Allen,stephanie.allen@gmail.com,Australia,2021-08-26,Standard,441.52
8575,Emily Khan,emily.khan@protonmail.com,USA,2023-03-26,Premium,3018.78
8576,Laura Dyer,laura.dyer@outlook.com,Canada,2025-06-02,Basic,71.83
8577,Donald Wood,donald.wood@protonmail.com,Germany,2021-11-16,Standard,290.84
8578,Abigail Jones,abigail.jones@protonmail.com,USA,2025-11-05,Standard,100.81
8579,Steven Ford,steven.ford@yahoo.com,India,2024-11-29,Premium,4048.2
8580,Angel Larson,angel.larson@icloud.com,India,2021-02-18,Premium,3538.86
8581,Aaron Wallace,aaron.wallace@gmail.com,UK,2022-07-07,Basic,97.36
8582,Christopher Cooper,christopher.cooper@yahoo.com,USA,2022-04-22,Standard,343.6
8583,Fernando Reeves,fernando.reeves@protonmail.com,USA,2025-07-10,Standard,188.45
8584,Andrea White,andrea.white@yahoo.com,Netherlands,2024-10-24,Standard,397.21
8585,Ryan Bernard,ryan.bernard@outlook.com,India,2022-07-18,Basic,94.96
8586,Corey Pope,corey.pope@yahoo.com,France,2020-12-05,Standard,427.2
8587,Jessica Jackson,jessica.jackson@gmail.com,India,2021-02-25,Basic,90.47
8588,Michael Lozano,michael.lozano@protonmail.com,France,2024-04-21,Premium,3065.35
8589,Kristi Boyd,kristi.boyd@outlook.com,USA,2021-12-22,Standard,192.38
8590,Renee Sharp,renee.sharp@hotmail.com,UK,2024-03-14,Standard,440.77
8591,Gina Cunningham,gina.cunningham@protonmail.com,India,2024-01-05,Basic,25.68
8592,Ryan Mejia,ryan.mejia@hotmail.com,USA,2024-04-29,Basic,76.45
8593,Wesley Lewis,wesley.lewis@gmail.com,USA,2021-06-25,Standard,257.33
8594,Nathan Pierce,nathan.pierce@protonmail.com,Germany,2023-12-02,Premium,3901.6
8595,Christopher Chapman,christopher.chapman@outlook.com,Brazil,2023-08-19,Premium,2030.15
8596,Lawrence Brady,lawrence.brady@icloud.com,India,2025-11-10,Premium,1638.9
8597,Hannah Ruiz,hannah.ruiz@outlook.com,USA,2023-12-12,Basic,33.44
8598,Jane Davis,jane.davis@hotmail.com,Singapore,2023-10-27,Standard,465.68
8599,Angela Williams,angela.williams@protonmail.com,USA,2021-03-24,Premium,1532.44
8600,Brent Riddle,brent.riddle@icloud.com,USA,2024-01-29,Standard,236.53
8601,Matthew Young,matthew.young@hotmail.com,Singapore,2024-07-02,Premium,886.81
8602,Amanda Stokes,amanda.stokes@hotmail.com,Canada,2024-02-23,Basic,47.99
8603,Cassandra Robinson,cassandra.robinson@gmail.com,Italy,2024-03-06,Standard,409.4
8604,Amy Bennett,amy.bennett1@protonmail.com,France,2025-04-28,Basic,14.17
8605,Sherri Romero,sherri.romero@yahoo.com,India,2025-02-26,Standard,222.9
8606,Bonnie Nolan,bonnie.nolan@icloud.com,USA,2022-02-23,Standard,186.22
8607,Linda Hill,linda.hill@yahoo.com,USA,2022-03-17,Standard,267.47
8608,Suzanne Collins,suzanne.collins@yahoo.com,Netherlands,2025-07-11,Standard,349.03
8609,Brian Davis,brian.davis@hotmail.com,Japan,2024-11-28,Standard,375.23
8610,Willie Jackson,willie.jackson@protonmail.com,USA,2025-03-14,Premium,2521.36
8611,Karen Martin,karen.martin@hotmail.com,USA,2023-09-24,Basic,59.96
8612,Brian Arnold,brian.arnold@yahoo.com,USA,2025-03-03,Standard,415.0
8613,Christina Herrera,christina.herrera@yahoo.com,USA,2021-03-13,Standard,237.72
8614,Colleen Roberson,colleen.roberson@yahoo.com,Japan,2024-09-25,Standard,487.74
8615,Jeremy Bates,jeremy.bates@hotmail.com,USA,2023-11-21,Standard,487.93
8616,Eric King,eric.king@yahoo.com,UK,2020-05-25,Standard,274.34
8617,Joshua Freeman,joshua.freeman@yahoo.com,Netherlands,2022-03-01,Standard,289.05
8618,Joshua Lewis,joshua.lewis@gmail.com,Germany,2021-10-12,Premium,810.16
8619,David Curry,david.curry1@yahoo.com,UK,2020-04-26,Standard,470.23
8620,Alicia Rodriguez,alicia.rodriguez@hotmail.com,USA,2025-03-08,Premium,1837.06
8621,Robert Ashley,robert.ashley@protonmail.com,USA,2025-12-08,Basic,41.03
8622,Michael Morrison,michael.morrison@gmail.com,USA,2025-10-31,Standard,214.84
8623,James Smith,james.smith@hotmail.com,USA,2025-04-04,Basic,26.84
8624,David Burton,david.burton@protonmail.com,USA,2025-01-23,Standard,266.14
8625,Alexander Johnson,alexander.johnson1@protonmail.com,USA,2025-09-18,Basic,55.48
8626,Jared Williams,jared.williams@protonmail.com,USA,2022-05-29,Basic,28.4
8627,Sharon Dominguez,sharon.dominguez@outlook.com,USA,2022-09-07,Standard,201.14
8628,Jeffery Anderson,jeffery.anderson@hotmail.com,Netherlands,2025-01-12,Standard,485.82
8629,Jennifer Jimenez,jennifer.jimenez@icloud.com,USA,2023-12-11,Premium,1465.07
8630,Melissa Martinez,melissa.martinez@protonmail.com,USA,2024-03-28,Premium,3110.46
8631,Nancy Sanchez,nancy.sanchez@yahoo.com,Brazil,2024-06-05,Standard,455.12
8632,Jennifer Williams,jennifer.williams@hotmail.com,USA,2022-06-05,Standard,154.33
8633,Kimberly Anderson,kimberly.anderson@yahoo.com,UK,2022-07-19,Basic,20.19
8634,Clayton Rogers,clayton.rogers@yahoo.com,Japan,2024-06-12,Standard,330.91
8635,Brandon King,brandon.king@protonmail.com,Germany,2024-12-11,Basic,36.4
8636,James Fleming,james.fleming@icloud.com,USA,2023-08-26,Standard,100.07
8637,Mallory Cooper,mallory.cooper@protonmail.com,Canada,2024-11-14,Premium,1926.93
8638,Laura Hall,laura.hall@gmail.com,India,2023-03-29,Premium,961.25
8639,Maria Bryant,maria.bryant@protonmail.com,USA,2023-10-14,Standard,122.63
8640,Michael Leach,michael.leach@outlook.com,USA,2024-08-14,Standard,226.21
8641,Cody Medina,cody.medina@outlook.com,USA,2023-09-17,Standard,486.32
8642,David Jones,david.jones@icloud.com,France,2025-04-11,Premium,3288.72
8643,Andrew Martin,andrew.martin@icloud.com,USA,2023-05-16,Standard,303.77
8644,Carmen Perry,carmen.perry@icloud.com,USA,2025-01-31,Basic,28.39
8645,Nicole Jennings,nicole.jennings@gmail.com,UK,2025-10-17,Premium,2052.22
8646,Julia Harrison,julia.harrison@icloud.com,Spain,2025-01-01,Basic,38.88
8647,Nicholas Franklin,nicholas.franklin@gmail.com,USA,2024-09-02,Standard,488.64
8648,Michelle Moore,michelle.moore@icloud.com,USA,2024-11-08,Standard,402.75
8649,Kaitlyn Schmidt,kaitlyn.schmidt@gmail.com,UK,2024-12-06,Premium,3467.43
8650,David Glover,david.glover@protonmail.com,India,2024-07-09,Basic,58.56
8651,Joseph Wilkinson,joseph.wilkinson@gmail.com,UK,2022-12-11,Standard,100.85
8652,Judy Nicholson,judy.nicholson@hotmail.com,Mexico,2022-07-08,Standard,407.63
8653,Carl Hughes,carl.hughes@yahoo.com,USA,2020-01-14,Basic,84.09
8654,Francis Bradley,francis.bradley@icloud.com,USA,2024-11-04,Basic,57.12
8655,Laurie Harris,laurie.harris@icloud.com,USA,2021-10-30,Basic,22.84
8656,David Tucker,david.tucker@yahoo.com,USA,2024-12-11,Basic,14.4
8657,Walter Richardson,walter.richardson@protonmail.com,UK,2021-01-14,Premium,2858.1
8658,Angela Richardson,angela.richardson@hotmail.com,Australia,2020-09-26,Basic,73.0
8659,Maureen Skinner,maureen.skinner@hotmail.com,USA,2024-07-20,Standard,413.45
8660,Rebecca Stevens,rebecca.stevens@hotmail.com,Canada,2025-08-10,Basic,86.52
8661,Karen Macdonald,karen.macdonald@icloud.com,USA,2023-02-12,Standard,492.57
8662,Patrick Graves,patrick.graves@icloud.com,Germany,2025-11-18,Premium,4528.72
8663,Sarah Miller,sarah.miller@hotmail.com,USA,2020-05-13,Standard,478.75
8664,William Long,william.long@icloud.com,UK,2023-02-21,Basic,17.01
8665,Michael Turner,michael.turner@protonmail.com,USA,2021-05-26,Standard,473.23
8666,Justin Hines,justin.hines@protonmail.com,Netherlands,2022-12-20,Basic,54.42
8667,Jonathan Douglas,jonathan.douglas@hotmail.com,Spain,2020-10-02,Premium,2922.07
8668,Scott Reynolds,scott.reynolds@hotmail.com,France,2020-02-11,Premium,3439.11
8669,Tina Cohen,tina.cohen@outlook.com,Mexico,2024-02-23,Standard,362.48
8670,Cassandra Lopez,cassandra.lopez@protonmail.com,USA,2024-03-29,Standard,205.33
8671,Jeffrey Butler,jeffrey.butler@icloud.com,UK,2022-09-04,Standard,285.98
8672,Alan Holland,alan.holland@hotmail.com,USA,2025-10-31,Basic,71.22
8673,Nicholas Chavez,nicholas.chavez@outlook.com,Mexico,2024-04-17,Standard,410.85
8674,David Jackson,david.jackson1@protonmail.com,USA,2023-01-24,Standard,393.93
8675,Dennis Macias,dennis.macias@yahoo.com,USA,2023-05-21,Standard,220.84
8676,David Phillips,david.phillips@outlook.com,India,2022-07-10,Basic,91.64
8677,Dylan Robinson,dylan.robinson@protonmail.com,USA,2025-04-04,Standard,499.75
8678,Robert Taylor,robert.taylor@protonmail.com,India,2023-08-03,Basic,32.69
8679,Maria Cooper,maria.cooper@hotmail.com,USA,2021-09-10,Standard,394.16
8680,Diamond Dominguez,diamond.dominguez@outlook.com,India,2022-07-14,Basic,21.75
8681,Joseph Hernandez,joseph.hernandez1@hotmail.com,Brazil,2022-10-25,Premium,4146.09
8682,Erin Horn,erin.horn@icloud.com,Germany,2023-10-07,Basic,78.01
8683,Daisy Friedman,daisy.friedman@icloud.com,USA,2024-05-19,Basic,54.35
8684,Amanda Vasquez,amanda.vasquez@hotmail.com,USA,2025-08-30,Basic,24.91
8685,Valerie Clements,valerie.clements@outlook.com,USA,2022-08-09,Premium,995.89
8686,Christine Singh,christine.singh@protonmail.com,USA,2023-11-06,Basic,20.78
8687,Sarah Hernandez,sarah.hernandez@yahoo.com,Germany,2020-10-09,Premium,1499.0
8688,John Collins,john.collins@gmail.com,USA,2023-12-05,Standard,363.19
8689,Lori Miller,lori.miller@protonmail.com,USA,2024-06-06,Standard,117.45
8690,Carolyn Fleming,carolyn.fleming@protonmail.com,USA,2025-08-10,Standard,251.21
8691,Joseph Harris,joseph.harris@gmail.com,Netherlands,2024-10-19,Standard,417.09
8692,Matthew Allen,matthew.allen@hotmail.com,USA,2021-09-08,Standard,207.13
8693,Dennis Sheppard,dennis.sheppard@gmail.com,USA,2025-03-05,Standard,298.82
8694,Veronica Valentine,veronica.valentine@outlook.com,UK,2025-06-15,Standard,369.18
8695,Terri Lopez,terri.lopez@outlook.com,USA,2022-07-14,Standard,297.97
8696,Michael Brown,michael.brown@hotmail.com,Spain,2025-06-25,Basic,55.38
8697,Amanda Walker,amanda.walker@icloud.com,USA,2024-11-15,Standard,168.35
8698,Jose Harris,jose.harris@gmail.com,India,2025-01-07,Premium,1498.33
8699,Lisa Lamb,lisa.lamb@yahoo.com,Germany,2023-04-24,Standard,344.97
8700,John Miller,john.miller1@gmail.com,France,2022-11-04,Basic,74.18
8701,Mary Charles,mary.charles@outlook.com,India,2025-12-31,Standard,100.28
8702,Allison Sullivan,allison.sullivan@icloud.com,Canada,2023-03-11,Premium,891.92
8703,Nathaniel Higgins,nathaniel.higgins@outlook.com,UK,2025-08-31,Basic,48.43
8704,Mitchell Owens,mitchell.owens@gmail.com,UK,2021-04-24,Basic,38.14
8705,Jessica Hendricks,jessica.hendricks@outlook.com,India,2023-11-22,Standard,130.2
8706,Anne Adams,anne.adams@protonmail.com,Germany,2024-04-24,Basic,54.99
8707,Mark Chavez,mark.chavez@gmail.com,UK,2024-05-30,Basic,71.88
8708,Brenda Jacobson,brenda.jacobson@protonmail.com,USA,2023-08-10,Standard,420.19
8709,Lauren Adams,lauren.adams@hotmail.com,USA,2024-11-04,Standard,259.98
8710,Kelsey Valenzuela,kelsey.valenzuela@protonmail.com,USA,2024-11-12,Standard,352.87
8711,Cynthia Arroyo,cynthia.arroyo@outlook.com,USA,2024-11-10,Basic,51.88
8712,Michael Allen,michael.allen@gmail.com,UK,2022-01-10,Standard,363.19
8713,Nathan Kennedy,nathan.kennedy@outlook.com,USA,2024-12-19,Premium,4686.28
8714,Meredith Long,meredith.long@outlook.com,Germany,2024-02-25,Basic,54.06
8715,Sarah Wheeler,sarah.wheeler@icloud.com,India,2025-11-15,Basic,47.49
8716,Wesley Rivers,wesley.rivers@outlook.com,Germany,2024-07-08,Standard,499.04
8717,Bryce Clark,bryce.clark@yahoo.com,India,2023-06-26,Basic,27.1
8718,Juan Miller,juan.miller@outlook.com,USA,2020-01-15,Basic,51.52
8719,Matthew Wood,matthew.wood@outlook.com,USA,2021-07-07,Basic,92.79
8720,Amanda Odonnell,amanda.odonnell@hotmail.com,India,2023-10-17,Basic,15.66
8721,Ashley Schaefer,ashley.schaefer@icloud.com,Australia,2024-10-25,Premium,812.9
8722,Sharon Stark,sharon.stark@gmail.com,India,2025-01-06,Basic,59.23
8723,Kirk Miller,kirk.miller@outlook.com,India,2025-07-13,Standard,226.58
8724,Matthew Hodges,matthew.hodges@icloud.com,India,2024-06-17,Basic,92.83
8725,Caitlin Morris,caitlin.morris@protonmail.com,Canada,2024-09-04,Basic,40.82
8726,Shelby Johnston,shelby.johnston@outlook.com,India,2024-12-07,Basic,24.67
8727,Randy Richard,randy.richard@gmail.com,Canada,2023-03-05,Basic,30.97
8728,Hunter Castaneda,hunter.castaneda@protonmail.com,USA,2024-03-26,Basic,16.39
8729,John Chavez,john.chavez@protonmail.com,USA,2023-04-24,Standard,319.46
8730,Tina Taylor,tina.taylor@gmail.com,USA,2023-03-23,Standard,142.74
8731,Micheal Love,micheal.love@icloud.com,UK,2025-08-26,Premium,2389.95
8732,Vanessa Baker,vanessa.baker@yahoo.com,Canada,2024-08-27,Basic,32.32
8733,Paul Fitzpatrick,paul.fitzpatrick@icloud.com,USA,2021-10-03,Standard,489.11
8734,Justin Cuevas,justin.cuevas@icloud.com,USA,2024-04-05,Standard,355.75
8735,Stephanie Curtis,stephanie.curtis@protonmail.com,Australia,2025-10-07,Standard,317.31
8736,Brandy Wright,brandy.wright@icloud.com,USA,2021-04-17,Standard,185.77
8737,Phyllis Everett,phyllis.everett@hotmail.com,France,2025-08-25,Standard,291.96
8738,Lisa Turner,lisa.turner@yahoo.com,USA,2025-11-02,Basic,18.04
8739,Levi Parker,levi.parker@gmail.com,USA,2024-01-12,Basic,43.38
8740,Jennifer Brown,jennifer.brown@icloud.com,UK,2023-06-23,Standard,355.83
8741,Ashley Robinson,ashley.robinson@yahoo.com,USA,2020-02-11,Basic,62.86
8742,Kayla Perez,kayla.perez@gmail.com,USA,2020-10-24,Premium,4592.97
8743,Susan Becker,susan.becker@gmail.com,USA,2023-11-25,Premium,2833.12
8744,Andrew Ferguson,andrew.ferguson@outlook.com,USA,2025-11-25,Standard,315.04
8745,Gina Martinez,gina.martinez@yahoo.com,USA,2025-01-27,Basic,97.63
8746,Shelby Short,shelby.short@protonmail.com,Australia,2021-01-01,Premium,1786.07
8747,Samantha Thomas,samantha.thomas@outlook.com,USA,2023-01-17,Standard,317.47
8748,David Richardson,david.richardson@yahoo.com,USA,2024-07-26,Standard,355.17
8749,Ana Davis,ana.davis@yahoo.com,USA,2023-02-21,Premium,578.41
8750,Sarah Campbell,sarah.campbell@icloud.com,Italy,2024-04-07,Standard,120.6
8751,Eric Cox,eric.cox@hotmail.com,Australia,2025-01-13,Standard,205.58
8752,Tara Ramirez,tara.ramirez@hotmail.com,UAE,2023-12-31,Basic,82.31
8753,Paula Hamilton,paula.hamilton@yahoo.com,Spain,2021-05-13,Standard,250.44
8754,Rebecca Salinas,rebecca.salinas@protonmail.com,USA,2024-12-06,Premium,3478.9
8755,Jordan Richard,jordan.richard@outlook.com,India,2020-11-02,Premium,4390.04
8756,Debra Shelton,debra.shelton@outlook.com,USA,2025-03-03,Premium,572.49
8757,Brandon Crawford,brandon.crawford@icloud.com,Mexico,2025-04-08,Basic,63.5
8758,Dawn Martin,dawn.martin@gmail.com,UK,2021-11-28,Standard,223.45
8759,Deborah Cabrera,deborah.cabrera@gmail.com,USA,2024-11-07,Premium,3479.85
8760,Anthony Rice,anthony.rice@icloud.com,Spain,2025-08-27,Basic,74.47
8761,Laura Hutchinson,laura.hutchinson@gmail.com,Japan,2023-07-06,Basic,70.62
8762,Lori Walker,lori.walker@yahoo.com,Singapore,2023-10-17,Premium,3152.23
8763,Sean Chavez,sean.chavez@icloud.com,USA,2025-01-15,Standard,304.24
8764,Barbara Ross,barbara.ross@gmail.com,USA,2022-08-06,Basic,88.78
8765,Mario Lopez,mario.lopez@gmail.com,USA,2024-01-02,Standard,119.43
8766,Taylor Rodriguez,taylor.rodriguez1@yahoo.com,UK,2021-05-15,Basic,82.27
8767,Rhonda Brewer,rhonda.brewer@hotmail.com,UK,2022-06-26,Premium,1873.64
8768,Brandon Hines,brandon.hines@protonmail.com,USA,2025-09-11,Basic,55.39
8769,Isabella Ochoa,isabella.ochoa@hotmail.com,Australia,2024-07-28,Premium,2427.5
8770,Lisa Randolph,lisa.randolph@yahoo.com,USA,2024-09-22,Standard,106.23
8771,Bryan Pennington,bryan.pennington@gmail.com,India,2021-01-01,Basic,71.45
8772,Michael Banks,michael.banks@yahoo.com,Japan,2025-01-10,Basic,40.35
8773,Dominique Williams,dominique.williams@icloud.com,Germany,2022-05-14,Premium,3262.15
8774,Anthony Hernandez,anthony.hernandez@yahoo.com,USA,2024-10-09,Standard,428.73
8775,Melissa Thompson,melissa.thompson@yahoo.com,USA,2022-04-13,Basic,24.61
8776,David Parker,david.parker@protonmail.com,USA,2024-12-24,Premium,696.86
8777,Luis Bates,luis.bates@protonmail.com,Canada,2024-10-24,Standard,108.05
8778,Sierra Wilson,sierra.wilson@yahoo.com,UK,2023-06-27,Premium,3386.72
8779,Anthony Turner,anthony.turner@icloud.com,USA,2024-06-23,Premium,3041.18
8780,Tammy Schwartz,tammy.schwartz@gmail.com,UAE,2023-01-10,Basic,23.88
8781,David Sellers,david.sellers@protonmail.com,India,2024-07-21,Premium,4224.69
8782,Kathryn Rice,kathryn.rice@yahoo.com,Japan,2024-07-19,Standard,299.79
8783,Courtney Miller,courtney.miller@protonmail.com,UK,2025-12-27,Standard,255.93
8784,Victoria Kerr,victoria.kerr@yahoo.com,Netherlands,2020-05-21,Premium,833.09
8785,James Gonzalez,james.gonzalez@yahoo.com,USA,2020-10-13,Standard,127.09
8786,Cindy Bell,cindy.bell@protonmail.com,USA,2022-02-19,Standard,122.7
8787,Eric Rowe,eric.rowe@gmail.com,Mexico,2021-03-12,Basic,49.5
8788,Gregory Le,gregory.le@yahoo.com,Mexico,2024-01-16,Basic,47.03
8789,Carolyn Lopez,carolyn.lopez@outlook.com,UK,2022-06-25,Basic,19.97
8790,Jessica Chase,jessica.chase@outlook.com,USA,2020-01-21,Standard,225.76
8791,Kristen Cooper,kristen.cooper@hotmail.com,USA,2022-08-26,Basic,64.64
8792,Jennifer Burch,jennifer.burch@hotmail.com,Canada,2024-02-16,Standard,136.76
8793,Michael Barry,michael.barry@outlook.com,Japan,2024-03-09,Standard,449.74
8794,Donna Lewis,donna.lewis1@protonmail.com,USA,2023-12-07,Premium,2847.24
8795,Jimmy Jackson,jimmy.jackson@protonmail.com,USA,2025-11-26,Premium,1091.3
8796,Danielle Townsend,danielle.townsend@outlook.com,India,2022-08-28,Standard,359.5
8797,Scott Lyons,scott.lyons@yahoo.com,Canada,2024-06-13,Standard,395.12
8798,James Boyd,james.boyd@yahoo.com,UK,2022-06-23,Basic,87.08
8799,Cathy Smith,cathy.smith@outlook.com,Germany,2025-02-19,Basic,11.56
8800,Michael Wells,michael.wells@hotmail.com,UAE,2022-05-19,Premium,1078.75
8801,Heather Kline,heather.kline@outlook.com,USA,2025-03-07,Basic,14.3
8802,Marie Casey,marie.casey@hotmail.com,Germany,2024-06-06,Basic,76.35
8803,Jeremiah Perez,jeremiah.perez@protonmail.com,Germany,2024-07-22,Standard,242.67
8804,Ronald Hunter,ronald.hunter@yahoo.com,Germany,2024-01-05,Basic,55.82
8805,Teresa Harrison,teresa.harrison@gmail.com,Brazil,2023-04-30,Basic,31.5
8806,Christopher Williams,christopher.williams1@hotmail.com,Germany,2020-06-14,Standard,168.03
8807,Theresa Williams,theresa.williams@gmail.com,UK,2025-04-28,Standard,470.47
8808,Jacob Lawson,jacob.lawson@hotmail.com,USA,2025-08-11,Standard,495.9
8809,Kristin Martinez,kristin.martinez@protonmail.com,India,2021-08-18,Basic,18.73
8810,William Moore,william.moore@gmail.com,USA,2021-09-01,Standard,446.35
8811,Melissa James,melissa.james@outlook.com,USA,2022-11-30,Premium,2995.36
8812,Corey Henry,corey.henry@outlook.com,UK,2024-02-13,Standard,357.23
8813,Eric Garcia,eric.garcia1@outlook.com,Germany,2024-02-22,Standard,122.41
8814,Deanna Farley,deanna.farley@icloud.com,UAE,2024-03-18,Standard,138.81
8815,Tina Walker,tina.walker@icloud.com,India,2020-06-12,Basic,94.95
8816,Sydney Byrd,sydney.byrd@yahoo.com,Japan,2025-08-30,Standard,377.79
8817,Crystal White,crystal.white@hotmail.com,USA,2021-10-21,Basic,31.53
8818,Christopher Trevino,christopher.trevino@icloud.com,UK,2022-07-28,Standard,385.17
8819,Elizabeth Wilkinson,elizabeth.wilkinson@yahoo.com,Singapore,2025-04-21,Standard,255.03
8820,Ryan Zimmerman,ryan.zimmerman@protonmail.com,UK,2024-09-13,Premium,4138.08
8821,Jose Villarreal,jose.villarreal@icloud.com,France,2024-05-12,Standard,350.28
8822,Kimberly Mendoza,kimberly.mendoza@yahoo.com,UK,2025-08-31,Basic,93.6
8823,Mark Molina,mark.molina@hotmail.com,USA,2020-10-15,Basic,27.51
8824,David Clark,david.clark@icloud.com,Germany,2020-08-16,Standard,483.09
8825,Tara Robinson,tara.robinson@gmail.com,USA,2021-05-19,Basic,78.88
8826,Hannah Hernandez,hannah.hernandez@outlook.com,USA,2022-07-16,Basic,49.4
8827,Stephanie Gillespie,stephanie.gillespie@outlook.com,USA,2024-07-27,Premium,2413.08
8828,William Walters,william.walters@yahoo.com,USA,2024-04-26,Standard,404.45
8829,Karen Carter,karen.carter@protonmail.com,USA,2023-07-14,Basic,94.14
8830,Wendy Reed,wendy.reed@icloud.com,Mexico,2025-01-04,Basic,79.24
8831,Veronica Hodge,veronica.hodge@icloud.com,USA,2022-02-27,Premium,3925.46
8832,Ashlee Love,ashlee.love@protonmail.com,Japan,2021-11-14,Standard,413.62
8833,Elizabeth Jennings,elizabeth.jennings@outlook.com,Germany,2023-08-05,Standard,149.08
8834,Michelle White,michelle.white@yahoo.com,USA,2024-12-17,Standard,230.54
8835,Susan Sullivan,susan.sullivan@icloud.com,USA,2023-01-11,Premium,508.46
8836,Nicholas Nicholson,nicholas.nicholson@hotmail.com,Italy,2025-09-27,Standard,433.21
8837,Christine Kaiser,christine.kaiser@icloud.com,Germany,2025-10-21,Standard,323.62
8838,Jason Douglas,jason.douglas@gmail.com,Italy,2025-08-19,Premium,4580.65
8839,Rachel Allen,rachel.allen@hotmail.com,USA,2024-08-30,Standard,240.48
8840,Penny Tyler,penny.tyler@protonmail.com,India,2024-12-13,Premium,4845.12
8841,Timothy Lindsey,timothy.lindsey@gmail.com,Canada,2025-08-18,Standard,326.44
8842,Carl Holland,carl.holland@outlook.com,Singapore,2024-12-08,Basic,80.03
8843,Amanda Nelson,amanda.nelson@hotmail.com,USA,2023-02-13,Basic,96.24
8844,Gabriela Vasquez,gabriela.vasquez@gmail.com,Netherlands,2022-09-22,Standard,395.61
8845,Dan Young,dan.young@protonmail.com,USA,2025-05-27,Basic,10.76
8846,Todd Stewart,todd.stewart@outlook.com,Japan,2023-04-10,Basic,39.8
8847,Melissa Dodson,melissa.dodson@yahoo.com,Germany,2025-06-16,Standard,380.53
8848,Kelsey Delgado,kelsey.delgado@protonmail.com,Germany,2025-06-14,Basic,43.49
8849,Mario Smith,mario.smith@hotmail.com,USA,2023-04-01,Standard,407.4
8850,Donna Robinson,donna.robinson@icloud.com,France,2023-10-15,Premium,2134.45
8851,Paul Morales,paul.morales@icloud.com,USA,2021-03-21,Basic,29.8
8852,Brian Mueller,brian.mueller@icloud.com,UK,2023-08-30,Standard,409.03
8853,Elizabeth Perez,elizabeth.perez@yahoo.com,Germany,2024-10-14,Standard,448.27
8854,Maria Wells,maria.wells@gmail.com,Canada,2022-10-03,Premium,2686.7
8855,Michael Brown,michael.brown1@protonmail.com,UK,2023-04-08,Premium,2182.02
8856,Jessica Gibbs,jessica.gibbs@outlook.com,India,2024-04-13,Premium,947.71
8857,Brandon Flores,brandon.flores@gmail.com,UK,2022-02-22,Premium,557.13
8858,Ashley Lloyd,ashley.lloyd@hotmail.com,India,2020-03-13,Basic,85.17
8859,Sharon Keller,sharon.keller@protonmail.com,India,2022-07-16,Standard,255.78
8860,Micheal Patterson,micheal.patterson@gmail.com,India,2025-03-28,Basic,63.09
8861,Jennifer Jones,jennifer.jones@gmail.com,France,2022-12-22,Premium,2065.86
8862,Ashlee Hull,ashlee.hull@yahoo.com,Germany,2020-11-06,Standard,475.67
8863,Matthew Patterson,matthew.patterson@protonmail.com,USA,2023-10-15,Basic,63.23
8864,Andre Mahoney,andre.mahoney@hotmail.com,India,2024-04-20,Premium,650.23
8865,Christopher Le,christopher.le@outlook.com,USA,2024-09-26,Standard,482.39
8866,Brittany Lewis,brittany.lewis@yahoo.com,USA,2023-09-09,Basic,13.26
8867,Manuel Payne,manuel.payne@hotmail.com,Australia,2024-02-21,Premium,2268.3
8868,Michael Lopez,michael.lopez@yahoo.com,UK,2024-12-28,Premium,882.03
8869,Thomas Smith,thomas.smith1@gmail.com,UK,2025-04-27,Basic,59.67
8870,Derrick King,derrick.king@outlook.com,UAE,2024-02-10,Standard,147.04
8871,Ryan Moore,ryan.moore@hotmail.com,USA,2024-01-26,Standard,301.11
8872,Alexis Dean,alexis.dean@yahoo.com,USA,2021-04-15,Premium,677.76
8873,Denise Davis,denise.davis@hotmail.com,USA,2023-07-03,Standard,392.18
8874,Jessica Davis,jessica.davis@protonmail.com,USA,2025-09-02,Standard,373.72
8875,Kyle Everett,kyle.everett@protonmail.com,India,2021-07-20,Standard,412.49
8876,Ashley Walton,ashley.walton@yahoo.com,Australia,2022-01-23,Standard,176.29
8877,Russell Potts,russell.potts@protonmail.com,Germany,2024-09-14,Basic,40.22
8878,Richard Patel,richard.patel@hotmail.com,USA,2025-03-29,Basic,12.43
8879,Deborah Sullivan,deborah.sullivan@outlook.com,UK,2020-11-13,Standard,435.19
8880,Ashley Mills,ashley.mills@icloud.com,USA,2025-01-23,Standard,221.76
8881,Jason Martin,jason.martin@gmail.com,India,2022-03-20,Standard,182.71
8882,Tracy Webb,tracy.webb@icloud.com,Germany,2025-04-05,Basic,36.73
8883,Christopher Guzman,christopher.guzman@gmail.com,USA,2025-09-15,Premium,4864.33
8884,Kaylee Anderson,kaylee.anderson@outlook.com,France,2024-01-17,Basic,39.06
8885,Denise Leonard,denise.leonard@outlook.com,Canada,2025-09-01,Standard,222.37
8886,Anthony Haley,anthony.haley@protonmail.com,USA,2025-03-11,Basic,25.1
8887,Heather Maynard,heather.maynard@yahoo.com,Germany,2025-08-07,Basic,23.59
8888,Amanda Alvarez,amanda.alvarez@protonmail.com,Germany,2024-02-05,Premium,3873.62
8889,Amy Gomez,amy.gomez@outlook.com,USA,2023-05-06,Standard,457.82
8890,Mary Boyle,mary.boyle@gmail.com,USA,2021-07-01,Standard,152.71
8891,Shelia Cohen,shelia.cohen@outlook.com,India,2022-03-12,Standard,452.59
8892,Rachel Wolfe,rachel.wolfe@hotmail.com,Italy,2024-02-15,Basic,38.4
8893,Kyle Wilson,kyle.wilson@protonmail.com,Germany,2021-04-21,Premium,4944.76
8894,Christopher Carrillo,christopher.carrillo@gmail.com,Germany,2025-12-22,Standard,376.83
8895,Mark Lopez,mark.lopez@hotmail.com,India,2022-03-27,Basic,26.14
8896,Stephanie Powers,stephanie.powers@hotmail.com,UK,2021-01-22,Basic,15.52
8897,Kristen Walsh,kristen.walsh@hotmail.com,USA,2022-12-10,Premium,3215.82
8898,Hunter Martinez,hunter.martinez@hotmail.com,UK,2020-03-13,Basic,80.32
8899,Brandon Martinez,brandon.martinez1@protonmail.com,Mexico,2021-01-28,Premium,2850.75
8900,Chad Wilkinson,chad.wilkinson@icloud.com,France,2024-03-12,Standard,279.45
8901,Kim Tucker,kim.tucker@hotmail.com,Italy,2022-03-25,Standard,154.6
8902,Nicholas Kaiser,nicholas.kaiser@yahoo.com,USA,2025-12-05,Standard,467.97
8903,Anna Bryant,anna.bryant@protonmail.com,UK,2023-06-30,Premium,4037.88
8904,Sandra Castillo,sandra.castillo@protonmail.com,Germany,2024-03-14,Standard,258.79
8905,Jennifer Smith,jennifer.smith@protonmail.com,USA,2024-03-23,Standard,133.51
8906,Robert Hoffman,robert.hoffman@protonmail.com,USA,2021-06-04,Basic,77.04
8907,Randall Parker,randall.parker@yahoo.com,Australia,2020-09-29,Standard,277.36
8908,Elizabeth Graham,elizabeth.graham@outlook.com,India,2025-06-12,Basic,64.26
8909,Richard Armstrong,richard.armstrong@yahoo.com,India,2024-12-07,Standard,160.02
8910,Brittany Mclean,brittany.mclean@gmail.com,USA,2021-05-28,Standard,462.27
8911,Nicole Davis,nicole.davis1@yahoo.com,UK,2024-07-19,Premium,4068.05
8912,Lisa Cruz,lisa.cruz@icloud.com,USA,2023-06-18,Premium,4644.73
8913,Michael Vazquez,michael.vazquez@outlook.com,USA,2020-11-21,Standard,278.38
8914,Arthur Hodge,arthur.hodge@hotmail.com,UK,2022-01-02,Basic,60.95
8915,Antonio Russell,antonio.russell@icloud.com,USA,2024-03-15,Standard,196.22
8916,Michael Hale,michael.hale@gmail.com,Singapore,2023-06-06,Standard,280.0
8917,Thomas Johnson,thomas.johnson2@gmail.com,UK,2024-11-11,Basic,12.82
8918,Jocelyn Proctor,jocelyn.proctor@protonmail.com,USA,2021-04-18,Basic,66.91
8919,Annette Jensen,annette.jensen@outlook.com,USA,2021-08-16,Standard,227.11
8920,Sydney Alexander,sydney.alexander@icloud.com,India,2022-03-06,Basic,34.93
8921,Daniel Reid,daniel.reid@gmail.com,USA,2023-11-22,Standard,205.14
8922,Debra Taylor,debra.taylor@protonmail.com,USA,2025-06-29,Standard,476.93
8923,Heather Walker,heather.walker@gmail.com,UK,2024-02-13,Basic,88.37
8924,Jamie Neal,jamie.neal@yahoo.com,USA,2021-09-29,Standard,294.17
8925,Brittney Ball,brittney.ball@gmail.com,Germany,2020-12-13,Basic,16.7
8926,Harry Bailey,harry.bailey@hotmail.com,UK,2022-11-08,Standard,179.07
8927,Evan Martin,evan.martin@protonmail.com,USA,2025-05-10,Basic,21.01
8928,Robert Clark,robert.clark@outlook.com,Australia,2024-06-30,Basic,25.22
8929,Kevin Archer,kevin.archer@gmail.com,UK,2025-04-04,Standard,123.85
8930,Melissa Mendez,melissa.mendez@hotmail.com,Germany,2023-04-22,Premium,1237.35
8931,Sabrina Oliver,sabrina.oliver@icloud.com,USA,2024-09-07,Standard,355.27
8932,Anita Hudson,anita.hudson@hotmail.com,Germany,2024-08-31,Basic,70.84
8933,Matthew Long,matthew.long@icloud.com,USA,2024-02-07,Standard,185.53
8934,Sandra Gutierrez,sandra.gutierrez@icloud.com,UK,2023-09-27,Basic,53.4
8935,Ryan Evans,ryan.evans@protonmail.com,USA,2022-08-18,Standard,122.64
8936,Mark Green,mark.green@gmail.com,UAE,2023-05-22,Standard,275.2
8937,Rachel Mclean,rachel.mclean@icloud.com,USA,2025-09-10,Basic,92.09
8938,Julie Parker,julie.parker@gmail.com,Spain,2022-07-29,Basic,78.5
8939,Jonathan Jones,jonathan.jones@icloud.com,Spain,2024-08-23,Standard,463.96
8940,Peggy Salazar,peggy.salazar@hotmail.com,UK,2025-10-23,Premium,1612.88
8941,Randall Reilly,randall.reilly@protonmail.com,USA,2024-03-22,Basic,92.07
8942,Brianna Mullins,brianna.mullins@outlook.com,USA,2023-08-07,Basic,50.47
8943,John Thornton,john.thornton1@gmail.com,UAE,2021-09-13,Standard,212.69
8944,Mia Hill,mia.hill@hotmail.com,Germany,2024-10-22,Standard,311.1
8945,Shannon Perez,shannon.perez@gmail.com,Germany,2025-11-14,Standard,357.48
8946,Nicole Wiley,nicole.wiley@protonmail.com,USA,2025-04-05,Standard,486.18
8947,Joseph Fox,joseph.fox@gmail.com,Japan,2022-05-27,Premium,3946.7
8948,Erica Sandoval,erica.sandoval@gmail.com,USA,2025-04-04,Standard,266.83
8949,Anna Thomas,anna.thomas@hotmail.com,USA,2023-09-27,Basic,72.66
8950,Brandon Murphy,brandon.murphy@yahoo.com,USA,2024-12-09,Standard,419.13
8951,Robert Jacobs,robert.jacobs@hotmail.com,UK,2022-04-29,Basic,87.7
8952,Thomas Mcconnell,thomas.mcconnell@icloud.com,Mexico,2022-12-03,Standard,481.64
8953,Vanessa Caldwell,vanessa.caldwell@yahoo.com,Australia,2024-11-25,Premium,3629.15
8954,Amanda Townsend,amanda.townsend@icloud.com,USA,2023-10-18,Standard,359.14
8955,Alexandra Hodge,alexandra.hodge@hotmail.com,USA,2025-04-27,Premium,4172.43
8956,Joseph Wright,joseph.wright@outlook.com,Australia,2022-03-25,Standard,272.52
8957,Dale Smith,dale.smith@protonmail.com,UK,2025-05-06,Basic,25.49
8958,Patricia Duncan,patricia.duncan@protonmail.com,USA,2023-10-19,Basic,52.47
8959,David Vazquez,david.vazquez@yahoo.com,UK,2021-07-12,Basic,55.18
8960,Darius Mendoza,darius.mendoza@outlook.com,Germany,2022-09-09,Basic,25.83
8961,Bradley Murphy,bradley.murphy@icloud.com,Singapore,2024-07-02,Basic,33.42
8962,Rachel Stone,rachel.stone@hotmail.com,India,2025-12-21,Standard,124.07
8963,James Mccoy,james.mccoy@yahoo.com,USA,2020-12-05,Basic,15.39
8964,Kristen Wood,kristen.wood@icloud.com,India,2023-02-09,Standard,462.51
8965,Thomas Richards,thomas.richards@hotmail.com,USA,2023-08-25,Premium,1959.87
8966,Michele Martinez,michele.martinez@gmail.com,Japan,2024-08-03,Basic,24.95
8967,John Williams,john.williams@yahoo.com,USA,2024-01-24,Basic,14.43
8968,Joshua Reynolds,joshua.reynolds@yahoo.com,USA,2025-04-09,Standard,171.76
8969,Kevin Hickman,kevin.hickman@protonmail.com,UK,2022-05-28,Basic,88.9
8970,Eddie Carr,eddie.carr@protonmail.com,USA,2021-05-19,Premium,2293.54
8971,Ashley Morrow,ashley.morrow@yahoo.com,USA,2022-02-14,Basic,98.98
8972,Donald Mclaughlin,donald.mclaughlin@yahoo.com,Germany,2025-02-23,Basic,40.45
8973,Michael Taylor,michael.taylor@outlook.com,Canada,2024-12-12,Standard,281.97
8974,Danny Gross,danny.gross@protonmail.com,Japan,2022-05-04,Basic,74.36
8975,Steven Garrison,steven.garrison@protonmail.com,UK,2025-01-13,Basic,38.91
8976,Michelle Rice,michelle.rice@outlook.com,USA,2024-07-31,Basic,99.19
8977,Brooke Lee,brooke.lee@outlook.com,UK,2023-12-20,Basic,66.36
8978,Brandi Burton,brandi.burton@hotmail.com,UK,2020-05-04,Standard,320.02
8979,Mary Maynard,mary.maynard@gmail.com,USA,2025-12-07,Standard,366.87
8980,Angela Jordan,angela.jordan@icloud.com,Mexico,2024-02-24,Standard,488.62
8981,Linda Livingston,linda.livingston@gmail.com,Singapore,2022-11-26,Standard,186.71
8982,Chelsea Blackburn,chelsea.blackburn@protonmail.com,USA,2022-08-28,Standard,451.29
8983,Jose Ward,jose.ward@gmail.com,Australia,2022-03-22,Premium,4656.39
8984,Kenneth Green,kenneth.green@hotmail.com,India,2024-03-06,Standard,242.87
8985,Mark Hughes,mark.hughes@hotmail.com,USA,2022-12-11,Basic,95.2
8986,Christopher Walker,christopher.walker@icloud.com,Germany,2022-01-09,Basic,87.98
8987,Amber Watson,amber.watson@protonmail.com,USA,2023-09-11,Basic,88.45
8988,Nicole Phillips,nicole.phillips@gmail.com,USA,2025-06-18,Standard,492.6
8989,Isaiah Poole,isaiah.poole@icloud.com,UAE,2023-10-01,Standard,403.74
8990,Eric Lambert,eric.lambert@protonmail.com,Germany,2023-06-05,Standard,256.93
8991,Derek Hodge,derek.hodge@hotmail.com,USA,2023-03-17,Premium,762.09
8992,James Ellis,james.ellis@gmail.com,UK,2024-11-25,Standard,336.28
8993,Isaac Russell,isaac.russell@outlook.com,Netherlands,2025-07-23,Standard,235.21
8994,Diana Smith,diana.smith1@yahoo.com,UK,2025-09-27,Basic,46.62
8995,Jesse Hayes,jesse.hayes@outlook.com,Mexico,2023-10-23,Standard,131.93
8996,Bethany Gordon,bethany.gordon@icloud.com,Brazil,2023-04-01,Basic,35.51
8997,Heather Owen,heather.owen@gmail.com,USA,2023-01-09,Basic,69.71
8998,Randy Underwood,randy.underwood@yahoo.com,India,2024-09-13,Basic,47.21
8999,Marie Johnson,marie.johnson@hotmail.com,India,2024-10-18,Standard,481.49
9000,Lacey Hinton,lacey.hinton@outlook.com,Canada,2023-09-26,Standard,369.31
9001,Debra Page,debra.page@hotmail.com,USA,2024-06-13,Basic,59.81
9002,Penny Carroll,penny.carroll@outlook.com,USA,2022-04-16,Premium,1598.5
9003,Juan Mullins,juan.mullins@hotmail.com,USA,2024-01-10,Premium,2663.9
9004,Susan Hernandez,susan.hernandez@gmail.com,Germany,2022-03-24,Basic,52.06
9005,Linda Davis,linda.davis@outlook.com,Australia,2023-10-24,Basic,43.04
9006,Elaine Freeman,elaine.freeman@hotmail.com,Canada,2020-04-27,Basic,50.22
9007,Pamela Brown,pamela.brown@outlook.com,Germany,2022-06-30,Premium,1727.01
9008,Joseph Chaney,joseph.chaney@outlook.com,USA,2022-08-07,Standard,111.6
9009,Kevin Skinner,kevin.skinner@yahoo.com,USA,2024-06-26,Basic,68.41
9010,Brian Perez,brian.perez@icloud.com,Australia,2024-06-19,Standard,491.31
9011,Laura Davenport,laura.davenport@gmail.com,Germany,2024-02-26,Premium,2538.74
9012,Stacey Martin,stacey.martin@yahoo.com,Australia,2023-04-17,Premium,4564.51
9013,Lisa Lynch,lisa.lynch@icloud.com,USA,2025-03-07,Standard,308.57
9014,Juan Myers,juan.myers@outlook.com,UK,2025-06-04,Standard,466.89
9015,Howard Walton,howard.walton@hotmail.com,Spain,2024-07-23,Basic,51.91
9016,Jessica Molina,jessica.molina@icloud.com,USA,2024-08-02,Standard,384.57
9017,Katherine Gonzalez,katherine.gonzalez@yahoo.com,USA,2025-01-12,Premium,1610.43
9018,Dennis Mcknight,dennis.mcknight@protonmail.com,India,2024-03-27,Basic,47.4
9019,Cindy Hall,cindy.hall@icloud.com,Germany,2022-07-30,Basic,92.43
9020,Derek Taylor,derek.taylor@outlook.com,Netherlands,2024-07-26,Standard,172.58
9021,Richard Frey,richard.frey@gmail.com,Spain,2021-07-11,Basic,48.57
9022,Jason Rich,jason.rich@protonmail.com,Canada,2025-08-24,Premium,3365.72
9023,Jerry Robinson,jerry.robinson@yahoo.com,USA,2024-08-29,Standard,498.92
9024,Jon Mcdonald,jon.mcdonald@gmail.com,UK,2025-01-11,Standard,404.9
9025,Carlos Schwartz,carlos.schwartz@gmail.com,Mexico,2021-11-09,Standard,198.06
9026,Ellen Patterson,ellen.patterson@yahoo.com,UK,2024-10-04,Basic,19.45
9027,Stephen Cantu,stephen.cantu@icloud.com,Singapore,2024-07-17,Basic,39.02
9028,Alex Chase,alex.chase@outlook.com,India,2025-03-25,Premium,3412.26
9029,Douglas Mendoza,douglas.mendoza@yahoo.com,USA,2025-05-27,Standard,166.42
9030,Chelsea Potter,chelsea.potter@hotmail.com,UK,2022-08-10,Basic,55.61
9031,Leslie Roach,leslie.roach@icloud.com,India,2025-01-16,Standard,428.3
9032,Brian Ramirez,brian.ramirez@gmail.com,USA,2025-12-27,Standard,236.9
9033,Mitchell Brown,mitchell.brown@yahoo.com,USA,2025-12-27,Standard,498.33
9034,Shelly Thompson,shelly.thompson@icloud.com,India,2024-06-18,Standard,468.27
9035,Jerry Perkins,jerry.perkins@yahoo.com,USA,2025-10-13,Standard,433.79
9036,Kayla Cabrera,kayla.cabrera@gmail.com,USA,2020-02-14,Standard,412.13
9037,George Johnson,george.johnson@protonmail.com,India,2022-03-28,Standard,398.99
9038,Joseph Hardin,joseph.hardin@protonmail.com,Australia,2021-03-28,Standard,413.57
9039,Laura Williams,laura.williams@gmail.com,UK,2024-11-23,Standard,300.7
9040,Amber Ellis,amber.ellis@outlook.com,Netherlands,2025-06-08,Premium,1155.62
9041,Stacey Marsh,stacey.marsh@outlook.com,Italy,2024-03-27,Premium,4964.97
9042,Lisa Robles,lisa.robles@yahoo.com,UK,2023-09-24,Standard,407.64
9043,Samantha Smith,samantha.smith@icloud.com,USA,2025-10-25,Basic,62.53
9044,Shawn Martin,shawn.martin@protonmail.com,Canada,2024-06-10,Basic,41.33
9045,Frank Robles,frank.robles@icloud.com,USA,2023-01-10,Premium,4143.74
9046,Kelly Ibarra,kelly.ibarra@yahoo.com,Japan,2024-11-12,Standard,237.18
9047,Brian Olsen,brian.olsen@protonmail.com,Germany,2024-07-07,Standard,331.21
9048,Jennifer Hendricks,jennifer.hendricks@protonmail.com,UK,2024-08-28,Standard,359.95
9049,Jonathon Ware,jonathon.ware@icloud.com,Germany,2025-03-13,Standard,374.67
9050,Steven Parsons,steven.parsons@yahoo.com,UK,2023-10-02,Basic,11.55
9051,Craig Lowery,craig.lowery@outlook.com,Italy,2023-08-14,Premium,2375.23
9052,Dawn Vazquez,dawn.vazquez@yahoo.com,USA,2024-11-19,Standard,477.49
9053,Manuel Green,manuel.green@outlook.com,Italy,2025-08-02,Standard,259.84
9054,Daniel Buchanan,daniel.buchanan@hotmail.com,USA,2023-12-09,Standard,207.92
9055,Caroline Atkins,caroline.atkins@yahoo.com,Canada,2025-06-29,Premium,2089.05
9056,Sara Williams,sara.williams@gmail.com,Spain,2024-02-26,Standard,457.72
9057,Michael Weaver,michael.weaver@icloud.com,UK,2020-04-01,Premium,4079.03
9058,Amanda Knapp,amanda.knapp@yahoo.com,USA,2023-10-02,Basic,70.02
9059,Eric Byrd,eric.byrd@gmail.com,France,2022-02-09,Standard,260.26
9060,Cristina Morgan,cristina.morgan@yahoo.com,Japan,2021-12-05,Standard,246.37
9061,Monica Brown,monica.brown@gmail.com,USA,2022-01-08,Basic,75.3
9062,Eric George,eric.george@hotmail.com,UK,2024-09-08,Basic,62.21
9063,Leah Richards,leah.richards@outlook.com,France,2024-05-12,Standard,229.12
9064,Hailey Cruz,hailey.cruz@outlook.com,USA,2024-03-25,Basic,63.26
9065,Katherine Campbell,katherine.campbell@outlook.com,Germany,2023-12-30,Basic,80.51
9066,Jonathan Hunter,jonathan.hunter@outlook.com,UK,2023-08-28,Premium,3062.76
9067,Jodi Valentine,jodi.valentine@yahoo.com,USA,2025-09-15,Standard,300.77
9068,Todd Burton,todd.burton@protonmail.com,France,2025-11-06,Standard,332.75
9069,Shannon Hammond,shannon.hammond@outlook.com,USA,2024-03-31,Standard,325.32
9070,Charles Lopez,charles.lopez@yahoo.com,Italy,2022-03-31,Basic,58.21
9071,David Miller,david.miller@outlook.com,Germany,2025-10-21,Standard,391.02
9072,Brandon Schmidt,brandon.schmidt@icloud.com,UK,2025-04-09,Premium,3781.82
9073,Tammy Williams,tammy.williams@hotmail.com,UK,2021-02-15,Standard,358.14
9074,Heidi Haas,heidi.haas@yahoo.com,UK,2023-04-25,Basic,65.54
9075,Angela Aguirre,angela.aguirre@yahoo.com,France,2023-11-11,Standard,153.51
9076,Julia Williams,julia.williams@gmail.com,India,2024-09-11,Premium,3574.94
9077,Sabrina Daugherty,sabrina.daugherty@hotmail.com,Canada,2024-10-04,Standard,487.72
9078,Charles Wyatt,charles.wyatt@gmail.com,UK,2022-06-26,Standard,154.52
9079,Michelle Washington,michelle.washington@icloud.com,USA,2022-09-12,Premium,2953.88
9080,Heather Yates,heather.yates@yahoo.com,USA,2023-10-24,Standard,417.19
9081,Sarah George,sarah.george@gmail.com,Australia,2024-09-25,Premium,2286.7
9082,Michael Matthews,michael.matthews@protonmail.com,UK,2024-06-23,Standard,466.42
9083,Christine King,christine.king@hotmail.com,UK,2022-06-09,Premium,3139.71
9084,Michael George,michael.george@hotmail.com,UK,2024-09-07,Premium,1020.81
9085,Jill Merritt,jill.merritt@hotmail.com,UK,2025-10-08,Standard,105.98
9086,Daniel Garcia,daniel.garcia@gmail.com,India,2021-12-25,Premium,3057.8
9087,Gregory Whitehead,gregory.whitehead@outlook.com,Germany,2024-03-02,Premium,4028.86
9088,Sierra Goodman,sierra.goodman@yahoo.com,Singapore,2023-11-05,Standard,181.91
9089,John Grant,john.grant@yahoo.com,USA,2022-01-16,Premium,2860.23
9090,Hunter Smith,hunter.smith@yahoo.com,Germany,2025-08-22,Premium,1257.18
9091,Mercedes Hernandez,mercedes.hernandez@yahoo.com,USA,2025-07-24,Standard,310.56
9092,Daniel Thompson,daniel.thompson@hotmail.com,France,2023-11-12,Standard,426.33
9093,Erin Cohen,erin.cohen@hotmail.com,Germany,2023-02-18,Standard,382.81
9094,Jorge Koch,jorge.koch@outlook.com,UK,2021-07-03,Basic,51.96
9095,Patrick Rubio,patrick.rubio@protonmail.com,Australia,2024-02-29,Standard,399.06
9096,Regina Singh,regina.singh@icloud.com,UK,2020-11-13,Standard,182.2
9097,Aaron Ryan,aaron.ryan@outlook.com,USA,2023-01-11,Basic,64.82
9098,James Cherry,james.cherry@yahoo.com,UK,2021-12-25,Standard,371.53
9099,Kelly Ramos,kelly.ramos@icloud.com,USA,2024-04-02,Basic,88.55
9100,Rebecca Smith,rebecca.smith@gmail.com,Mexico,2025-07-16,Standard,303.9
9101,Wayne Stone,wayne.stone@icloud.com,India,2021-01-21,Standard,124.27
9102,William Carpenter,william.carpenter@icloud.com,Canada,2024-07-31,Basic,82.6
9103,Mark Nelson,mark.nelson@hotmail.com,Brazil,2025-10-02,Premium,4733.44
9104,Andrew Martin,andrew.martin@yahoo.com,Australia,2021-07-03,Basic,65.87
9105,Michelle Austin,michelle.austin@outlook.com,UK,2025-08-17,Standard,252.08
9106,Nicholas Romero,nicholas.romero@outlook.com,USA,2024-01-02,Standard,435.56
9107,Michael Salazar,michael.salazar@outlook.com,USA,2024-01-25,Standard,483.71
9108,Nancy Lopez,nancy.lopez@yahoo.com,Italy,2024-11-04,Standard,141.51
9109,Evelyn Crawford,evelyn.crawford@protonmail.com,Netherlands,2022-02-14,Premium,3817.03
9110,Claire Mckee,claire.mckee@protonmail.com,Canada,2020-07-17,Basic,68.4
9111,Ray Walters,ray.walters@gmail.com,USA,2023-04-16,Standard,453.48
9112,Jason Meza,jason.meza@outlook.com,USA,2024-07-17,Basic,60.89
9113,Carla Stewart,carla.stewart@protonmail.com,Brazil,2025-12-28,Standard,408.62
9114,Jesse Lopez,jesse.lopez@yahoo.com,USA,2023-09-09,Standard,446.66
9115,Samantha Wells,samantha.wells@yahoo.com,Germany,2022-12-28,Standard,425.01
9116,Laura Moore,laura.moore@icloud.com,USA,2021-10-22,Standard,176.54
9117,Michael Hernandez,michael.hernandez@gmail.com,USA,2025-11-15,Standard,452.49
9118,Robert Blackwell,robert.blackwell@outlook.com,India,2022-08-06,Basic,68.56
9119,Michael Miller,michael.miller@protonmail.com,Netherlands,2025-08-16,Basic,59.05
9120,Lisa Anderson,lisa.anderson@outlook.com,Australia,2022-03-08,Standard,363.08
9121,Destiny Armstrong,destiny.armstrong@outlook.com,UK,2020-05-18,Standard,314.6
9122,Sara Hernandez,sara.hernandez@icloud.com,UK,2022-11-25,Standard,143.67
9123,Justin Jones,justin.jones@icloud.com,Spain,2023-12-15,Standard,327.28
9124,Sandra Friedman,sandra.friedman@icloud.com,Germany,2023-12-13,Standard,180.26
9125,Kayla Robinson,kayla.robinson@icloud.com,UK,2025-01-20,Standard,348.4
9126,Edward Stewart,edward.stewart@yahoo.com,India,2024-07-11,Premium,3806.99
9127,Katherine Haynes,katherine.haynes@yahoo.com,USA,2021-08-08,Premium,2814.29
9128,Richard Graham,richard.graham@yahoo.com,USA,2024-11-26,Basic,39.11
9129,Steven Cortez,steven.cortez@hotmail.com,Japan,2023-04-10,Basic,82.36
9130,Eric Ortiz,eric.ortiz@hotmail.com,Germany,2024-05-08,Basic,60.68
9131,Margaret Sharp,margaret.sharp@icloud.com,USA,2025-08-13,Standard,217.79
9132,Elizabeth Finley,elizabeth.finley@outlook.com,USA,2025-05-10,Standard,116.28
9133,Brad Bennett,brad.bennett@icloud.com,UAE,2024-04-12,Standard,230.44
9134,Matthew Green,matthew.green@gmail.com,Germany,2023-01-07,Basic,84.08
9135,Wyatt Lucas,wyatt.lucas@outlook.com,Germany,2023-11-20,Standard,170.91
9136,Andrea Davis,andrea.davis@protonmail.com,USA,2023-08-09,Standard,276.79
9137,Jamie Rodriguez,jamie.rodriguez@protonmail.com,Singapore,2023-02-16,Premium,612.34
9138,Diana Wolf,diana.wolf@protonmail.com,Mexico,2020-08-30,Premium,858.6
9139,Billy Nelson,billy.nelson@gmail.com,Germany,2022-11-22,Premium,4053.46
9140,Amanda Rosales,amanda.rosales@protonmail.com,USA,2025-09-22,Standard,437.1
9141,Janet Moore,janet.moore@outlook.com,India,2025-02-08,Basic,66.42
9142,Lori Miller,lori.miller@yahoo.com,Japan,2020-03-16,Basic,56.78
9143,Melissa Davis,melissa.davis@outlook.com,Australia,2025-05-11,Standard,148.96
9144,Maria Casey,maria.casey@protonmail.com,Singapore,2025-09-26,Standard,220.75
9145,Nathan Phillips,nathan.phillips@gmail.com,Germany,2020-02-14,Basic,89.15
9146,Elizabeth Stephenson,elizabeth.stephenson@protonmail.com,USA,2025-02-19,Premium,1424.37
9147,Jennifer Medina,jennifer.medina@hotmail.com,UK,2025-01-09,Basic,56.67
9148,Molly Stephens,molly.stephens@yahoo.com,France,2024-10-29,Basic,86.61
9149,Amanda Esparza,amanda.esparza@gmail.com,USA,2025-09-29,Standard,288.54
9150,Kenneth Smith,kenneth.smith@gmail.com,USA,2023-11-21,Premium,3952.09
9151,Kathryn Rodriguez,kathryn.rodriguez@protonmail.com,India,2024-11-21,Standard,195.79
9152,Mark Hawkins,mark.hawkins@icloud.com,UK,2024-08-08,Standard,108.63
9153,Brian Parker,brian.parker@yahoo.com,France,2024-07-09,Basic,88.92
9154,Kevin Anderson,kevin.anderson@protonmail.com,USA,2022-09-27,Standard,410.47
9155,Mary Smith,mary.smith@outlook.com,USA,2024-04-26,Standard,259.26
9156,Laura Thompson,laura.thompson@hotmail.com,USA,2025-12-26,Standard,206.91
9157,Sarah Sexton,sarah.sexton@protonmail.com,India,2025-02-01,Basic,45.01
9158,Tyler Little,tyler.little@protonmail.com,Canada,2021-10-08,Standard,309.44
9159,Timothy Decker,timothy.decker@yahoo.com,UK,2023-01-16,Premium,3491.26
9160,Abigail Parsons,abigail.parsons@icloud.com,UK,2020-09-26,Standard,341.11
9161,Susan Little,susan.little@hotmail.com,USA,2024-03-03,Standard,176.42
9162,Juan Berg,juan.berg@hotmail.com,India,2022-05-29,Standard,243.28
9163,Kaitlyn Hampton,kaitlyn.hampton@gmail.com,UAE,2025-02-07,Standard,443.74
9164,David Graham,david.graham@icloud.com,Australia,2024-12-04,Standard,157.53
9165,David Phillips,david.phillips1@gmail.com,USA,2023-07-25,Basic,48.68
9166,Henry Bishop,henry.bishop@hotmail.com,Germany,2024-05-29,Basic,62.23
9167,Jennifer Graham,jennifer.graham@outlook.com,USA,2022-06-16,Basic,50.64
9168,Duane Jones,duane.jones@protonmail.com,USA,2021-02-22,Basic,73.96
9169,Isaac Torres,isaac.torres@gmail.com,USA,2021-07-31,Standard,122.4
9170,Caleb Mitchell,caleb.mitchell@icloud.com,USA,2024-05-17,Standard,187.11
9171,Cheryl Patel,cheryl.patel@gmail.com,USA,2025-05-23,Standard,147.54
9172,Laura Rodriguez,laura.rodriguez@hotmail.com,Australia,2022-08-11,Premium,3116.86
9173,Jessica Pace,jessica.pace@hotmail.com,USA,2024-08-04,Basic,42.95
9174,Sally Carroll,sally.carroll@icloud.com,Canada,2020-09-21,Premium,4291.91
9175,Michelle Glenn,michelle.glenn@outlook.com,Netherlands,2023-06-01,Standard,273.22
9176,Christopher Huffman,christopher.huffman@hotmail.com,Germany,2024-11-24,Standard,342.07
9177,Sean Bryan,sean.bryan@protonmail.com,UK,2025-07-06,Basic,76.34
9178,Richard Lynch,richard.lynch@hotmail.com,Canada,2025-04-24,Standard,113.1
9179,Tiffany Ramirez,tiffany.ramirez@protonmail.com,USA,2024-09-13,Standard,358.43
9180,Hannah Davis,hannah.davis@protonmail.com,UK,2023-06-06,Standard,118.34
9181,Eugene Hale,eugene.hale@protonmail.com,UK,2020-12-10,Standard,392.31
9182,Daniel Dunn,daniel.dunn@outlook.com,France,2022-05-21,Basic,28.09
9183,Brian Golden,brian.golden@yahoo.com,France,2025-07-22,Standard,108.5
9184,Robert Smith,robert.smith@outlook.com,Japan,2024-06-16,Basic,98.96
9185,Haley Jackson,haley.jackson@hotmail.com,India,2023-09-27,Premium,4932.19
9186,Aaron Smith,aaron.smith@protonmail.com,UK,2022-05-25,Standard,134.85
9187,Sharon Adkins,sharon.adkins@hotmail.com,France,2021-12-19,Basic,87.87
9188,Amber Lee,amber.lee@protonmail.com,Brazil,2024-07-24,Standard,191.94
9189,Randy Salas,randy.salas@outlook.com,UK,2023-09-27,Standard,107.69
9190,Adam Welch,adam.welch@icloud.com,UAE,2025-11-30,Standard,378.87
9191,Mark White,mark.white@gmail.com,Brazil,2023-03-06,Basic,24.81
9192,John Moreno,john.moreno@protonmail.com,UK,2025-01-22,Premium,3967.2
9193,Jimmy Mckinney,jimmy.mckinney@gmail.com,USA,2021-02-16,Standard,308.03
9194,Savannah Tran,savannah.tran@icloud.com,USA,2021-05-11,Basic,59.42
9195,Evan Butler,evan.butler@gmail.com,Australia,2022-09-11,Standard,183.98
9196,Lisa Jackson,lisa.jackson@icloud.com,USA,2022-03-15,Standard,235.04
9197,Kimberly Saunders,kimberly.saunders@hotmail.com,UK,2025-12-08,Standard,277.61
9198,Bryan Hayes,bryan.hayes@outlook.com,Germany,2025-04-04,Standard,307.82
9199,Amanda Reynolds,amanda.reynolds@icloud.com,Brazil,2023-03-07,Basic,78.87
9200,Lynn Avila,lynn.avila@hotmail.com,Japan,2024-04-26,Standard,493.06
9201,Sarah Hodge,sarah.hodge@yahoo.com,Canada,2024-08-18,Basic,65.04
9202,Gregory Peters,gregory.peters@yahoo.com,UK,2024-04-16,Basic,26.06
9203,Pamela Macias,pamela.macias@protonmail.com,USA,2021-01-29,Standard,442.27
9204,Walter Orozco,walter.orozco@protonmail.com,India,2023-12-24,Standard,186.1
9205,Emily Andrade,emily.andrade@protonmail.com,USA,2021-12-29,Standard,346.37
9206,James Olsen,james.olsen@protonmail.com,Germany,2025-10-15,Basic,98.95
9207,Rick Burgess,rick.burgess@protonmail.com,UAE,2023-12-22,Standard,327.21
9208,William Reid,william.reid@hotmail.com,Germany,2024-07-11,Premium,3540.9
9209,Nicole Richmond,nicole.richmond@hotmail.com,India,2025-03-22,Basic,44.99
9210,Robin Brady,robin.brady@outlook.com,India,2022-10-30,Standard,143.92
9211,Katrina Thompson,katrina.thompson@yahoo.com,France,2021-06-17,Basic,38.41
9212,Spencer Wright,spencer.wright@outlook.com,UK,2023-08-01,Standard,175.76
9213,Andrea Sanford,andrea.sanford@hotmail.com,UK,2024-12-05,Standard,416.68
9214,Daniel Dudley,daniel.dudley@icloud.com,USA,2023-01-30,Standard,230.34
9215,James Beck,james.beck@hotmail.com,Germany,2020-01-16,Basic,21.09
9216,Kylie Harris,kylie.harris@gmail.com,USA,2020-06-04,Premium,1982.56
9217,Jeremiah Lynch,jeremiah.lynch@icloud.com,UK,2024-07-09,Standard,216.36
9218,Cory Fernandez,cory.fernandez@outlook.com,Canada,2024-05-01,Basic,96.24
9219,William Arellano,william.arellano@gmail.com,USA,2021-11-16,Basic,11.2
9220,Michael Lopez,michael.lopez2@outlook.com,Germany,2025-08-08,Premium,1139.72
9221,Jillian Chandler,jillian.chandler@outlook.com,USA,2023-10-16,Standard,434.38
9222,Bryan Woods,bryan.woods@outlook.com,USA,2020-08-29,Standard,369.27
9223,Jeanette Duran,jeanette.duran@outlook.com,USA,2023-11-07,Standard,140.73
9224,Shelley Smith,shelley.smith@gmail.com,USA,2024-09-16,Premium,1039.7
9225,Stephanie Olson,stephanie.olson@yahoo.com,UAE,2024-01-16,Standard,355.44
9226,Paul Curtis,paul.curtis@yahoo.com,UAE,2023-04-10,Standard,118.35
9227,Roberto Soto,roberto.soto@protonmail.com,India,2022-01-24,Standard,491.88
9228,Mitchell Perkins,mitchell.perkins@yahoo.com,Germany,2023-03-23,Standard,263.13
9229,Adam Nolan,adam.nolan@yahoo.com,Australia,2023-04-08,Basic,94.18
9230,Amanda Garcia,amanda.garcia@yahoo.com,Mexico,2023-01-27,Standard,317.28
9231,Destiny Adams,destiny.adams@gmail.com,UK,2023-06-24,Basic,72.29
9232,Kayla Howell,kayla.howell@outlook.com,USA,2023-11-24,Standard,100.16
9233,Stuart Wallace,stuart.wallace@yahoo.com,India,2021-01-07,Basic,43.96
9234,Robert Murray,robert.murray@gmail.com,UAE,2022-05-27,Basic,90.14
9235,Wesley Rodriguez,wesley.rodriguez@hotmail.com,USA,2021-04-12,Standard,439.33
9236,Tara Barnes,tara.barnes@icloud.com,UK,2024-02-02,Standard,130.96
9237,Melissa Day,melissa.day@hotmail.com,USA,2023-09-29,Standard,405.06
9238,Amber Evans,amber.evans@yahoo.com,USA,2024-02-04,Standard,497.22
9239,Donna Thompson,donna.thompson@yahoo.com,India,2021-01-30,Basic,89.58
9240,Emma Ewing,emma.ewing@hotmail.com,USA,2023-03-12,Standard,108.79
9241,Lynn Hernandez,lynn.hernandez@icloud.com,Italy,2022-11-08,Standard,173.73
9242,Peter Richardson,peter.richardson@outlook.com,Australia,2021-07-13,Basic,84.41
9243,Stephanie Ross,stephanie.ross@hotmail.com,USA,2024-02-26,Premium,3834.75
9244,Patrick Jackson,patrick.jackson@gmail.com,France,2021-07-14,Premium,1651.4
9245,Molly Andrews,molly.andrews@icloud.com,Canada,2021-01-16,Premium,1683.2
9246,Clinton Morris,clinton.morris@yahoo.com,UK,2023-06-05,Basic,43.11
9247,James Jensen,james.jensen@hotmail.com,UK,2022-09-19,Premium,2344.22
9248,Brittany Vance,brittany.vance@hotmail.com,Japan,2025-05-19,Premium,4155.12
9249,Francisco Nguyen,francisco.nguyen@hotmail.com,UK,2025-06-19,Standard,494.2
9250,Carrie Lambert,carrie.lambert@gmail.com,USA,2023-07-29,Basic,94.35
9251,Courtney Smith,courtney.smith@icloud.com,USA,2022-11-19,Standard,265.61
9252,Sean Evans,sean.evans@gmail.com,USA,2023-08-12,Basic,22.67
9253,Derek Hensley,derek.hensley@yahoo.com,India,2023-07-12,Premium,2407.9
9254,Andrew Adams,andrew.adams@gmail.com,USA,2023-06-26,Standard,173.71
9255,Thomas Hubbard,thomas.hubbard@hotmail.com,India,2020-11-13,Standard,131.99
9256,Robert Garza,robert.garza1@hotmail.com,UK,2021-10-13,Standard,477.65
9257,Wendy Brown,wendy.brown@outlook.com,Japan,2021-02-08,Basic,49.03
9258,Samuel Montgomery,samuel.montgomery@outlook.com,UK,2023-08-02,Standard,496.53
9259,Todd Hart,todd.hart@yahoo.com,Italy,2024-11-12,Standard,265.69
9260,Angela Larson,angela.larson@yahoo.com,Mexico,2025-12-20,Premium,1990.7
9261,Kurt Frazier,kurt.frazier@gmail.com,USA,2022-05-05,Premium,2778.16
9262,Jonathan Bell,jonathan.bell@gmail.com,India,2024-10-12,Basic,27.3
9263,Christine Duncan,christine.duncan@icloud.com,USA,2022-09-29,Standard,101.08
9264,Richard Jones,richard.jones@outlook.com,France,2020-04-06,Basic,97.7
9265,William Lang,william.lang@gmail.com,Germany,2024-08-28,Premium,2581.52
9266,Laurie Boone,laurie.boone@protonmail.com,USA,2022-09-25,Basic,49.17
9267,Daniel Murray,daniel.murray@icloud.com,USA,2025-02-08,Basic,54.78
9268,Keith Ellis,keith.ellis@gmail.com,UK,2025-12-15,Premium,1726.71
9269,Sherry Cooper,sherry.cooper@gmail.com,Australia,2021-01-20,Premium,3836.06
9270,Raymond Perkins,raymond.perkins@yahoo.com,Australia,2022-06-15,Basic,40.12
9271,Lindsey Rodriguez,lindsey.rodriguez@outlook.com,USA,2022-06-27,Premium,4685.0
9272,Oscar Frank,oscar.frank@yahoo.com,USA,2025-04-02,Standard,180.21
9273,Amanda Baker,amanda.baker@hotmail.com,UK,2020-07-14,Basic,51.7
9274,Leslie Sparks,leslie.sparks@protonmail.com,Germany,2024-02-24,Basic,62.26
9275,Garrett Bowman,garrett.bowman@icloud.com,USA,2022-07-29,Basic,64.49
9276,Linda Liu,linda.liu@icloud.com,USA,2024-05-31,Basic,36.1
9277,Mark Jackson,mark.jackson@icloud.com,Mexico,2021-04-30,Standard,433.74
9278,Mary Downs,mary.downs@yahoo.com,UK,2025-08-17,Basic,45.82
9279,Frank Taylor,frank.taylor@yahoo.com,Canada,2024-08-12,Standard,239.85
9280,Stephen Sanders,stephen.sanders@outlook.com,UK,2020-11-11,Basic,75.49
9281,Kelly Guzman,kelly.guzman@hotmail.com,UK,2022-02-06,Standard,122.47
9282,Bruce Larsen,bruce.larsen@yahoo.com,Germany,2023-01-13,Standard,111.01
9283,Harold Nichols,harold.nichols@protonmail.com,USA,2024-06-30,Basic,26.28
9284,Johnny Meyer,johnny.meyer@yahoo.com,USA,2025-09-04,Standard,293.1
9285,Kayla Smith,kayla.smith@icloud.com,UAE,2023-02-04,Standard,102.33
9286,Natalie Berry,natalie.berry@outlook.com,Brazil,2025-01-14,Standard,313.33
9287,James Wade,james.wade@icloud.com,Canada,2022-08-03,Standard,241.21
9288,Blake Olson,blake.olson@gmail.com,USA,2025-01-29,Standard,473.88
9289,Elizabeth Fernandez,elizabeth.fernandez@gmail.com,USA,2025-05-29,Basic,48.64
9290,Joel Larson,joel.larson@hotmail.com,USA,2024-05-19,Standard,123.79
9291,Thomas Whitaker,thomas.whitaker@hotmail.com,Italy,2025-09-17,Standard,365.92
9292,Julia Rodriguez,julia.rodriguez@hotmail.com,France,2023-03-02,Standard,207.43
9293,Michael Joyce,michael.joyce@yahoo.com,UK,2024-07-19,Basic,43.91
9294,Joel Hernandez,joel.hernandez@gmail.com,Singapore,2020-12-31,Basic,54.68
9295,Susan Kramer,susan.kramer@outlook.com,USA,2022-11-19,Premium,1420.76
9296,Rose Williams,rose.williams@yahoo.com,Germany,2024-07-22,Standard,228.72
9297,Jason Frazier,jason.frazier@yahoo.com,USA,2025-12-08,Basic,59.61
9298,Jennifer Wolf,jennifer.wolf@yahoo.com,USA,2025-08-27,Premium,842.09
9299,Richard Vargas,richard.vargas@yahoo.com,Italy,2024-06-27,Standard,331.79
9300,Molly Carlson,molly.carlson@icloud.com,Brazil,2025-04-16,Standard,394.31
9301,Deanna Smith,deanna.smith@gmail.com,USA,2025-06-20,Premium,3025.9
9302,Tammy Howard,tammy.howard@outlook.com,USA,2024-05-12,Basic,70.89
9303,Kelly Grant,kelly.grant@protonmail.com,Germany,2021-02-07,Basic,55.56
9304,Katrina Lee,katrina.lee@outlook.com,USA,2023-11-23,Basic,31.17
9305,Samuel Weaver,samuel.weaver@protonmail.com,Germany,2023-11-13,Standard,454.02
9306,Megan Mooney,megan.mooney@outlook.com,Germany,2025-03-26,Basic,17.27
9307,Ryan Hudson,ryan.hudson@gmail.com,USA,2024-10-06,Standard,483.43
9308,Wayne Castillo,wayne.castillo@hotmail.com,USA,2025-04-04,Basic,92.17
9309,Jennifer Smith,jennifer.smith@outlook.com,USA,2025-03-17,Premium,2116.87
9310,David Kennedy,david.kennedy@hotmail.com,Italy,2024-11-20,Premium,1868.27
9311,Robert Day,robert.day@yahoo.com,USA,2025-10-03,Standard,158.79
9312,Austin Rodriguez,austin.rodriguez@yahoo.com,Germany,2024-05-18,Basic,94.67
9313,Karen Patterson,karen.patterson@hotmail.com,USA,2024-03-23,Premium,3657.66
9314,Pamela Martinez,pamela.martinez@gmail.com,India,2023-12-02,Standard,413.98
9315,Jerry Ellison,jerry.ellison@gmail.com,USA,2025-12-13,Standard,477.5
9316,Kevin Novak,kevin.novak@hotmail.com,USA,2025-02-11,Basic,64.15
9317,David Larson,david.larson@outlook.com,Canada,2024-06-05,Basic,71.45
9318,Bradley Webb,bradley.webb@hotmail.com,India,2023-09-29,Basic,32.07
9319,Elizabeth Blevins,elizabeth.blevins@protonmail.com,USA,2023-10-19,Standard,263.68
9320,Angelica Hickman,angelica.hickman@outlook.com,USA,2025-08-28,Basic,48.49
9321,Lori Brooks,lori.brooks@protonmail.com,Netherlands,2025-05-07,Standard,377.56
9322,Kevin Johnson,kevin.johnson@icloud.com,USA,2025-07-17,Premium,4338.16
9323,Donald Strickland,donald.strickland@yahoo.com,USA,2024-10-14,Basic,88.15
9324,Darryl Kent,darryl.kent@hotmail.com,UK,2024-10-07,Standard,466.74
9325,Cheryl Graham,cheryl.graham@yahoo.com,USA,2021-02-27,Standard,356.19
9326,Tim Stewart,tim.stewart@protonmail.com,India,2024-01-31,Standard,299.86
9327,Ronald Thompson,ronald.thompson@hotmail.com,India,2023-11-11,Basic,75.3
9328,Sheila White,sheila.white@outlook.com,UK,2025-08-01,Basic,72.46
9329,Chelsea Rivera,chelsea.rivera@gmail.com,Germany,2020-03-04,Standard,472.32
9330,Jason Reid,jason.reid@yahoo.com,UK,2025-03-19,Basic,25.03
9331,Donna Gonzales,donna.gonzales@hotmail.com,Canada,2023-02-21,Standard,474.49
9332,Anthony Porter,anthony.porter@yahoo.com,USA,2021-06-18,Premium,2898.79
9333,Timothy Price,timothy.price@protonmail.com,USA,2024-05-18,Premium,622.75
9334,Amber Cohen,amber.cohen@outlook.com,India,2024-01-25,Standard,106.3
9335,Mark Harper,mark.harper@gmail.com,USA,2024-07-16,Premium,1370.68
9336,Carolyn Nguyen,carolyn.nguyen@icloud.com,USA,2024-05-27,Basic,51.43
9337,Cole Holloway,cole.holloway@protonmail.com,USA,2024-07-13,Basic,90.35
9338,Jesse Perez,jesse.perez@yahoo.com,India,2021-01-16,Standard,297.69
9339,Adam Rivas,adam.rivas@outlook.com,USA,2025-02-18,Basic,93.39
9340,Tara Roberts,tara.roberts@gmail.com,India,2025-12-01,Basic,22.59
9341,Jessica Robinson,jessica.robinson@hotmail.com,Australia,2024-02-12,Standard,143.95
9342,Gabriel Poole,gabriel.poole@gmail.com,Germany,2020-02-05,Premium,1211.44
9343,Rachel Brown,rachel.brown@yahoo.com,USA,2024-02-26,Standard,165.4
9344,Joyce Foster,joyce.foster@gmail.com,France,2022-02-24,Standard,251.17
9345,Dominique Potts,dominique.potts@yahoo.com,USA,2025-04-03,Standard,266.83
9346,Sarah Jones,sarah.jones@gmail.com,Spain,2020-11-23,Standard,240.79
9347,Jennifer Kennedy,jennifer.kennedy@hotmail.com,India,2021-04-15,Standard,465.74
9348,Sandra Bowman,sandra.bowman@protonmail.com,USA,2022-04-28,Standard,148.8
9349,Cynthia Ford,cynthia.ford@yahoo.com,Australia,2024-08-14,Premium,1768.08
9350,Eric Barton,eric.barton@yahoo.com,UK,2024-07-09,Standard,407.19
9351,Amanda Gardner,amanda.gardner@yahoo.com,UK,2024-07-25,Standard,423.51
9352,John Reed,john.reed@outlook.com,UK,2023-05-06,Basic,25.18
9353,Manuel Leonard,manuel.leonard@protonmail.com,Germany,2025-05-25,Standard,264.77
9354,Angela Jackson,angela.jackson@icloud.com,India,2023-09-19,Standard,374.74
9355,Breanna Torres,breanna.torres@icloud.com,Mexico,2021-04-23,Standard,471.73
9356,Erin Reed,erin.reed@protonmail.com,USA,2024-04-10,Standard,498.59
9357,Jennifer Edwards,jennifer.edwards@gmail.com,Germany,2024-01-12,Premium,3531.83
9358,Richard Madden,richard.madden@hotmail.com,India,2024-08-14,Standard,333.97
9359,Mark Richardson,mark.richardson@icloud.com,India,2023-10-12,Premium,3158.94
9360,Christopher Jones,christopher.jones@yahoo.com,UK,2024-08-11,Premium,4448.11
9361,Matthew Williams,matthew.williams@yahoo.com,USA,2020-03-09,Standard,312.46
9362,Melissa Williams,melissa.williams@outlook.com,Canada,2023-09-17,Basic,37.71
9363,Kyle Davis,kyle.davis@yahoo.com,USA,2023-03-22,Premium,1080.06
9364,Shane Parker,shane.parker@protonmail.com,USA,2024-04-06,Premium,3497.35
9365,Thomas Duran,thomas.duran@icloud.com,Germany,2022-08-13,Premium,1272.89
9366,Danielle Kelly,danielle.kelly@protonmail.com,USA,2022-06-29,Standard,185.51
9367,Donald Gonzales,donald.gonzales@icloud.com,USA,2022-12-08,Standard,389.65
9368,Allison Paul,allison.paul@icloud.com,USA,2023-03-05,Premium,1803.71
9369,Jessica Rodriguez,jessica.rodriguez1@outlook.com,India,2022-11-08,Standard,322.85
9370,Kristine Murray,kristine.murray@gmail.com,Singapore,2024-05-10,Basic,63.86
9371,Michael Evans,michael.evans@hotmail.com,UK,2023-05-23,Standard,464.57
9372,Linda Duncan,linda.duncan@hotmail.com,USA,2023-11-15,Standard,164.15
9373,James Roberts,james.roberts@icloud.com,France,2024-09-04,Standard,435.04
9374,Rachel Harris,rachel.harris@icloud.com,USA,2023-03-19,Standard,448.6
9375,Mathew Freeman,mathew.freeman@icloud.com,UAE,2024-06-02,Standard,223.09
9376,Amanda Walker,amanda.walker@protonmail.com,Germany,2024-12-26,Standard,375.2
9377,David Robinson,david.robinson@protonmail.com,USA,2024-04-16,Basic,57.67
9378,Christopher Cobb,christopher.cobb@outlook.com,UK,2024-08-23,Basic,74.07
9379,Haley Allen,haley.allen@protonmail.com,USA,2023-03-18,Basic,65.49
9380,Dawn Sellers,dawn.sellers@protonmail.com,Australia,2022-11-06,Standard,421.46
9381,Tina Simmons,tina.simmons@protonmail.com,USA,2023-04-18,Standard,488.08
9382,Benjamin Wells,benjamin.wells@gmail.com,Japan,2025-01-05,Standard,411.61
9383,Amanda Thompson,amanda.thompson@icloud.com,Canada,2021-04-26,Basic,94.71
9384,Robin Jones,robin.jones@gmail.com,Japan,2022-11-11,Premium,4465.22
9385,Laura Castillo,laura.castillo@gmail.com,Mexico,2024-04-02,Standard,418.57
9386,Thomas Smith,thomas.smith@icloud.com,USA,2024-05-01,Standard,278.88
9387,Margaret Graham,margaret.graham@gmail.com,UK,2025-11-27,Standard,388.18
9388,Leslie Brown,leslie.brown@outlook.com,Japan,2020-08-22,Standard,151.59
9389,Hunter Wallace,hunter.wallace@yahoo.com,USA,2025-07-16,Standard,149.41
9390,Kevin Murphy,kevin.murphy@yahoo.com,USA,2024-01-28,Standard,478.63
9391,Donna House,donna.house@gmail.com,USA,2024-08-04,Standard,102.46
9392,Jessica Webb,jessica.webb@hotmail.com,USA,2023-06-21,Standard,214.7
9393,Linda Hunt,linda.hunt@hotmail.com,Brazil,2022-02-26,Premium,4186.05
9394,Craig Cunningham,craig.cunningham@outlook.com,UK,2020-02-26,Basic,24.97
9395,Daniel Coleman,daniel.coleman1@hotmail.com,India,2025-03-26,Standard,384.98
9396,Timothy Carter,timothy.carter@protonmail.com,Singapore,2021-03-11,Standard,228.54
9397,Molly Crawford,molly.crawford@gmail.com,USA,2022-11-26,Standard,326.06
9398,Jill Ramos,jill.ramos@yahoo.com,Canada,2022-03-05,Standard,443.96
9399,Nicholas Martin,nicholas.martin1@gmail.com,USA,2025-07-06,Standard,433.69
9400,Lisa Chapman,lisa.chapman@icloud.com,USA,2022-01-29,Premium,1228.2
9401,Cameron Collins,cameron.collins@icloud.com,USA,2023-02-03,Standard,292.49
9402,Jason Foster,jason.foster@yahoo.com,USA,2024-05-21,Standard,266.4
9403,Briana Johnston,briana.johnston@gmail.com,UK,2025-05-14,Premium,2408.67
9404,Pamela Soto,pamela.soto@protonmail.com,UK,2025-05-20,Basic,24.37
9405,Russell Bonilla,russell.bonilla@hotmail.com,USA,2024-07-27,Standard,447.67
9406,Matthew Lynch,matthew.lynch@protonmail.com,USA,2020-12-29,Premium,1027.89
9407,Barbara Tyler,barbara.tyler@protonmail.com,India,2021-05-31,Basic,31.7
9408,Hannah Rodriguez,hannah.rodriguez@icloud.com,USA,2022-07-26,Basic,42.43
9409,Amanda Spencer,amanda.spencer@gmail.com,France,2023-11-17,Standard,474.08
9410,Timothy Ray,timothy.ray@hotmail.com,Italy,2023-04-29,Standard,242.57
9411,Amanda Young,amanda.young@protonmail.com,India,2024-07-14,Premium,3359.85
9412,Sarah Fletcher,sarah.fletcher@outlook.com,Germany,2023-10-02,Basic,19.01
9413,Frank Padilla,frank.padilla@outlook.com,India,2024-01-19,Standard,371.29
9414,Amber Ortiz,amber.ortiz@protonmail.com,India,2020-06-24,Basic,70.55
9415,Alexa Conway,alexa.conway@outlook.com,Italy,2025-04-21,Standard,168.87
9416,George Phillips,george.phillips@gmail.com,Singapore,2025-02-10,Standard,414.53
9417,Joshua Pace,joshua.pace@hotmail.com,UK,2023-05-28,Basic,17.46
9418,Kimberly Evans,kimberly.evans@icloud.com,Germany,2023-04-01,Premium,4376.83
9419,Karen Santana,karen.santana@icloud.com,Australia,2025-06-25,Premium,4340.04
9420,Elizabeth Ramsey,elizabeth.ramsey@gmail.com,USA,2025-12-12,Standard,126.78
9421,Brandi Kim,brandi.kim@yahoo.com,UK,2023-12-11,Standard,248.43
9422,Ann Mcdowell,ann.mcdowell@icloud.com,India,2020-09-12,Premium,2314.08
9423,Madison Wu,madison.wu@hotmail.com,India,2025-08-13,Standard,367.91
9424,Mark Mckinney,mark.mckinney@icloud.com,USA,2024-02-18,Standard,272.45
9425,Michael Meyer,michael.meyer@outlook.com,USA,2024-03-16,Standard,147.72
9426,Sonia Harmon,sonia.harmon@protonmail.com,USA,2022-08-05,Basic,71.22
9427,Megan Williams,megan.williams@icloud.com,Germany,2025-04-05,Standard,102.93
9428,Douglas Alexander,douglas.alexander@gmail.com,Spain,2024-12-21,Standard,289.94
9429,Brandy Simon,brandy.simon@yahoo.com,Mexico,2023-08-26,Standard,130.09
9430,Chelsea Prince,chelsea.prince@outlook.com,USA,2024-08-14,Premium,3931.7
9431,Megan Roberson,megan.roberson@protonmail.com,USA,2023-01-18,Basic,57.12
9432,Lori Evans,lori.evans@yahoo.com,Australia,2023-02-21,Basic,23.22
9433,Amber Fowler,amber.fowler@outlook.com,India,2024-08-13,Basic,65.73
9434,Rebecca Hayes,rebecca.hayes@gmail.com,UK,2024-07-21,Basic,55.92
9435,Christopher Smith,christopher.smith@protonmail.com,USA,2025-06-21,Standard,292.49
9436,Mark Carpenter,mark.carpenter@yahoo.com,USA,2024-05-02,Standard,202.93
9437,Kevin Sheppard,kevin.sheppard@gmail.com,Australia,2023-04-07,Premium,4586.45
9438,Sara Cochran,sara.cochran@protonmail.com,Germany,2022-04-08,Basic,43.71
9439,Kristy Norton,kristy.norton@outlook.com,USA,2024-07-03,Standard,397.08
9440,Jamie Crawford,jamie.crawford@hotmail.com,Spain,2021-10-11,Standard,388.67
9441,Morgan Mills,morgan.mills@outlook.com,India,2024-04-20,Basic,24.68
9442,Peter Mills,peter.mills@hotmail.com,Italy,2023-10-26,Standard,449.79
9443,Christopher Barber,christopher.barber@hotmail.com,UK,2023-11-30,Basic,87.25
9444,Danielle Clark,danielle.clark@icloud.com,UK,2022-05-12,Basic,23.82
9445,Wesley Walton,wesley.walton@protonmail.com,Italy,2023-09-02,Basic,68.45
9446,Melinda Wilson,melinda.wilson@icloud.com,Netherlands,2020-03-31,Standard,348.09
9447,Christopher Sanchez,christopher.sanchez1@icloud.com,Netherlands,2024-12-31,Standard,167.41
9448,Valerie Vasquez,valerie.vasquez@protonmail.com,France,2022-05-19,Basic,45.19
9449,Amber Hill,amber.hill@icloud.com,UK,2025-03-19,Premium,4046.31
9450,Sabrina Ray,sabrina.ray@hotmail.com,USA,2024-09-15,Premium,1476.36
9451,Paige Johnson,paige.johnson@outlook.com,USA,2025-11-10,Basic,48.32
9452,Laura Douglas,laura.douglas@gmail.com,Italy,2025-07-21,Basic,71.64
9453,Michelle Anthony,michelle.anthony@outlook.com,USA,2025-11-16,Basic,30.42
9454,Ashley Singleton,ashley.singleton@gmail.com,Canada,2025-08-05,Premium,3522.09
9455,Martha Griffin,martha.griffin@protonmail.com,Italy,2022-11-20,Standard,408.92
9456,Barbara Wood,barbara.wood@yahoo.com,Singapore,2022-11-30,Basic,16.77
9457,Dylan Hensley,dylan.hensley@hotmail.com,Netherlands,2024-06-04,Premium,1878.48
9458,Sandy Richards,sandy.richards@protonmail.com,Germany,2024-06-30,Standard,424.32
9459,Jeffrey Mccormick,jeffrey.mccormick@yahoo.com,UK,2024-06-29,Standard,114.06
9460,Christopher Calderon,christopher.calderon@protonmail.com,UAE,2024-09-02,Basic,10.93
9461,Lawrence Wagner,lawrence.wagner@hotmail.com,USA,2021-02-05,Standard,391.09
9462,Karen Webster,karen.webster@hotmail.com,USA,2021-10-31,Standard,227.25
9463,Steven Curry,steven.curry@icloud.com,Singapore,2024-07-27,Standard,318.87
9464,Kayla Caldwell,kayla.caldwell@yahoo.com,India,2024-01-21,Premium,2951.81
9465,James Nunez,james.nunez@hotmail.com,UK,2025-01-05,Basic,83.8
9466,Andrew Garner,andrew.garner@outlook.com,USA,2024-09-30,Standard,213.48
9467,David Allen,david.allen@icloud.com,UK,2022-04-06,Standard,176.05
9468,Breanna Smith,breanna.smith@icloud.com,Netherlands,2020-12-14,Standard,438.32
9469,Susan Patel,susan.patel@gmail.com,Germany,2023-11-02,Standard,286.49
9470,Melissa Rollins,melissa.rollins@icloud.com,UK,2023-10-24,Premium,3162.03
9471,Kyle Lucas,kyle.lucas@icloud.com,Germany,2024-04-19,Basic,48.74
9472,Leslie Martinez,leslie.martinez@hotmail.com,Mexico,2024-05-29,Standard,240.73
9473,Jennifer Williams,jennifer.williams@outlook.com,Spain,2025-03-30,Standard,259.3
9474,Brian Schmidt,brian.schmidt@hotmail.com,UK,2024-08-07,Standard,178.47
9475,Margaret Salinas,margaret.salinas@gmail.com,Germany,2022-02-21,Basic,72.12
9476,Melissa Love,melissa.love@hotmail.com,USA,2024-07-11,Basic,41.7
9477,Brad Murphy,brad.murphy@icloud.com,UK,2022-11-28,Premium,2575.94
9478,Natasha Evans,natasha.evans@yahoo.com,USA,2020-05-01,Standard,186.5
9479,Jennifer Clark,jennifer.clark@outlook.com,UK,2023-04-28,Standard,209.5
9480,Chad Cooper,chad.cooper@gmail.com,Germany,2023-11-13,Basic,90.28
9481,Heidi Buchanan,heidi.buchanan@yahoo.com,USA,2020-05-31,Basic,33.49
9482,Tyler Gray,tyler.gray@protonmail.com,USA,2024-02-17,Basic,74.45
9483,Richard Herman,richard.herman@gmail.com,USA,2024-11-17,Basic,47.0
9484,Christian Vaughn,christian.vaughn@hotmail.com,USA,2020-11-16,Standard,199.01
9485,William Greene,william.greene@outlook.com,India,2024-08-10,Standard,132.44
9486,Ashley Clark,ashley.clark@icloud.com,USA,2021-07-25,Standard,355.47
9487,John Montgomery,john.montgomery@protonmail.com,USA,2024-08-23,Basic,80.09
9488,Janet Sims,janet.sims@yahoo.com,UAE,2024-02-04,Standard,211.42
9489,Amy Cantrell,amy.cantrell@outlook.com,USA,2023-09-10,Standard,336.83
9490,Tiffany Skinner,tiffany.skinner@hotmail.com,Mexico,2024-12-13,Premium,4028.81
9491,Russell Richardson,russell.richardson@protonmail.com,Germany,2023-06-21,Standard,313.5
9492,Stephanie Cole,stephanie.cole@hotmail.com,India,2022-08-29,Basic,10.92
9493,John Curtis,john.curtis@protonmail.com,Germany,2023-05-13,Premium,1048.56
9494,Michelle Hoover,michelle.hoover@gmail.com,USA,2023-03-29,Basic,84.66
9495,John Freeman,john.freeman@gmail.com,Japan,2021-07-20,Standard,444.18
9496,Jacob Reed,jacob.reed@protonmail.com,France,2023-11-21,Standard,422.38
9497,Natalie Garcia,natalie.garcia@icloud.com,USA,2022-10-06,Basic,24.95
9498,Kelly Long,kelly.long@gmail.com,Canada,2023-04-09,Basic,73.37
9499,Erika Williams,erika.williams@outlook.com,Germany,2024-04-20,Basic,43.76
9500,Dennis Romero,dennis.romero@protonmail.com,Spain,2025-12-08,Standard,382.35
9501,John Tucker,john.tucker@hotmail.com,Australia,2025-02-08,Standard,388.48
9502,Stephen Wyatt,stephen.wyatt@outlook.com,USA,2024-10-17,Basic,92.2
9503,Amy Fisher,amy.fisher@gmail.com,Brazil,2025-09-08,Basic,18.61
9504,Katie Gray,katie.gray@yahoo.com,Singapore,2024-10-07,Basic,69.07
9505,Adam Sloan,adam.sloan@yahoo.com,Canada,2024-06-15,Basic,78.45
9506,Kenneth Boyd,kenneth.boyd@protonmail.com,USA,2024-07-11,Standard,472.92
9507,Nicholas Scott,nicholas.scott@protonmail.com,France,2025-12-07,Standard,190.18
9508,Casey Bush,casey.bush@gmail.com,India,2024-06-10,Basic,27.87
9509,Robert Johnson,robert.johnson1@gmail.com,USA,2025-05-01,Standard,189.24
9510,Daniel Kidd,daniel.kidd@outlook.com,Mexico,2023-07-06,Basic,10.06
9511,Steven Rush,steven.rush@gmail.com,Germany,2025-10-16,Standard,163.58
9512,Cynthia Harris,cynthia.harris1@protonmail.com,Japan,2023-04-11,Basic,25.74
9513,Amanda Meyers,amanda.meyers@icloud.com,India,2020-05-09,Basic,16.93
9514,Samantha Ortiz,samantha.ortiz@hotmail.com,USA,2022-11-10,Standard,265.98
9515,Joseph Hester,joseph.hester@protonmail.com,Singapore,2024-12-04,Basic,14.23
9516,Tabitha Johnson,tabitha.johnson@protonmail.com,Germany,2020-03-04,Standard,434.33
9517,Elizabeth Payne,elizabeth.payne@gmail.com,UK,2021-06-19,Standard,123.78
9518,Derek Baird,derek.baird@outlook.com,UK,2023-01-18,Basic,90.54
9519,Alan Thomas,alan.thomas@yahoo.com,USA,2024-04-05,Standard,264.35
9520,Robert Henderson,robert.henderson@gmail.com,India,2021-11-24,Standard,367.05
9521,Sarah Hicks,sarah.hicks@yahoo.com,UK,2024-10-08,Standard,288.6
9522,Curtis Schultz,curtis.schultz@gmail.com,Italy,2024-09-11,Basic,62.59
9523,Erica Chavez,erica.chavez@outlook.com,Singapore,2024-03-03,Premium,3077.09
9524,Allison Riley,allison.riley@yahoo.com,Canada,2024-12-04,Basic,41.07
9525,Brittany Bauer,brittany.bauer@outlook.com,USA,2022-06-30,Standard,266.43
9526,Sara Johnston,sara.johnston@outlook.com,India,2025-09-09,Standard,350.81
9527,Barbara Williams,barbara.williams@outlook.com,USA,2025-06-24,Basic,14.26
9528,Tyler Green,tyler.green@hotmail.com,France,2023-04-07,Standard,225.81
9529,Katelyn Lowery,katelyn.lowery@icloud.com,UK,2020-09-25,Basic,45.67
9530,Michelle Sims,michelle.sims@protonmail.com,Italy,2024-05-18,Basic,50.13
9531,Heather Smith,heather.smith@icloud.com,USA,2025-06-07,Basic,74.59
9532,Glenn Wagner,glenn.wagner@protonmail.com,USA,2025-09-02,Basic,78.66
9533,Kathryn Ramirez,kathryn.ramirez@icloud.com,UAE,2025-03-17,Premium,3836.52
9534,Christina Gibson,christina.gibson@yahoo.com,UK,2025-04-19,Basic,10.01
9535,Joseph Flores,joseph.flores@yahoo.com,Brazil,2024-08-22,Standard,104.72
9536,Susan Rodriguez,susan.rodriguez@gmail.com,Spain,2021-02-05,Premium,685.09
9537,Jasmine Guerra,jasmine.guerra@icloud.com,UK,2020-08-09,Standard,183.15
9538,Katie Medina,katie.medina@yahoo.com,UK,2021-10-23,Basic,42.07
9539,Patricia Taylor,patricia.taylor@yahoo.com,Germany,2022-05-03,Premium,2816.57
9540,Travis Chavez,travis.chavez@yahoo.com,Japan,2020-10-10,Standard,378.56
9541,Pamela Smith,pamela.smith@gmail.com,Singapore,2023-03-17,Standard,405.4
9542,Tammy Shaffer,tammy.shaffer@protonmail.com,USA,2025-07-04,Standard,494.96
9543,Susan Galloway,susan.galloway@icloud.com,Canada,2020-07-08,Basic,35.76
9544,Kristina Todd,kristina.todd@icloud.com,USA,2025-10-05,Premium,631.81
9545,Mary Hoover,mary.hoover@protonmail.com,Germany,2025-09-22,Basic,58.89
9546,Kimberly Cannon,kimberly.cannon@gmail.com,France,2021-03-06,Basic,12.17
9547,Austin Torres,austin.torres@gmail.com,Mexico,2020-01-18,Standard,132.71
9548,Jared Gordon,jared.gordon@gmail.com,UK,2023-06-28,Standard,383.03
9549,Alexandra Brown,alexandra.brown@gmail.com,USA,2025-02-18,Premium,1215.36
9550,Trevor Kelley,trevor.kelley@yahoo.com,USA,2024-10-24,Premium,1525.66
9551,Scott Burgess,scott.burgess@gmail.com,USA,2020-10-30,Standard,138.02
9552,Suzanne Walker,suzanne.walker@hotmail.com,USA,2024-11-02,Standard,393.03
9553,Jim Sullivan,jim.sullivan@outlook.com,Brazil,2025-02-23,Basic,40.41
9554,Kathleen Cole,kathleen.cole@gmail.com,UK,2022-05-02,Standard,153.54
9555,Maria Davis,maria.davis@gmail.com,USA,2024-05-18,Premium,3550.26
9556,Jennifer Jacobs,jennifer.jacobs@hotmail.com,Canada,2023-09-24,Standard,181.16
9557,Cindy Rodriguez,cindy.rodriguez@protonmail.com,USA,2022-09-21,Basic,34.0
9558,Stephanie Lee,stephanie.lee@yahoo.com,USA,2025-01-16,Standard,177.85
9559,Margaret Marks,margaret.marks@icloud.com,Italy,2022-05-05,Basic,13.23
9560,Tara Lopez,tara.lopez@hotmail.com,USA,2025-02-04,Premium,2103.11
9561,David Anderson,david.anderson@hotmail.com,UK,2024-12-04,Basic,67.22
9562,Joseph Jackson,joseph.jackson@icloud.com,Germany,2022-12-08,Standard,114.89
9563,Benjamin Green,benjamin.green@protonmail.com,USA,2024-11-13,Standard,154.28
9564,Diana Jackson,diana.jackson@hotmail.com,USA,2020-03-27,Standard,140.13
9565,Molly Kline,molly.kline@protonmail.com,USA,2022-05-31,Standard,180.98
9566,Cheryl Ramsey,cheryl.ramsey@hotmail.com,USA,2022-09-27,Basic,77.94
9567,Michael Murray,michael.murray@protonmail.com,Mexico,2025-04-17,Premium,4099.05
9568,Adrian Chang,adrian.chang@protonmail.com,UK,2025-03-01,Premium,681.14
9569,Carl Brown,carl.brown@hotmail.com,UK,2022-03-02,Premium,1605.99
9570,Hannah Norris,hannah.norris@gmail.com,USA,2023-01-19,Standard,143.91
9571,Mary Nelson,mary.nelson@outlook.com,Singapore,2025-04-21,Basic,86.72
9572,Annette Moore,annette.moore@gmail.com,USA,2024-11-09,Premium,4971.09
9573,Nathan Norman,nathan.norman@outlook.com,Brazil,2020-02-05,Basic,10.17
9574,Mary Day,mary.day@protonmail.com,USA,2023-07-26,Basic,64.29
9575,Brian Webb,brian.webb@protonmail.com,Netherlands,2023-03-28,Premium,4086.69
9576,Christina Garcia,christina.garcia@icloud.com,USA,2022-12-15,Premium,1992.59
9577,Cynthia Thomas,cynthia.thomas@icloud.com,USA,2024-12-12,Standard,141.71
9578,Karen Stephens,karen.stephens@hotmail.com,UK,2024-06-23,Premium,1387.26
9579,Steven Matthews,steven.matthews@outlook.com,USA,2024-08-01,Basic,16.4
9580,Jill Wells,jill.wells@gmail.com,Canada,2023-07-04,Standard,169.27
9581,Julie Bird,julie.bird@icloud.com,India,2024-06-01,Standard,375.22
9582,Michelle Andrews,michelle.andrews@icloud.com,India,2024-05-02,Basic,58.64
9583,Jamie Thompson,jamie.thompson@yahoo.com,USA,2024-12-21,Standard,450.13
9584,Christian Crawford,christian.crawford@icloud.com,India,2021-12-30,Basic,25.93
9585,Kenneth Thomas,kenneth.thomas1@hotmail.com,USA,2023-06-30,Standard,413.7
9586,Keith Baker,keith.baker@gmail.com,UAE,2023-12-06,Standard,196.36
9587,Pamela Brewer,pamela.brewer@gmail.com,India,2023-12-27,Standard,276.54
9588,Jason Barnes,jason.barnes@icloud.com,Germany,2024-10-09,Standard,307.35
9589,Daniel Poole,daniel.poole@gmail.com,Brazil,2024-04-18,Basic,19.8
9590,Brett Lee,brett.lee@icloud.com,Germany,2023-03-01,Standard,358.96
9591,Patrick Reynolds,patrick.reynolds@hotmail.com,Germany,2024-07-21,Basic,48.95
9592,Grace Lewis,grace.lewis@hotmail.com,USA,2024-08-17,Basic,55.67
9593,Thomas Hernandez,thomas.hernandez@hotmail.com,India,2024-02-21,Standard,204.62
9594,Reginald Benson,reginald.benson@outlook.com,USA,2024-06-07,Basic,45.8
9595,Geoffrey Villa,geoffrey.villa@yahoo.com,USA,2025-11-26,Standard,476.77
9596,Edward Johnson,edward.johnson@hotmail.com,France,2024-07-14,Premium,1695.43
9597,Brooke Chan,brooke.chan@yahoo.com,USA,2022-10-19,Basic,26.37
9598,Joel Barry,joel.barry@outlook.com,India,2025-06-29,Standard,497.7
9599,Robert Taylor,robert.taylor1@protonmail.com,USA,2023-11-16,Basic,93.66
9600,Ashley Gonzalez,ashley.gonzalez@icloud.com,UK,2024-02-05,Standard,284.86
9601,Susan Silva,susan.silva@icloud.com,Japan,2025-10-08,Premium,1202.06
9602,Alejandro Marshall,alejandro.marshall@hotmail.com,USA,2022-10-08,Standard,236.71
9603,Cassidy Johnson,cassidy.johnson@hotmail.com,India,2022-11-20,Premium,2379.21
9604,Cody Sanchez,cody.sanchez@gmail.com,Germany,2022-04-02,Premium,4625.89
9605,Matthew Yates,matthew.yates@protonmail.com,Brazil,2025-09-18,Basic,51.67
9606,Tammy Johnson,tammy.johnson@gmail.com,USA,2023-12-17,Premium,3210.74
9607,Steven Gilbert,steven.gilbert@outlook.com,Australia,2025-08-03,Basic,42.51
9608,Christopher Goodwin,christopher.goodwin@icloud.com,UK,2020-11-01,Standard,334.11
9609,Austin Hayes,austin.hayes@icloud.com,UK,2022-08-15,Standard,474.48
9610,Ethan Rodriguez,ethan.rodriguez@protonmail.com,USA,2020-04-08,Standard,416.36
9611,Amber James,amber.james@gmail.com,USA,2025-10-23,Premium,785.23
9612,Blake Hicks,blake.hicks@hotmail.com,UK,2021-09-21,Standard,432.15
9613,Nicole Rios,nicole.rios@gmail.com,USA,2025-07-15,Standard,144.47
9614,Tyler Lopez,tyler.lopez@icloud.com,UK,2024-01-29,Standard,109.42
9615,Angel Colon,angel.colon@hotmail.com,India,2025-05-14,Standard,348.49
9616,Leslie Weeks,leslie.weeks@hotmail.com,UK,2023-07-28,Standard,303.91
9617,Kiara Paul,kiara.paul@protonmail.com,USA,2024-06-01,Standard,372.35
9618,Laura Lutz,laura.lutz@outlook.com,USA,2020-11-19,Standard,430.59
9619,Daniel Jackson,daniel.jackson@yahoo.com,UK,2023-09-18,Standard,216.93
9620,Lindsey Brandt,lindsey.brandt@yahoo.com,India,2024-12-10,Basic,87.51
9621,Thomas Smith,thomas.smith@protonmail.com,Mexico,2021-12-12,Premium,3285.75
9622,Jonathan Sanchez,jonathan.sanchez@protonmail.com,Germany,2025-05-02,Standard,280.86
9623,Brian Good,brian.good@outlook.com,India,2020-04-29,Standard,240.37
9624,Mandy Malone,mandy.malone@gmail.com,USA,2022-06-05,Standard,474.0
9625,Kelly Buchanan,kelly.buchanan@icloud.com,Netherlands,2024-07-01,Basic,46.39
9626,Rachel White,rachel.white@yahoo.com,USA,2023-08-22,Basic,35.77
9627,Douglas Wong,douglas.wong@yahoo.com,USA,2022-01-04,Basic,75.69
9628,Alexis Peterson,alexis.peterson@icloud.com,USA,2025-05-02,Standard,194.99
9629,Jason Matthews,jason.matthews@yahoo.com,USA,2022-07-15,Standard,164.44
9630,Karina Thomas,karina.thomas@yahoo.com,Australia,2024-04-11,Premium,2805.35
9631,Jessica Zuniga,jessica.zuniga@protonmail.com,USA,2021-12-22,Basic,31.95
9632,Jessica Aguilar,jessica.aguilar@yahoo.com,USA,2020-06-19,Standard,311.21
9633,Kevin Morrow,kevin.morrow@gmail.com,USA,2023-09-18,Standard,308.8
9634,Lauren Wells,lauren.wells@protonmail.com,Singapore,2025-09-25,Standard,445.68
9635,Henry Jensen,henry.jensen@yahoo.com,Australia,2024-04-13,Basic,85.21
9636,Jared White,jared.white@protonmail.com,Italy,2022-04-06,Standard,423.74
9637,Darlene Gomez,darlene.gomez@outlook.com,Japan,2020-08-21,Premium,3058.4
9638,Cody Leblanc,cody.leblanc@icloud.com,Spain,2025-06-19,Basic,59.09
9639,Thomas Miller,thomas.miller@hotmail.com,UK,2022-03-27,Premium,2741.3
9640,Steven Cardenas,steven.cardenas@hotmail.com,USA,2024-08-10,Basic,44.34
9641,Jennifer Johnson,jennifer.johnson@yahoo.com,USA,2020-05-19,Standard,238.97
9642,Tara Anderson,tara.anderson@gmail.com,USA,2021-10-26,Basic,44.6
9643,Stacy Wilcox,stacy.wilcox@yahoo.com,India,2021-07-31,Basic,97.5
9644,Michael Fernandez,michael.fernandez@outlook.com,USA,2021-01-11,Standard,187.96
9645,Daniel Johnson,daniel.johnson@outlook.com,USA,2024-12-04,Basic,74.5
9646,Daniel Andrews,daniel.andrews@icloud.com,India,2023-05-18,Premium,903.96
9647,Daniel Friedman,daniel.friedman@outlook.com,USA,2025-07-07,Premium,4027.42
9648,Amanda Nielsen,amanda.nielsen@protonmail.com,USA,2021-06-04,Standard,437.59
9649,Christopher Trujillo,christopher.trujillo@yahoo.com,USA,2023-04-17,Standard,298.06
9650,Amber Sullivan,amber.sullivan@outlook.com,India,2023-02-02,Premium,2865.07
9651,Katherine Mitchell,katherine.mitchell@yahoo.com,USA,2022-11-11,Standard,160.88
9652,Catherine Herrera,catherine.herrera@hotmail.com,USA,2021-08-11,Basic,38.28
9653,Robert Mendoza,robert.mendoza@outlook.com,USA,2020-05-09,Basic,10.77
9654,Ronnie Koch,ronnie.koch@hotmail.com,Canada,2020-07-14,Standard,494.13
9655,Tina Craig,tina.craig@outlook.com,USA,2023-02-23,Standard,193.7
9656,David Ford,david.ford@hotmail.com,USA,2020-03-23,Premium,3029.59
9657,Yvette Velez,yvette.velez@yahoo.com,Spain,2023-03-11,Standard,480.66
9658,Vincent Adams,vincent.adams@protonmail.com,Brazil,2023-09-12,Basic,66.28
9659,Stephen Johnson,stephen.johnson@hotmail.com,USA,2023-01-02,Basic,52.35
9660,Kara Gonzales,kara.gonzales@outlook.com,USA,2022-10-23,Standard,302.8
9661,Diane Bray,diane.bray@protonmail.com,USA,2023-09-27,Standard,372.82
9662,Tiffany Rodriguez,tiffany.rodriguez@gmail.com,India,2023-12-06,Standard,246.66
9663,Antonio Carter,antonio.carter@gmail.com,USA,2025-10-29,Standard,204.17
9664,Meghan Anderson,meghan.anderson@protonmail.com,Italy,2020-07-23,Premium,3280.75
9665,Samuel Williams,samuel.williams@icloud.com,France,2020-06-11,Premium,960.64
9666,Richard Mclaughlin,richard.mclaughlin@yahoo.com,Germany,2025-06-08,Standard,178.79
9667,Kathryn Mahoney,kathryn.mahoney@hotmail.com,USA,2022-06-27,Standard,108.25
9668,Kayla Dunlap,kayla.dunlap@outlook.com,Mexico,2022-06-26,Basic,43.96
9669,James Franklin,james.franklin@hotmail.com,India,2025-01-05,Basic,66.05
9670,Jessica Anderson,jessica.anderson@outlook.com,Australia,2024-04-24,Standard,332.95
9671,James Nguyen,james.nguyen@outlook.com,USA,2024-11-20,Standard,445.76
9672,Jerry Fernandez,jerry.fernandez@protonmail.com,India,2020-07-03,Basic,52.41
9673,William Nelson,william.nelson@protonmail.com,France,2022-07-14,Premium,2256.45
9674,Shirley Williams,shirley.williams@hotmail.com,Netherlands,2022-04-18,Basic,24.19
9675,Eric Walker,eric.walker@icloud.com,Germany,2024-11-30,Premium,777.39
9676,Tammy Ortiz,tammy.ortiz@outlook.com,UK,2023-05-06,Basic,24.98
9677,Joshua Lopez,joshua.lopez@icloud.com,UK,2024-01-23,Premium,1277.38
9678,Jennifer Smith,jennifer.smith1@protonmail.com,India,2025-06-16,Basic,60.31
9679,Cameron Jackson,cameron.jackson@icloud.com,Spain,2025-11-23,Premium,3577.27
9680,Julia Vasquez,julia.vasquez@icloud.com,Germany,2021-10-20,Basic,59.8
9681,Sheila Hernandez,sheila.hernandez@hotmail.com,USA,2024-03-14,Standard,439.94
9682,Alexis Orr,alexis.orr@protonmail.com,USA,2024-06-22,Premium,3970.62
9683,Aaron Clark,aaron.clark@protonmail.com,Germany,2025-01-03,Basic,50.11
9684,Jeffery Brown,jeffery.brown@yahoo.com,Brazil,2025-05-04,Premium,1837.41
9685,Andrew Stone,andrew.stone@hotmail.com,USA,2024-09-03,Standard,429.82
9686,John Carter,john.carter1@gmail.com,UK,2024-11-12,Standard,420.29
9687,Jennifer Powell,jennifer.powell@gmail.com,Italy,2020-10-24,Basic,85.16
9688,John Rodriguez,john.rodriguez@outlook.com,UK,2024-09-10,Basic,78.39
9689,Adam Black,adam.black@gmail.com,USA,2024-03-21,Standard,482.9
9690,Ashley Osborne,ashley.osborne@yahoo.com,USA,2024-07-03,Basic,33.65
9691,Yvette Martinez,yvette.martinez@outlook.com,UK,2024-06-15,Basic,84.09
9692,David Yates,david.yates@protonmail.com,USA,2023-09-10,Standard,161.04
9693,Andrew Friedman,andrew.friedman@yahoo.com,India,2023-06-10,Standard,402.05
9694,Melissa Cruz,melissa.cruz@outlook.com,Germany,2025-09-11,Standard,175.83
9695,Karen Burton,karen.burton@hotmail.com,India,2023-09-29,Standard,369.94
9696,Lori Taylor,lori.taylor@protonmail.com,Germany,2025-03-31,Standard,223.03
9697,Troy Peck,troy.peck@gmail.com,USA,2024-06-02,Standard,369.49
9698,Judy Perkins,judy.perkins@yahoo.com,USA,2023-12-14,Basic,99.53
9699,Amanda Ayala,amanda.ayala@hotmail.com,USA,2023-09-09,Standard,264.98
9700,Jessica Singh,jessica.singh@hotmail.com,USA,2024-01-26,Standard,337.19
9701,Christine Price,christine.price@outlook.com,Canada,2025-06-25,Premium,3518.24
9702,Amber Quinn,amber.quinn@gmail.com,USA,2021-12-19,Premium,1250.63
9703,Kevin Zhang,kevin.zhang@protonmail.com,India,2025-05-16,Basic,61.85
9704,Stephanie Bender,stephanie.bender@protonmail.com,USA,2024-05-08,Standard,170.42
9705,Michelle Kelley,michelle.kelley@gmail.com,USA,2023-08-07,Basic,13.54
9706,Timothy Scott,timothy.scott@gmail.com,USA,2020-05-17,Standard,489.08
9707,John Williams,john.williams2@outlook.com,UK,2021-06-24,Standard,140.64
9708,Sandra Cabrera,sandra.cabrera@yahoo.com,India,2021-11-01,Standard,171.62
9709,Teresa Robertson,teresa.robertson@gmail.com,France,2021-04-02,Basic,96.62
9710,Gabrielle Wright,gabrielle.wright@yahoo.com,USA,2021-10-10,Premium,1948.59
9711,David Davis,david.davis@yahoo.com,Germany,2025-08-25,Standard,295.11
9712,Mary Benton,mary.benton@protonmail.com,Canada,2024-11-22,Standard,324.12
9713,Christopher Davis,christopher.davis1@hotmail.com,USA,2025-08-30,Standard,159.66
9714,Nicole Flores,nicole.flores@hotmail.com,USA,2024-04-01,Premium,619.44
9715,Eileen Peters,eileen.peters@gmail.com,USA,2024-08-03,Standard,325.01
9716,Mike Green,mike.green@yahoo.com,USA,2025-04-23,Basic,30.89
9717,Walter Malone,walter.malone@protonmail.com,Mexico,2022-06-15,Standard,141.51
9718,Sydney Parker,sydney.parker@outlook.com,USA,2024-11-08,Basic,84.87
9719,Teresa Lopez,teresa.lopez@icloud.com,UK,2025-08-06,Basic,91.14
9720,Jordan Abbott,jordan.abbott@outlook.com,Canada,2025-08-12,Standard,296.37
9721,Alexander Cox,alexander.cox@gmail.com,USA,2023-08-07,Premium,884.47
9722,Mario Allen,mario.allen@yahoo.com,India,2025-03-21,Standard,323.33
9723,Robert Johnson,robert.johnson1@hotmail.com,USA,2024-02-11,Premium,4143.17
9724,Marc Harding,marc.harding@gmail.com,UK,2022-03-04,Basic,47.66
9725,Catherine Wright,catherine.wright@outlook.com,USA,2022-06-26,Basic,24.21
9726,Brandi Padilla,brandi.padilla@protonmail.com,USA,2023-03-30,Premium,2679.76
9727,Michelle Reynolds,michelle.reynolds@icloud.com,USA,2022-02-08,Standard,174.87
9728,Eddie Brown,eddie.brown@hotmail.com,India,2020-01-09,Standard,302.58
9729,Brian Taylor,brian.taylor@outlook.com,India,2021-10-28,Premium,4148.66
9730,Nicole Le,nicole.le@hotmail.com,Canada,2025-05-10,Standard,374.98
9731,Lisa Mccarthy,lisa.mccarthy@protonmail.com,USA,2025-12-28,Premium,2405.33
9732,Amber Davis,amber.davis1@hotmail.com,UAE,2025-11-30,Standard,411.42
9733,William Knapp,william.knapp@protonmail.com,USA,2024-03-05,Standard,277.69
9734,Denise Palmer,denise.palmer@protonmail.com,France,2025-12-06,Standard,167.02
9735,Candace Wang,candace.wang@outlook.com,Canada,2023-01-22,Standard,206.91
9736,Tammy Hernandez,tammy.hernandez@outlook.com,Germany,2023-01-02,Standard,150.84
9737,Pamela Taylor,pamela.taylor@yahoo.com,UK,2023-06-05,Standard,405.77
9738,Alyssa Mason,alyssa.mason@outlook.com,Canada,2022-03-20,Standard,439.86
9739,Chad Baker,chad.baker@outlook.com,Canada,2024-12-27,Standard,285.67
9740,Mark Taylor,mark.taylor@outlook.com,USA,2023-12-29,Basic,62.0
9741,Jeremy Durham,jeremy.durham@outlook.com,Australia,2025-01-22,Premium,997.56
9742,Dana Lee,dana.lee@icloud.com,USA,2021-07-07,Standard,468.73
9743,Larry Tapia,larry.tapia@yahoo.com,UK,2020-02-06,Premium,3072.72
9744,Jeffrey Forbes,jeffrey.forbes@gmail.com,India,2023-10-24,Standard,493.24
9745,Andre Phillips,andre.phillips@yahoo.com,France,2022-11-28,Standard,142.42
9746,Erik Davis,erik.davis1@protonmail.com,UK,2025-01-29,Basic,28.47
9747,Kelsey Clements,kelsey.clements@icloud.com,USA,2024-04-12,Basic,87.92
9748,Andrea Rivera,andrea.rivera@outlook.com,UK,2023-08-24,Standard,476.89
9749,Ana Parks,ana.parks@hotmail.com,USA,2024-06-02,Standard,264.05
9750,Shawna Fuller,shawna.fuller@yahoo.com,UK,2023-04-13,Basic,49.38
9751,Kristie Villegas,kristie.villegas@hotmail.com,UK,2022-10-16,Standard,378.68
9752,Michael Smith,michael.smith1@hotmail.com,Australia,2023-10-16,Standard,432.28
9753,Elizabeth Mcclain,elizabeth.mcclain@hotmail.com,USA,2022-01-02,Basic,31.36
9754,Danny Johnson,danny.johnson@icloud.com,USA,2024-08-27,Standard,278.49
9755,Steven Thompson,steven.thompson@outlook.com,UK,2025-02-12,Standard,125.92
9756,Brian Simmons,brian.simmons@protonmail.com,USA,2022-12-11,Premium,4318.02
9757,Andrew Miller,andrew.miller@icloud.com,USA,2024-04-26,Premium,3376.82
9758,Anna Boyd,anna.boyd@gmail.com,USA,2024-02-23,Basic,22.15
9759,Stephen Johnson,stephen.johnson@gmail.com,UK,2023-05-02,Premium,1765.58
9760,Jennifer Reese,jennifer.reese@yahoo.com,USA,2023-12-24,Standard,109.74
9761,Gregory Terrell,gregory.terrell@hotmail.com,Germany,2023-07-19,Standard,441.65
9762,David Moss,david.moss@icloud.com,Brazil,2023-01-10,Standard,321.49
9763,Sara Simmons,sara.simmons@hotmail.com,Germany,2023-05-19,Premium,1471.53
9764,Michael Martinez,michael.martinez@hotmail.com,USA,2022-03-27,Premium,4165.0
9765,Diana Baker,diana.baker@protonmail.com,USA,2023-06-19,Standard,118.35
9766,Amanda Brooks,amanda.brooks@protonmail.com,USA,2024-05-29,Standard,426.69
9767,Tyler Jordan,tyler.jordan@outlook.com,Germany,2023-09-09,Basic,95.95
9768,Karen Walker,karen.walker@yahoo.com,India,2025-10-10,Standard,168.38
9769,Lisa Vance,lisa.vance@outlook.com,USA,2022-01-25,Basic,51.63
9770,Robin Molina,robin.molina@gmail.com,USA,2023-06-12,Standard,319.08
9771,Larry Swanson,larry.swanson@gmail.com,USA,2024-09-02,Standard,201.73
9772,Tara Torres,tara.torres@protonmail.com,USA,2024-12-27,Basic,54.53
9773,Gregory Thomas,gregory.thomas@yahoo.com,Netherlands,2025-09-18,Basic,46.76
9774,Scott Huerta,scott.huerta@icloud.com,USA,2023-09-07,Standard,493.36
9775,Melissa Evans,melissa.evans@outlook.com,USA,2023-02-26,Standard,274.37
9776,Mandy Johnson,mandy.johnson@protonmail.com,USA,2024-09-12,Basic,87.12
9777,Christy Cook,christy.cook@icloud.com,USA,2024-08-21,Premium,1540.78
9778,Adam Porter,adam.porter@yahoo.com,USA,2025-08-24,Standard,349.09
9779,Julia Garrett,julia.garrett@icloud.com,UK,2025-01-16,Standard,342.76
9780,Jamie Dennis,jamie.dennis@protonmail.com,USA,2020-07-13,Basic,36.05
9781,Travis Hernandez,travis.hernandez@yahoo.com,USA,2024-03-28,Standard,407.15
9782,Jimmy Grant,jimmy.grant@outlook.com,Germany,2024-01-24,Standard,213.8
9783,Robert Henry,robert.henry@yahoo.com,UK,2024-09-13,Basic,28.83
9784,Robert Jackson,robert.jackson@hotmail.com,USA,2022-02-12,Premium,4923.03
9785,Shelby Sherman,shelby.sherman@icloud.com,Japan,2025-07-26,Basic,34.19
9786,Kara Martinez,kara.martinez@gmail.com,USA,2024-02-26,Premium,531.98
9787,Stephen Cisneros,stephen.cisneros@icloud.com,Singapore,2022-10-01,Basic,42.17
9788,Phillip Hatfield,phillip.hatfield@gmail.com,Italy,2022-03-13,Standard,461.41
9789,William Boone,william.boone@gmail.com,UK,2024-09-11,Standard,424.16
9790,Jane Hughes,jane.hughes@yahoo.com,USA,2025-08-28,Standard,466.68
9791,Michael Hale,michael.hale@icloud.com,Japan,2023-05-06,Basic,24.08
9792,Ricardo Hernandez,ricardo.hernandez@gmail.com,USA,2025-01-03,Standard,113.53
9793,David Terrell,david.terrell@gmail.com,USA,2023-11-08,Premium,3266.86
9794,Stephanie Howell,stephanie.howell@outlook.com,Germany,2023-01-17,Premium,980.27
9795,Scott Cuevas,scott.cuevas@icloud.com,UK,2024-09-11,Standard,253.96
9796,Melissa Ramos,melissa.ramos@outlook.com,Japan,2020-10-10,Standard,474.62
9797,Melissa Adams,melissa.adams@hotmail.com,India,2021-10-03,Standard,172.63
9798,Cindy Kennedy,cindy.kennedy@outlook.com,Brazil,2024-08-25,Standard,338.14
9799,Maria Bates,maria.bates@protonmail.com,India,2022-11-06,Basic,28.03
9800,Belinda Fowler,belinda.fowler@gmail.com,India,2021-09-20,Standard,339.91
9801,Michael Johnson,michael.johnson@protonmail.com,UK,2021-06-24,Premium,1809.88
9802,Theresa Rodriguez,theresa.rodriguez@icloud.com,UAE,2022-01-10,Standard,422.24
9803,William Mason,william.mason@icloud.com,Netherlands,2022-02-09,Standard,250.95
9804,Timothy Turner,timothy.turner@hotmail.com,Japan,2023-07-01,Basic,39.67
9805,Dustin Young,dustin.young@protonmail.com,Australia,2025-08-30,Standard,231.39
9806,Michelle Cain,michelle.cain@yahoo.com,Germany,2024-07-07,Standard,138.08
9807,Kyle Parker,kyle.parker@outlook.com,USA,2024-06-08,Basic,62.47
9808,Robert Stevenson,robert.stevenson@gmail.com,Brazil,2021-11-11,Standard,172.64
9809,Nicholas Hernandez,nicholas.hernandez@hotmail.com,USA,2022-05-04,Basic,33.34
9810,Daniel Miller,daniel.miller@outlook.com,USA,2025-02-25,Standard,254.25
9811,Krystal Reynolds,krystal.reynolds@icloud.com,UK,2024-11-28,Basic,43.56
9812,Johnny Rodgers,johnny.rodgers@outlook.com,Germany,2025-04-10,Basic,96.22
9813,Michael Kelly,michael.kelly@yahoo.com,Germany,2023-09-19,Basic,43.27
9814,Bailey Jackson,bailey.jackson@hotmail.com,USA,2024-10-01,Premium,3373.45
9815,Tara Keller,tara.keller@hotmail.com,USA,2024-11-08,Basic,19.99
9816,Joshua Campbell,joshua.campbell@gmail.com,USA,2022-07-17,Basic,73.19
9817,Loretta Miranda,loretta.miranda@icloud.com,USA,2025-12-31,Standard,340.7
9818,Craig Page,craig.page@protonmail.com,USA,2023-02-21,Standard,488.62
9819,Trevor Gonzalez,trevor.gonzalez@gmail.com,India,2023-06-17,Standard,295.28
9820,Andrea Schmidt,andrea.schmidt@protonmail.com,USA,2021-04-03,Basic,83.23
9821,Steven Smith,steven.smith@gmail.com,USA,2024-07-12,Basic,97.65
9822,Elizabeth Hall,elizabeth.hall@icloud.com,USA,2025-07-09,Standard,172.22
9823,Jeremiah Byrd,jeremiah.byrd@hotmail.com,UK,2023-10-09,Standard,159.08
9824,Kristina Mason,kristina.mason@protonmail.com,Japan,2025-04-14,Premium,4727.69
9825,Michelle Drake,michelle.drake@icloud.com,USA,2022-12-23,Standard,410.67
9826,Jennifer Rice,jennifer.rice@protonmail.com,USA,2025-03-17,Basic,76.77
9827,Joshua Solis,joshua.solis@outlook.com,India,2024-08-05,Standard,278.7
9828,Amanda Kaiser,amanda.kaiser@hotmail.com,USA,2025-06-12,Basic,50.77
9829,Richard Cline,richard.cline@outlook.com,France,2024-04-27,Standard,315.21
9830,Andrew Bradford,andrew.bradford@outlook.com,Singapore,2023-01-14,Standard,439.4
9831,Lisa Kaiser,lisa.kaiser@yahoo.com,Germany,2023-11-24,Basic,45.17
9832,Hunter Martin,hunter.martin@protonmail.com,Netherlands,2025-12-13,Premium,3992.65
9833,Natalie Collins,natalie.collins@hotmail.com,UK,2025-11-06,Basic,90.22
9834,Diana Ramirez,diana.ramirez@icloud.com,UK,2024-05-04,Basic,83.14
9835,Leah Lopez,leah.lopez@protonmail.com,USA,2024-02-23,Basic,97.93
9836,Michelle Wilson,michelle.wilson@hotmail.com,USA,2023-08-06,Basic,72.47
9837,Richard Collins,richard.collins@gmail.com,USA,2022-04-22,Standard,112.75
9838,Julie Rice,julie.rice@protonmail.com,UK,2020-02-29,Standard,156.83
9839,Adam Bautista,adam.bautista@gmail.com,UK,2024-06-10,Basic,36.33
9840,Tyler Garcia,tyler.garcia@outlook.com,USA,2024-12-11,Standard,436.61
9841,Jessica Brennan,jessica.brennan@protonmail.com,Germany,2024-07-16,Basic,86.71
9842,Paul Archer,paul.archer@icloud.com,USA,2024-08-02,Standard,468.01
9843,James Brown,james.brown@yahoo.com,USA,2023-09-29,Basic,76.17
9844,Holly Garcia,holly.garcia@gmail.com,USA,2022-04-11,Standard,417.79
9845,Sean Clayton,sean.clayton@outlook.com,India,2020-10-09,Basic,17.28
9846,Cindy Gaines,cindy.gaines@icloud.com,UK,2021-01-22,Standard,452.5
9847,Brandon Davis,brandon.davis@gmail.com,Canada,2024-12-24,Standard,341.85
9848,Joshua Mays,joshua.mays@yahoo.com,USA,2024-03-03,Basic,47.91
9849,Jason Ellison,jason.ellison@icloud.com,UK,2025-01-08,Standard,428.69
9850,Thomas Wilson,thomas.wilson@outlook.com,Singapore,2021-02-07,Standard,234.06
9851,Daniel Vaughn,daniel.vaughn@yahoo.com,USA,2025-07-25,Premium,3641.28
9852,Julie Lawrence,julie.lawrence@hotmail.com,UK,2024-11-27,Standard,268.73
9853,Steven Pearson,steven.pearson@icloud.com,USA,2022-03-11,Standard,143.56
9854,Robert Norman,robert.norman@icloud.com,USA,2024-08-29,Standard,151.52
9855,Daniel Mccoy,daniel.mccoy@outlook.com,UK,2025-08-29,Premium,2553.06
9856,Paul Ho,paul.ho@icloud.com,USA,2023-06-02,Premium,1674.12
9857,Kathleen Case,kathleen.case@hotmail.com,UK,2024-11-26,Basic,74.46
9858,Gabriela Jensen,gabriela.jensen@outlook.com,Italy,2022-07-11,Standard,269.51
9859,Karen Williams,karen.williams@hotmail.com,USA,2022-05-12,Premium,2296.24
9860,William Garcia,william.garcia@outlook.com,USA,2021-11-08,Premium,2396.37
9861,Deborah Bruce,deborah.bruce@protonmail.com,France,2020-01-02,Premium,4654.6
9862,Daisy Underwood,daisy.underwood@icloud.com,UK,2024-08-04,Basic,24.91
9863,Mark Diaz,mark.diaz@gmail.com,Mexico,2021-02-16,Basic,43.89
9864,Albert Martinez,albert.martinez@protonmail.com,USA,2024-08-12,Standard,475.67
9865,Jamie Kim,jamie.kim@hotmail.com,Germany,2025-01-20,Standard,241.11
9866,Jeffrey Moreno,jeffrey.moreno@gmail.com,Italy,2025-04-04,Basic,47.91
9867,Jasmin Johnson,jasmin.johnson@hotmail.com,USA,2022-10-17,Standard,163.42
9868,Sandra Grant,sandra.grant@gmail.com,Australia,2021-12-08,Standard,202.58
9869,Erica Hood,erica.hood@gmail.com,Germany,2023-10-02,Standard,355.79
9870,Alexandra Smith,alexandra.smith@yahoo.com,France,2022-07-19,Basic,85.95
9871,Devin Mcdonald,devin.mcdonald@icloud.com,USA,2023-08-10,Standard,412.99
9872,Kathleen Espinoza,kathleen.espinoza@yahoo.com,UK,2024-08-03,Standard,388.19
9873,Taylor Dougherty,taylor.dougherty@protonmail.com,USA,2024-01-18,Basic,68.06
9874,Daniel Johnson,daniel.johnson@yahoo.com,Netherlands,2022-11-21,Premium,3426.52
9875,Hannah Rodriguez,hannah.rodriguez@protonmail.com,USA,2022-10-26,Standard,496.39
9876,Christina Daugherty,christina.daugherty@outlook.com,USA,2025-02-27,Standard,375.64
9877,Eric English,eric.english@gmail.com,Mexico,2025-11-24,Basic,12.59
9878,Erica Koch,erica.koch@yahoo.com,USA,2024-03-04,Premium,1623.43
9879,Brianna Travis,brianna.travis@icloud.com,Germany,2024-11-18,Standard,490.89
9880,John Henry,john.henry@outlook.com,USA,2024-11-30,Basic,52.66
9881,David Gonzalez,david.gonzalez@yahoo.com,India,2021-09-01,Basic,19.36
9882,Matthew Perez,matthew.perez@yahoo.com,USA,2025-12-24,Standard,477.62
9883,Seth Barnes,seth.barnes@gmail.com,UK,2022-08-06,Standard,157.25
9884,Michelle Yoder,michelle.yoder@yahoo.com,UK,2024-12-12,Premium,4531.07
9885,Adam Yates,adam.yates@hotmail.com,USA,2022-12-28,Standard,303.14
9886,Amy Nunez,amy.nunez@gmail.com,USA,2024-05-07,Standard,250.86
9887,Jennifer Diaz,jennifer.diaz@yahoo.com,USA,2024-06-30,Basic,92.11
9888,Michael Camacho,michael.camacho@outlook.com,India,2024-02-17,Basic,68.37
9889,Vincent Smith,vincent.smith@icloud.com,USA,2023-12-01,Basic,34.64
9890,Denise Caldwell,denise.caldwell@gmail.com,USA,2024-07-11,Premium,4075.08
9891,Kelly Lindsey,kelly.lindsey@hotmail.com,USA,2024-07-07,Standard,310.99
9892,Dennis Walter,dennis.walter@hotmail.com,UK,2024-10-07,Basic,24.82
9893,Tamara Martin,tamara.martin@outlook.com,India,2023-09-18,Premium,4612.36
9894,Madison Myers,madison.myers@protonmail.com,UK,2024-02-07,Premium,770.88
9895,Benjamin Holder,benjamin.holder@icloud.com,Brazil,2024-02-02,Standard,394.16
9896,Carrie Hines,carrie.hines@outlook.com,India,2021-05-23,Premium,2590.2
9897,Andrea Bradford,andrea.bradford@icloud.com,Japan,2024-09-23,Premium,2853.93
9898,Jordan Estrada,jordan.estrada@protonmail.com,India,2021-08-08,Standard,440.26
9899,Andrew Owen,andrew.owen@outlook.com,USA,2024-06-14,Basic,88.73
9900,Evelyn Kelly,evelyn.kelly@protonmail.com,Singapore,2023-07-10,Premium,2308.38
9901,Samuel Vaughn,samuel.vaughn@outlook.com,Australia,2025-04-06,Standard,392.12
9902,John Atkinson,john.atkinson@yahoo.com,Germany,2021-08-16,Standard,423.27
9903,Robin Diaz,robin.diaz@outlook.com,USA,2023-07-19,Standard,446.74
9904,Kaitlyn Rich,kaitlyn.rich@yahoo.com,USA,2021-04-15,Standard,392.2
9905,Douglas Morris,douglas.morris@protonmail.com,Germany,2025-05-24,Premium,1012.62
9906,Jill Roberson,jill.roberson@icloud.com,UK,2021-07-12,Premium,1541.0
9907,Patricia Colon,patricia.colon@outlook.com,India,2023-01-23,Standard,245.28
9908,Paul Smith,paul.smith@outlook.com,USA,2021-12-23,Basic,90.47
9909,Sarah Robinson,sarah.robinson@yahoo.com,UK,2025-12-24,Standard,111.43
9910,Michael Krause,michael.krause@protonmail.com,USA,2022-02-25,Standard,194.04
9911,Stephanie Banks,stephanie.banks@icloud.com,USA,2024-09-26,Basic,98.03
9912,Katie Orozco,katie.orozco@protonmail.com,USA,2021-05-29,Basic,62.52
9913,Eric Allison,eric.allison@icloud.com,France,2023-02-02,Basic,66.63
9914,Jacqueline Neal,jacqueline.neal@yahoo.com,Germany,2021-11-25,Standard,363.7
9915,Christine Glenn,christine.glenn@outlook.com,Netherlands,2024-08-27,Basic,53.87
9916,Becky Roberts,becky.roberts@gmail.com,Canada,2020-06-13,Standard,247.93
9917,Melissa Gordon,melissa.gordon@gmail.com,Canada,2025-10-27,Standard,357.89
9918,Jeffrey Smith,jeffrey.smith@icloud.com,UK,2023-04-20,Basic,56.61
9919,Roberta Rodgers,roberta.rodgers@outlook.com,France,2024-02-12,Standard,118.31
9920,Caroline Pacheco,caroline.pacheco@yahoo.com,Netherlands,2022-02-19,Basic,88.08
9921,Lisa Stewart,lisa.stewart@icloud.com,India,2022-04-04,Basic,96.68
9922,Jeremy Hernandez,jeremy.hernandez@gmail.com,USA,2025-05-04,Standard,263.88
9923,Micheal Jones,micheal.jones@protonmail.com,India,2024-10-24,Standard,189.58
9924,Thomas Diaz,thomas.diaz@gmail.com,USA,2024-11-28,Basic,68.81
9925,Lindsey Pierce,lindsey.pierce@protonmail.com,USA,2024-01-23,Standard,482.65
9926,Paul Carter,paul.carter@protonmail.com,India,2021-04-15,Standard,192.78
9927,Jennifer Sanchez,jennifer.sanchez@hotmail.com,Japan,2025-11-24,Premium,1964.28
9928,Elizabeth Walls,elizabeth.walls@hotmail.com,USA,2023-09-21,Basic,13.07
9929,Michelle Hall,michelle.hall@protonmail.com,USA,2025-12-03,Basic,46.83
9930,Andrea Davis,andrea.davis1@icloud.com,Mexico,2024-03-06,Premium,4915.6
9931,Mark Wilkins,mark.wilkins@outlook.com,USA,2022-09-28,Basic,81.41
9932,Nicole Hill,nicole.hill@icloud.com,USA,2024-07-02,Basic,71.96
9933,Victor Green,victor.green@yahoo.com,India,2025-04-17,Premium,2831.42
9934,Victoria Henry,victoria.henry@hotmail.com,Japan,2020-05-19,Standard,270.05
9935,Lori Richards,lori.richards@yahoo.com,UK,2023-01-02,Standard,424.34
9936,Roger Haley,roger.haley@outlook.com,Germany,2024-03-20,Basic,52.62
9937,Luke Wright,luke.wright@outlook.com,USA,2023-08-29,Standard,113.78
9938,Matthew Garner,matthew.garner@gmail.com,USA,2022-05-05,Premium,1687.21
9939,Robin Rodriguez,robin.rodriguez@protonmail.com,Canada,2024-02-18,Standard,425.37
9940,Amy Jones,amy.jones1@gmail.com,Japan,2025-07-17,Standard,282.51
1,Shane Vasquez,shane.vasquez@protonmail.com,USA,2024-02-18,Premium,2813.44
2,Lindsay Anderson,lindsay.anderson@hotmail.com,USA,2025-04-08,Standard,150.63
3,Brittany Hubbard,brittany.hubbard@gmail.com,USA,2021-07-12,Premium,3568.03
4,Tyler Garcia,tyler.garcia@protonmail.com,USA,2022-01-21,Basic,15.06
5,Michael Moore,michael.moore@outlook.com,USA,2021-09-27,Basic,28.61
6,Melissa Fowler,melissa.fowler@gmail.com,USA,2023-02-26,Basic,96.59
7,Kathryn Burnett,kathryn.burnett@outlook.com,Australia,2024-03-06,Premium,3580.73
8,Steven Perez,steven.perez@yahoo.com,USA,2022-10-25,Standard,231.52
9,Patrick Hernandez,patrick.hernandez@yahoo.com,India,2023-06-19,Basic,59.87
10,Kristin Graham,kristin.graham@yahoo.com,Germany,2024-03-14,Standard,218.4
9951,Joanna Ewing,,Japan,2024-12-18,Premium,1731.0
9952,Kelsey Henderson,,Netherlands,2024-10-24,Premium,2908.09
9953,Steven Thomas,,USA,2024-08-24,Standard,282.9
9954,Michael Alexander,,USA,2025-08-03,Standard,316.04
9955,Anthony Harris,,Canada,2024-06-25,Basic,82.26
9956,Margaret Marshall,,USA,2025-11-18,Basic,33.0
9957,Michael Trujillo,,USA,2025-02-19,Basic,83.01
9958,Karen Castillo,,USA,2025-03-19,Basic,87.96
9959,Wanda Goodwin,,Mexico,2021-02-07,Standard,136.4
9960,Timothy Sharp,,USA,2024-03-07,Premium,553.31
9961,Jay Tucker,,UK,2023-09-30,Premium,2287.17
9962,Kurt Perez,,UK,2021-12-12,Basic,42.88
9963,Allen Lopez,,India,2024-09-14,Standard,373.25
9964,Scott Nicholson,,USA,2022-04-29,Basic,90.34
9965,Mary Gordon,,Brazil,2024-05-25,Premium,2981.21
9966,Mark Stevens,,India,2025-05-26,Premium,2459.04
9967,Herbert Williams,,UK,2023-01-20,Basic,37.92
9968,Anna Cook,,USA,2025-12-13,Basic,84.83
9969,Kaylee Foster,,France,2024-11-18,Basic,74.16
9970,Allison Zavala,,Canada,2025-08-27,Premium,4543.65
9971,Patricia Lopez,,UK,2021-07-16,Standard,466.39
9972,Zachary Evans,,USA,2025-06-01,Standard,339.05
9973,Brandon Butler,,USA,2020-06-21,Basic,11.71
9974,John Smith,,USA,2025-03-14,Standard,471.14
9975,Denise Bennett,,USA,2020-08-06,Standard,118.63
9976,Jamie Mendoza,,USA,2021-12-20,Premium,4676.0
9977,Carlos Davenport,,USA,2022-09-17,Basic,35.48
9978,Jamie Morgan,,Japan,2024-04-17,Premium,4393.64
9979,Jessica Rasmussen,,Australia,2025-01-23,Basic,31.36
9980,Richard Butler,,Japan,2024-03-01,Premium,3723.48
9981,Devon Munoz,,Germany,2024-05-19,Standard,466.38
9982,Jeffery Rice,,Germany,2022-10-21,Basic,98.62
9983,Jennifer Huff,,USA,2025-04-20,Standard,289.97
9984,Catherine Russell,,India,2023-08-29,Standard,489.9
9985,Emily Johnson,,USA,2025-05-06,Standard,230.74
9986,Jose Sellers,,UK,2024-08-17,Standard,366.11
9987,Alexandra Long,,Netherlands,2023-03-10,Basic,50.9
9988,Erin Thompson,,Brazil,2023-05-18,Standard,268.45
9989,Heather Deleon,,USA,2024-02-21,Premium,3416.65
9990,Kimberly Green,,Canada,2025-03-10,Basic,12.29
9991,Michael Johnson,,USA,2024-06-30,Premium,673.7
9992,Alicia Flowers,,USA,2025-09-01,Standard,337.74
9993,Kelsey Wells,,USA,2025-07-26,Basic,18.57
9994,Becky Harmon,,USA,2023-02-15,Basic,69.88
9995,Susan Murphy,,India,2024-01-12,Premium,1021.58
9996,Melissa Patterson,,USA,2024-10-06,Standard,166.79
9997,Jonathan Smith,,USA,2022-06-30,Standard,139.4
9998,James Douglas,,UAE,2025-03-27,Standard,451.75
9999,Marc Cole,,UK,2022-10-02,Basic,26.97
10000,Jillian Porter,,UK,2024-03-19,Standard,289.51
